/*
Navicat MySQL Data Transfer

Source Server         : lumba2
Source Server Version : 50616
Source Host           : 127.0.0.1:3306
Source Database       : sister_siadu

Target Server Type    : MYSQL
Target Server Version : 50616
File Encoding         : 65001

Date: 2015-11-28 10:56:06
*/

SET FOREIGN_KEY_CHECKS=0;

-- ----------------------------
-- Table structure for kon_aksi
-- ----------------------------
DROP TABLE IF EXISTS `kon_aksi`;
CREATE TABLE `kon_aksi` (
  `id_aksi` int(11) NOT NULL AUTO_INCREMENT,
  `aksi` char(1) NOT NULL,
  `keterangan` text NOT NULL,
  PRIMARY KEY (`id_aksi`)
) ENGINE=InnoDB AUTO_INCREMENT=6 DEFAULT CHARSET=latin1;

-- ----------------------------
-- Records of kon_aksi
-- ----------------------------
INSERT INTO `kon_aksi` VALUES ('1', 'r', 'read');
INSERT INTO `kon_aksi` VALUES ('2', 'c', 'create');
INSERT INTO `kon_aksi` VALUES ('3', 'u', 'update');
INSERT INTO `kon_aksi` VALUES ('4', 'd', 'delete');
INSERT INTO `kon_aksi` VALUES ('5', 'p', 'print/report');

-- ----------------------------
-- Table structure for kon_grupmenu
-- ----------------------------
DROP TABLE IF EXISTS `kon_grupmenu`;
CREATE TABLE `kon_grupmenu` (
  `id_grupmenu` int(11) NOT NULL AUTO_INCREMENT,
  `id_katgrupmenu` int(11) NOT NULL,
  `id_modul` int(11) NOT NULL,
  `grupmenu` varchar(50) NOT NULL,
  `size` varchar(20) NOT NULL,
  PRIMARY KEY (`id_grupmenu`)
) ENGINE=InnoDB AUTO_INCREMENT=42 DEFAULT CHARSET=latin1;

-- ----------------------------
-- Records of kon_grupmenu
-- ----------------------------
INSERT INTO `kon_grupmenu` VALUES ('1', '2', '1', 'Menu Kesiswaan', 'four');
INSERT INTO `kon_grupmenu` VALUES ('2', '2', '1', 'Menu Belajar - Mengajar', 'four');
INSERT INTO `kon_grupmenu` VALUES ('3', '1', '1', 'Menu Master', 'four');
INSERT INTO `kon_grupmenu` VALUES ('4', '2', '2', 'Menu Transaksi', 'four');
INSERT INTO `kon_grupmenu` VALUES ('5', '2', '6', 'Transaksi Keuangan Umum', '');
INSERT INTO `kon_grupmenu` VALUES ('6', '1', '6', 'Master Keuangan Umum', '');
INSERT INTO `kon_grupmenu` VALUES ('7', '1', '9', 'Menu Sistem', 'double');
INSERT INTO `kon_grupmenu` VALUES ('8', '2', '9', 'Menu User', 'double');
INSERT INTO `kon_grupmenu` VALUES ('9', '1', '2', 'Menu Master', 'four');
INSERT INTO `kon_grupmenu` VALUES ('14', '1', '3', 'Menu Master ', 'double double-vertic');
INSERT INTO `kon_grupmenu` VALUES ('15', '2', '3', 'Menu Transaksi', 'double double-vertic');
INSERT INTO `kon_grupmenu` VALUES ('16', '1', '5', 'Master HRD', 'four');
INSERT INTO `kon_grupmenu` VALUES ('17', '2', '5', 'Transaksi HRD', 'four');
INSERT INTO `kon_grupmenu` VALUES ('18', '2', '5', 'Penggajian', 'four');
INSERT INTO `kon_grupmenu` VALUES ('19', '1', '7', 'Master Student Service', 'four');
INSERT INTO `kon_grupmenu` VALUES ('20', '2', '7', 'Pembelian', 'four');
INSERT INTO `kon_grupmenu` VALUES ('21', '2', '7', 'Penjualan', '');
INSERT INTO `kon_grupmenu` VALUES ('24', '2', '7', 'Jasa', 'four');
INSERT INTO `kon_grupmenu` VALUES ('25', '2', '7', 'Hutang / Piutang', 'four');
INSERT INTO `kon_grupmenu` VALUES ('26', '2', '7', 'biaya', 'four');
INSERT INTO `kon_grupmenu` VALUES ('27', '2', '7', 'Laporan', 'four');
INSERT INTO `kon_grupmenu` VALUES ('28', '2', '7', 'Setting', '');
INSERT INTO `kon_grupmenu` VALUES ('29', '1', '13', 'Master PO', 'four');
INSERT INTO `kon_grupmenu` VALUES ('30', '2', '13', 'Permintaan', 'four');
INSERT INTO `kon_grupmenu` VALUES ('31', '1', '13', 'Penawaran', 'four');
INSERT INTO `kon_grupmenu` VALUES ('32', '2', '13', 'Pemesanan', 'four');
INSERT INTO `kon_grupmenu` VALUES ('33', '2', '13', 'Pembelian', 'four');
INSERT INTO `kon_grupmenu` VALUES ('34', '2', '13', 'setting', '');
INSERT INTO `kon_grupmenu` VALUES ('35', '1', '4', 'Transaksi Sarpras', 'four');
INSERT INTO `kon_grupmenu` VALUES ('37', '1', '4', 'Master Sarpras', 'four');
INSERT INTO `kon_grupmenu` VALUES ('38', '1', '14', 'setting', 'four');
INSERT INTO `kon_grupmenu` VALUES ('39', '2', '14', 'transaksi', 'four');
INSERT INTO `kon_grupmenu` VALUES ('40', '2', '6', 'Transaksi Keuangan Siswa ', 'four');
INSERT INTO `kon_grupmenu` VALUES ('41', '1', '6', 'Master Keuangan Siswa', '');

-- ----------------------------
-- Table structure for kon_grupmodul
-- ----------------------------
DROP TABLE IF EXISTS `kon_grupmodul`;
CREATE TABLE `kon_grupmodul` (
  `id_grupmodul` int(11) NOT NULL AUTO_INCREMENT,
  `grupmodul` varchar(50) NOT NULL,
  `size` varchar(20) NOT NULL,
  PRIMARY KEY (`id_grupmodul`)
) ENGINE=InnoDB AUTO_INCREMENT=4 DEFAULT CHARSET=latin1;

-- ----------------------------
-- Records of kon_grupmodul
-- ----------------------------
INSERT INTO `kon_grupmodul` VALUES ('1', 'satu', 'four');
INSERT INTO `kon_grupmodul` VALUES ('2', 'dua', 'four');
INSERT INTO `kon_grupmodul` VALUES ('3', 'tiga', 'four');

-- ----------------------------
-- Table structure for kon_icon
-- ----------------------------
DROP TABLE IF EXISTS `kon_icon`;
CREATE TABLE `kon_icon` (
  `id_icon` int(11) NOT NULL AUTO_INCREMENT,
  `icon` varchar(25) NOT NULL,
  PRIMARY KEY (`id_icon`)
) ENGINE=InnoDB AUTO_INCREMENT=21 DEFAULT CHARSET=latin1;

-- ----------------------------
-- Records of kon_icon
-- ----------------------------
INSERT INTO `kon_icon` VALUES ('1', 'akademik');
INSERT INTO `kon_icon` VALUES ('2', 'sarpras');
INSERT INTO `kon_icon` VALUES ('3', 'hrd');
INSERT INTO `kon_icon` VALUES ('4', 'psb');
INSERT INTO `kon_icon` VALUES ('5', 'keuangan');
INSERT INTO `kon_icon` VALUES ('6', 'student');
INSERT INTO `kon_icon` VALUES ('7', 'perpus');
INSERT INTO `kon_icon` VALUES ('8', 'manajemen');
INSERT INTO `kon_icon` VALUES ('9', 'pencil');
INSERT INTO `kon_icon` VALUES ('10', 'address-book');
INSERT INTO `kon_icon` VALUES ('11', 'book');
INSERT INTO `kon_icon` VALUES ('12', 'copy');
INSERT INTO `kon_icon` VALUES ('13', 'user-3');
INSERT INTO `kon_icon` VALUES ('14', 'user');
INSERT INTO `kon_icon` VALUES ('15', 'grid-view');
INSERT INTO `kon_icon` VALUES ('16', 'tab');
INSERT INTO `kon_icon` VALUES ('17', 'cog');
INSERT INTO `kon_icon` VALUES ('18', 'user-2');
INSERT INTO `kon_icon` VALUES ('20', 'loop');

-- ----------------------------
-- Table structure for kon_katgrupmenu
-- ----------------------------
DROP TABLE IF EXISTS `kon_katgrupmenu`;
CREATE TABLE `kon_katgrupmenu` (
  `id_katgrupmenu` int(11) NOT NULL AUTO_INCREMENT,
  `katgrupmenu` char(1) NOT NULL,
  `keterangan` text NOT NULL,
  PRIMARY KEY (`id_katgrupmenu`)
) ENGINE=InnoDB AUTO_INCREMENT=3 DEFAULT CHARSET=latin1;

-- ----------------------------
-- Records of kon_katgrupmenu
-- ----------------------------
INSERT INTO `kon_katgrupmenu` VALUES ('1', 'M', 'Master');
INSERT INTO `kon_katgrupmenu` VALUES ('2', 'T', 'Transaksi');

-- ----------------------------
-- Table structure for kon_level
-- ----------------------------
DROP TABLE IF EXISTS `kon_level`;
CREATE TABLE `kon_level` (
  `id_level` int(11) NOT NULL AUTO_INCREMENT,
  `level` varchar(20) NOT NULL,
  `urutan` int(11) NOT NULL,
  `keterangan` text NOT NULL,
  PRIMARY KEY (`id_level`)
) ENGINE=InnoDB AUTO_INCREMENT=22 DEFAULT CHARSET=latin1;

-- ----------------------------
-- Records of kon_level
-- ----------------------------
INSERT INTO `kon_level` VALUES ('17', 'SA', '1', 'Super Admin');
INSERT INTO `kon_level` VALUES ('18', 'A+', '2', 'Admin Plus');
INSERT INTO `kon_level` VALUES ('19', 'A', '3', 'Admin');
INSERT INTO `kon_level` VALUES ('20', 'O', '4', 'Operator');
INSERT INTO `kon_level` VALUES ('21', 'G', '5', 'Guest');

-- ----------------------------
-- Table structure for kon_levelaksi
-- ----------------------------
DROP TABLE IF EXISTS `kon_levelaksi`;
CREATE TABLE `kon_levelaksi` (
  `id_levelaksi` int(11) NOT NULL AUTO_INCREMENT,
  `id_levelkatgrupmenu` int(11) NOT NULL,
  `id_aksi` int(11) NOT NULL,
  PRIMARY KEY (`id_levelaksi`),
  KEY `id_levelkatgrupmenu` (`id_levelkatgrupmenu`),
  KEY `id_aksi` (`id_aksi`),
  CONSTRAINT `kon_levelaksi_ibfk_1` FOREIGN KEY (`id_levelkatgrupmenu`) REFERENCES `kon_levelkatgrupmenu` (`id_levelkatgrupmenu`) ON DELETE CASCADE ON UPDATE CASCADE,
  CONSTRAINT `kon_levelaksi_ibfk_2` FOREIGN KEY (`id_aksi`) REFERENCES `kon_aksi` (`id_aksi`) ON DELETE CASCADE ON UPDATE CASCADE
) ENGINE=InnoDB AUTO_INCREMENT=450 DEFAULT CHARSET=latin1;

-- ----------------------------
-- Records of kon_levelaksi
-- ----------------------------
INSERT INTO `kon_levelaksi` VALUES ('221', '53', '1');
INSERT INTO `kon_levelaksi` VALUES ('222', '54', '1');
INSERT INTO `kon_levelaksi` VALUES ('223', '53', '2');
INSERT INTO `kon_levelaksi` VALUES ('224', '54', '2');
INSERT INTO `kon_levelaksi` VALUES ('225', '53', '3');
INSERT INTO `kon_levelaksi` VALUES ('226', '54', '3');
INSERT INTO `kon_levelaksi` VALUES ('227', '53', '4');
INSERT INTO `kon_levelaksi` VALUES ('228', '54', '4');
INSERT INTO `kon_levelaksi` VALUES ('229', '53', '5');
INSERT INTO `kon_levelaksi` VALUES ('230', '54', '5');
INSERT INTO `kon_levelaksi` VALUES ('231', '55', '1');
INSERT INTO `kon_levelaksi` VALUES ('232', '56', '1');
INSERT INTO `kon_levelaksi` VALUES ('233', '55', '2');
INSERT INTO `kon_levelaksi` VALUES ('234', '56', '2');
INSERT INTO `kon_levelaksi` VALUES ('235', '55', '3');
INSERT INTO `kon_levelaksi` VALUES ('236', '56', '3');
INSERT INTO `kon_levelaksi` VALUES ('237', '55', '4');
INSERT INTO `kon_levelaksi` VALUES ('238', '56', '4');
INSERT INTO `kon_levelaksi` VALUES ('239', '55', '5');
INSERT INTO `kon_levelaksi` VALUES ('240', '56', '5');
INSERT INTO `kon_levelaksi` VALUES ('355', '57', '1');
INSERT INTO `kon_levelaksi` VALUES ('356', '58', '1');
INSERT INTO `kon_levelaksi` VALUES ('357', '57', '2');
INSERT INTO `kon_levelaksi` VALUES ('358', '57', '3');
INSERT INTO `kon_levelaksi` VALUES ('359', '57', '4');
INSERT INTO `kon_levelaksi` VALUES ('360', '57', '5');
INSERT INTO `kon_levelaksi` VALUES ('361', '58', '5');
INSERT INTO `kon_levelaksi` VALUES ('362', '59', '1');
INSERT INTO `kon_levelaksi` VALUES ('363', '60', '1');
INSERT INTO `kon_levelaksi` VALUES ('364', '59', '2');
INSERT INTO `kon_levelaksi` VALUES ('365', '59', '3');
INSERT INTO `kon_levelaksi` VALUES ('366', '59', '4');
INSERT INTO `kon_levelaksi` VALUES ('367', '59', '5');
INSERT INTO `kon_levelaksi` VALUES ('368', '60', '5');
INSERT INTO `kon_levelaksi` VALUES ('419', '61', '1');
INSERT INTO `kon_levelaksi` VALUES ('420', '61', '2');
INSERT INTO `kon_levelaksi` VALUES ('421', '61', '3');
INSERT INTO `kon_levelaksi` VALUES ('422', '61', '4');
INSERT INTO `kon_levelaksi` VALUES ('423', '61', '5');
INSERT INTO `kon_levelaksi` VALUES ('424', '63', '1');
INSERT INTO `kon_levelaksi` VALUES ('425', '63', '2');
INSERT INTO `kon_levelaksi` VALUES ('426', '63', '3');
INSERT INTO `kon_levelaksi` VALUES ('427', '63', '4');
INSERT INTO `kon_levelaksi` VALUES ('428', '63', '5');
INSERT INTO `kon_levelaksi` VALUES ('442', '67', '1');
INSERT INTO `kon_levelaksi` VALUES ('443', '67', '2');
INSERT INTO `kon_levelaksi` VALUES ('444', '67', '3');
INSERT INTO `kon_levelaksi` VALUES ('445', '67', '4');
INSERT INTO `kon_levelaksi` VALUES ('446', '67', '5');
INSERT INTO `kon_levelaksi` VALUES ('448', '71', '1');
INSERT INTO `kon_levelaksi` VALUES ('449', '71', '5');

-- ----------------------------
-- Table structure for kon_levelkatgrupmenu
-- ----------------------------
DROP TABLE IF EXISTS `kon_levelkatgrupmenu`;
CREATE TABLE `kon_levelkatgrupmenu` (
  `id_levelkatgrupmenu` int(11) NOT NULL AUTO_INCREMENT,
  `id_level` int(11) NOT NULL,
  `id_katgrupmenu` int(11) NOT NULL,
  `isDefault` int(1) NOT NULL DEFAULT '1',
  PRIMARY KEY (`id_levelkatgrupmenu`),
  KEY `id_level` (`id_level`),
  KEY `id_katgrupmenu` (`id_katgrupmenu`),
  CONSTRAINT `kon_levelkatgrupmenu_ibfk_1` FOREIGN KEY (`id_level`) REFERENCES `kon_level` (`id_level`) ON DELETE CASCADE ON UPDATE CASCADE,
  CONSTRAINT `kon_levelkatgrupmenu_ibfk_2` FOREIGN KEY (`id_katgrupmenu`) REFERENCES `kon_katgrupmenu` (`id_katgrupmenu`) ON DELETE CASCADE ON UPDATE CASCADE
) ENGINE=InnoDB AUTO_INCREMENT=73 DEFAULT CHARSET=latin1;

-- ----------------------------
-- Records of kon_levelkatgrupmenu
-- ----------------------------
INSERT INTO `kon_levelkatgrupmenu` VALUES ('53', '17', '1', '1');
INSERT INTO `kon_levelkatgrupmenu` VALUES ('54', '17', '1', '0');
INSERT INTO `kon_levelkatgrupmenu` VALUES ('55', '17', '2', '1');
INSERT INTO `kon_levelkatgrupmenu` VALUES ('56', '17', '2', '0');
INSERT INTO `kon_levelkatgrupmenu` VALUES ('57', '18', '1', '1');
INSERT INTO `kon_levelkatgrupmenu` VALUES ('58', '18', '1', '0');
INSERT INTO `kon_levelkatgrupmenu` VALUES ('59', '18', '2', '1');
INSERT INTO `kon_levelkatgrupmenu` VALUES ('60', '18', '2', '0');
INSERT INTO `kon_levelkatgrupmenu` VALUES ('61', '19', '1', '1');
INSERT INTO `kon_levelkatgrupmenu` VALUES ('62', '19', '1', '0');
INSERT INTO `kon_levelkatgrupmenu` VALUES ('63', '19', '2', '1');
INSERT INTO `kon_levelkatgrupmenu` VALUES ('64', '19', '2', '0');
INSERT INTO `kon_levelkatgrupmenu` VALUES ('65', '20', '1', '1');
INSERT INTO `kon_levelkatgrupmenu` VALUES ('66', '20', '1', '0');
INSERT INTO `kon_levelkatgrupmenu` VALUES ('67', '20', '2', '1');
INSERT INTO `kon_levelkatgrupmenu` VALUES ('68', '20', '2', '0');
INSERT INTO `kon_levelkatgrupmenu` VALUES ('69', '21', '1', '1');
INSERT INTO `kon_levelkatgrupmenu` VALUES ('70', '21', '1', '0');
INSERT INTO `kon_levelkatgrupmenu` VALUES ('71', '21', '2', '1');
INSERT INTO `kon_levelkatgrupmenu` VALUES ('72', '21', '2', '0');

-- ----------------------------
-- Table structure for kon_login
-- ----------------------------
DROP TABLE IF EXISTS `kon_login`;
CREATE TABLE `kon_login` (
  `id_login` int(11) NOT NULL AUTO_INCREMENT,
  `nama` varchar(100) NOT NULL,
  `username` varchar(20) NOT NULL,
  `password` varchar(128) NOT NULL,
  `id_level` int(11) NOT NULL,
  `pegawai` int(10) unsigned NOT NULL DEFAULT '0',
  `aktif` enum('1','0') NOT NULL DEFAULT '1',
  `bahasa` varchar(2) NOT NULL DEFAULT '',
  `tlogin` datetime NOT NULL DEFAULT '0000-00-00 00:00:00',
  PRIMARY KEY (`id_login`),
  KEY `id_level` (`id_level`),
  CONSTRAINT `kon_login_ibfk_1` FOREIGN KEY (`id_level`) REFERENCES `kon_level` (`id_level`)
) ENGINE=InnoDB AUTO_INCREMENT=18 DEFAULT CHARSET=latin1;

-- ----------------------------
-- Records of kon_login
-- ----------------------------
INSERT INTO `kon_login` VALUES ('17', 'Mr. Admin', 'admin', 'MjEyMzJmMjk3YTU3YTVhNzQzODk0YTBlNGE4MDFmYzM=', '17', '0', '1', '', '0000-00-00 00:00:00');

-- ----------------------------
-- Table structure for kon_logindepartemen
-- ----------------------------
DROP TABLE IF EXISTS `kon_logindepartemen`;
CREATE TABLE `kon_logindepartemen` (
  `id_logindepartemen` int(11) NOT NULL AUTO_INCREMENT,
  `id_login` int(11) NOT NULL,
  `id_departemen` int(11) NOT NULL,
  PRIMARY KEY (`id_logindepartemen`),
  KEY `id_login` (`id_login`) USING BTREE,
  KEY `id_departemen` (`id_departemen`) USING BTREE,
  CONSTRAINT `id_login_FK2` FOREIGN KEY (`id_login`) REFERENCES `kon_login` (`id_login`) ON DELETE CASCADE ON UPDATE CASCADE
) ENGINE=InnoDB AUTO_INCREMENT=13 DEFAULT CHARSET=latin1;

-- ----------------------------
-- Records of kon_logindepartemen
-- ----------------------------
INSERT INTO `kon_logindepartemen` VALUES ('10', '17', '1');
INSERT INTO `kon_logindepartemen` VALUES ('11', '17', '2');
INSERT INTO `kon_logindepartemen` VALUES ('12', '17', '3');

-- ----------------------------
-- Table structure for kon_loginhistory
-- ----------------------------
DROP TABLE IF EXISTS `kon_loginhistory`;
CREATE TABLE `kon_loginhistory` (
  `id_loginhistory` int(11) NOT NULL AUTO_INCREMENT,
  `id_login` int(11) NOT NULL,
  `date` datetime NOT NULL,
  PRIMARY KEY (`id_loginhistory`),
  KEY `id_login` (`id_login`) USING BTREE,
  CONSTRAINT `kon_loginhistory_ibfk_1` FOREIGN KEY (`id_login`) REFERENCES `kon_login` (`id_login`) ON DELETE CASCADE ON UPDATE CASCADE
) ENGINE=InnoDB AUTO_INCREMENT=129 DEFAULT CHARSET=latin1;

-- ----------------------------
-- Records of kon_loginhistory
-- ----------------------------
INSERT INTO `kon_loginhistory` VALUES ('23', '17', '2015-11-02 04:34:36');
INSERT INTO `kon_loginhistory` VALUES ('24', '17', '2015-11-02 04:34:36');
INSERT INTO `kon_loginhistory` VALUES ('25', '17', '2015-11-02 04:40:03');
INSERT INTO `kon_loginhistory` VALUES ('26', '17', '2015-11-02 04:40:03');
INSERT INTO `kon_loginhistory` VALUES ('27', '17', '2015-11-02 05:16:52');
INSERT INTO `kon_loginhistory` VALUES ('28', '17', '2015-11-02 05:16:52');
INSERT INTO `kon_loginhistory` VALUES ('29', '17', '2015-11-02 17:29:56');
INSERT INTO `kon_loginhistory` VALUES ('30', '17', '2015-11-02 17:29:56');
INSERT INTO `kon_loginhistory` VALUES ('31', '17', '2015-11-02 19:58:49');
INSERT INTO `kon_loginhistory` VALUES ('32', '17', '2015-11-02 19:58:49');
INSERT INTO `kon_loginhistory` VALUES ('33', '17', '2015-11-03 17:20:18');
INSERT INTO `kon_loginhistory` VALUES ('34', '17', '2015-11-03 17:20:18');
INSERT INTO `kon_loginhistory` VALUES ('35', '17', '2015-11-03 21:30:44');
INSERT INTO `kon_loginhistory` VALUES ('36', '17', '2015-11-03 21:30:44');
INSERT INTO `kon_loginhistory` VALUES ('37', '17', '2015-11-04 11:15:00');
INSERT INTO `kon_loginhistory` VALUES ('38', '17', '2015-11-04 11:15:00');
INSERT INTO `kon_loginhistory` VALUES ('39', '17', '2015-11-08 12:33:31');
INSERT INTO `kon_loginhistory` VALUES ('40', '17', '2015-11-08 12:33:31');
INSERT INTO `kon_loginhistory` VALUES ('41', '17', '2015-11-09 09:28:29');
INSERT INTO `kon_loginhistory` VALUES ('42', '17', '2015-11-09 09:28:29');
INSERT INTO `kon_loginhistory` VALUES ('43', '17', '2015-11-09 12:40:28');
INSERT INTO `kon_loginhistory` VALUES ('44', '17', '2015-11-09 12:40:28');
INSERT INTO `kon_loginhistory` VALUES ('45', '17', '2015-11-09 14:28:51');
INSERT INTO `kon_loginhistory` VALUES ('46', '17', '2015-11-09 14:28:51');
INSERT INTO `kon_loginhistory` VALUES ('47', '17', '2015-11-10 03:38:29');
INSERT INTO `kon_loginhistory` VALUES ('48', '17', '2015-11-10 03:38:29');
INSERT INTO `kon_loginhistory` VALUES ('49', '17', '2015-11-10 19:00:27');
INSERT INTO `kon_loginhistory` VALUES ('50', '17', '2015-11-10 19:00:27');
INSERT INTO `kon_loginhistory` VALUES ('51', '17', '2015-11-11 16:26:56');
INSERT INTO `kon_loginhistory` VALUES ('52', '17', '2015-11-11 16:26:56');
INSERT INTO `kon_loginhistory` VALUES ('53', '17', '2015-11-12 12:27:39');
INSERT INTO `kon_loginhistory` VALUES ('54', '17', '2015-11-12 12:27:39');
INSERT INTO `kon_loginhistory` VALUES ('55', '17', '2015-11-12 21:56:31');
INSERT INTO `kon_loginhistory` VALUES ('56', '17', '2015-11-12 21:56:31');
INSERT INTO `kon_loginhistory` VALUES ('57', '17', '2015-11-13 11:34:49');
INSERT INTO `kon_loginhistory` VALUES ('58', '17', '2015-11-13 11:34:49');
INSERT INTO `kon_loginhistory` VALUES ('59', '17', '2015-11-13 15:50:28');
INSERT INTO `kon_loginhistory` VALUES ('60', '17', '2015-11-13 15:50:28');
INSERT INTO `kon_loginhistory` VALUES ('61', '17', '2015-11-13 15:50:51');
INSERT INTO `kon_loginhistory` VALUES ('62', '17', '2015-11-13 15:50:52');
INSERT INTO `kon_loginhistory` VALUES ('63', '17', '2015-11-14 00:08:16');
INSERT INTO `kon_loginhistory` VALUES ('64', '17', '2015-11-14 00:08:16');
INSERT INTO `kon_loginhistory` VALUES ('65', '17', '2015-11-14 17:46:51');
INSERT INTO `kon_loginhistory` VALUES ('66', '17', '2015-11-14 17:46:51');
INSERT INTO `kon_loginhistory` VALUES ('67', '17', '2015-11-15 09:06:18');
INSERT INTO `kon_loginhistory` VALUES ('68', '17', '2015-11-15 09:06:18');
INSERT INTO `kon_loginhistory` VALUES ('69', '17', '2015-11-15 09:06:39');
INSERT INTO `kon_loginhistory` VALUES ('70', '17', '2015-11-15 09:06:39');
INSERT INTO `kon_loginhistory` VALUES ('71', '17', '2015-11-15 22:11:56');
INSERT INTO `kon_loginhistory` VALUES ('72', '17', '2015-11-15 22:11:56');
INSERT INTO `kon_loginhistory` VALUES ('73', '17', '2015-11-16 10:02:28');
INSERT INTO `kon_loginhistory` VALUES ('74', '17', '2015-11-16 10:02:28');
INSERT INTO `kon_loginhistory` VALUES ('75', '17', '2015-11-16 14:36:09');
INSERT INTO `kon_loginhistory` VALUES ('76', '17', '2015-11-16 14:36:09');
INSERT INTO `kon_loginhistory` VALUES ('77', '17', '2015-11-17 13:32:59');
INSERT INTO `kon_loginhistory` VALUES ('78', '17', '2015-11-17 13:32:59');
INSERT INTO `kon_loginhistory` VALUES ('79', '17', '2015-11-17 22:48:21');
INSERT INTO `kon_loginhistory` VALUES ('80', '17', '2015-11-17 22:48:21');
INSERT INTO `kon_loginhistory` VALUES ('81', '17', '2015-11-18 02:14:42');
INSERT INTO `kon_loginhistory` VALUES ('82', '17', '2015-11-18 02:14:42');
INSERT INTO `kon_loginhistory` VALUES ('83', '17', '2015-11-18 16:35:28');
INSERT INTO `kon_loginhistory` VALUES ('84', '17', '2015-11-18 16:35:28');
INSERT INTO `kon_loginhistory` VALUES ('85', '17', '2015-11-20 04:52:38');
INSERT INTO `kon_loginhistory` VALUES ('86', '17', '2015-11-20 04:52:38');
INSERT INTO `kon_loginhistory` VALUES ('87', '17', '2015-11-20 21:31:50');
INSERT INTO `kon_loginhistory` VALUES ('88', '17', '2015-11-20 21:31:50');
INSERT INTO `kon_loginhistory` VALUES ('89', '17', '2015-11-21 16:35:53');
INSERT INTO `kon_loginhistory` VALUES ('90', '17', '2015-11-21 20:06:21');
INSERT INTO `kon_loginhistory` VALUES ('91', '17', '2015-11-21 20:06:21');
INSERT INTO `kon_loginhistory` VALUES ('92', '17', '2015-11-21 22:51:06');
INSERT INTO `kon_loginhistory` VALUES ('93', '17', '2015-11-21 22:51:06');
INSERT INTO `kon_loginhistory` VALUES ('94', '17', '2015-11-22 01:51:03');
INSERT INTO `kon_loginhistory` VALUES ('95', '17', '2015-11-22 09:36:46');
INSERT INTO `kon_loginhistory` VALUES ('96', '17', '2015-11-22 09:36:46');
INSERT INTO `kon_loginhistory` VALUES ('97', '17', '2015-11-22 11:37:07');
INSERT INTO `kon_loginhistory` VALUES ('98', '17', '2015-11-22 11:37:07');
INSERT INTO `kon_loginhistory` VALUES ('99', '17', '2015-11-22 13:15:46');
INSERT INTO `kon_loginhistory` VALUES ('100', '17', '2015-11-22 13:15:46');
INSERT INTO `kon_loginhistory` VALUES ('101', '17', '2015-11-22 14:15:26');
INSERT INTO `kon_loginhistory` VALUES ('102', '17', '2015-11-22 14:15:26');
INSERT INTO `kon_loginhistory` VALUES ('103', '17', '2015-11-22 14:27:21');
INSERT INTO `kon_loginhistory` VALUES ('104', '17', '2015-11-22 14:27:21');
INSERT INTO `kon_loginhistory` VALUES ('105', '17', '2015-11-22 15:57:51');
INSERT INTO `kon_loginhistory` VALUES ('106', '17', '2015-11-22 15:57:51');
INSERT INTO `kon_loginhistory` VALUES ('107', '17', '2015-11-22 11:44:47');
INSERT INTO `kon_loginhistory` VALUES ('108', '17', '2015-11-22 11:44:47');
INSERT INTO `kon_loginhistory` VALUES ('109', '17', '2015-11-23 00:32:06');
INSERT INTO `kon_loginhistory` VALUES ('110', '17', '2015-11-23 00:32:06');
INSERT INTO `kon_loginhistory` VALUES ('111', '17', '2015-11-23 01:40:10');
INSERT INTO `kon_loginhistory` VALUES ('112', '17', '2015-11-23 01:40:10');
INSERT INTO `kon_loginhistory` VALUES ('113', '17', '2015-11-23 15:28:10');
INSERT INTO `kon_loginhistory` VALUES ('114', '17', '2015-11-23 15:28:10');
INSERT INTO `kon_loginhistory` VALUES ('115', '17', '2015-11-23 15:45:13');
INSERT INTO `kon_loginhistory` VALUES ('116', '17', '2015-11-23 15:45:13');
INSERT INTO `kon_loginhistory` VALUES ('117', '17', '2015-11-23 23:54:25');
INSERT INTO `kon_loginhistory` VALUES ('118', '17', '2015-11-23 23:54:25');
INSERT INTO `kon_loginhistory` VALUES ('119', '17', '2015-11-24 01:36:00');
INSERT INTO `kon_loginhistory` VALUES ('120', '17', '2015-11-24 01:36:00');
INSERT INTO `kon_loginhistory` VALUES ('121', '17', '2015-11-24 15:16:22');
INSERT INTO `kon_loginhistory` VALUES ('122', '17', '2015-11-24 15:16:22');
INSERT INTO `kon_loginhistory` VALUES ('123', '17', '2015-11-26 00:29:24');
INSERT INTO `kon_loginhistory` VALUES ('124', '17', '2015-11-26 00:29:24');
INSERT INTO `kon_loginhistory` VALUES ('125', '17', '2015-11-26 22:06:43');
INSERT INTO `kon_loginhistory` VALUES ('126', '17', '2015-11-26 22:06:43');
INSERT INTO `kon_loginhistory` VALUES ('127', '17', '2015-11-27 14:43:48');
INSERT INTO `kon_loginhistory` VALUES ('128', '17', '2015-11-27 14:43:48');

-- ----------------------------
-- Table structure for kon_menu
-- ----------------------------
DROP TABLE IF EXISTS `kon_menu`;
CREATE TABLE `kon_menu` (
  `id_menu` int(11) NOT NULL AUTO_INCREMENT,
  `id_grupmenu` int(11) NOT NULL,
  `menu` varchar(50) NOT NULL,
  `link` varchar(100) NOT NULL,
  `size` enum('','double','double double-vertical') NOT NULL DEFAULT '',
  `id_warna` int(11) NOT NULL,
  `id_icon` int(11) NOT NULL,
  `keterangan` text NOT NULL,
  PRIMARY KEY (`id_menu`)
) ENGINE=InnoDB AUTO_INCREMENT=164 DEFAULT CHARSET=latin1;

-- ----------------------------
-- Records of kon_menu
-- ----------------------------
INSERT INTO `kon_menu` VALUES ('1', '4', 'Siswa', 'siswa', 'double', '7', '9', '');
INSERT INTO `kon_menu` VALUES ('2', '1', 'Presensi Siswa', 'presensi-siswa', 'double', '44', '10', '');
INSERT INTO `kon_menu` VALUES ('3', '1', 'Rapor Siswa', 'rapor-siswa', 'double', '3', '11', '');
INSERT INTO `kon_menu` VALUES ('4', '1', 'Pendataan Alumni', 'pendataan-alumni', 'double', '4', '12', '');
INSERT INTO `kon_menu` VALUES ('8', '5', 'Transaksi', 'transaksi', 'double', '8', '16', '');
INSERT INTO `kon_menu` VALUES ('10', '40', 'Penerimaan Siswa', 'penerimaan-siswa', 'double', '10', '18', '');
INSERT INTO `kon_menu` VALUES ('13', '6', 'Saldo Rekening', 'saldo-rekening', '', '13', '13', '');
INSERT INTO `kon_menu` VALUES ('14', '6', 'Kategori Rekening', 'kategori-rekening', '', '14', '14', '');
INSERT INTO `kon_menu` VALUES ('15', '6', 'Detil Rekening', 'detil-rekening', '', '15', '10', '');
INSERT INTO `kon_menu` VALUES ('16', '5', 'Anggaran Tahunan', 'anggaran-tahunan', 'double', '16', '16', '');
INSERT INTO `kon_menu` VALUES ('19', '7', 'Warna', 'warna', '', '4', '17', '');
INSERT INTO `kon_menu` VALUES ('20', '8', 'level', 'level', '', '5', '16', '');
INSERT INTO `kon_menu` VALUES ('21', '8', 'user', 'user', '', '7', '15', '');
INSERT INTO `kon_menu` VALUES ('22', '7', 'Icon', 'icon', '', '4', '13', '');
INSERT INTO `kon_menu` VALUES ('24', '2', 'Detail Kelas', 'detail-kelas', 'double', '11', '15', '');
INSERT INTO `kon_menu` VALUES ('25', '3', 'Departemen', 'departemen', '', '3', '11', '');
INSERT INTO `kon_menu` VALUES ('26', '3', 'Angkatan', 'angkatan', '', '11', '15', '');
INSERT INTO `kon_menu` VALUES ('27', '3', 'Tahun Ajaran', 'tahun-ajaran', '', '16', '17', '');
INSERT INTO `kon_menu` VALUES ('28', '3', 'Tingkat', 'tingkat', '', '12', '18', '');
INSERT INTO `kon_menu` VALUES ('29', '3', 'Sub Tingkat', 'subtingkat', '', '14', '14', '');
INSERT INTO `kon_menu` VALUES ('30', '3', 'Kelas', 'kelas', '', '15', '13', '');
INSERT INTO `kon_menu` VALUES ('31', '3', 'Semester', 'semester', '', '13', '12', '');
INSERT INTO `kon_menu` VALUES ('32', '3', 'Jenis Mutasi', 'jenis-mutasi', '', '11', '10', '');
INSERT INTO `kon_menu` VALUES ('33', '3', 'Guru', 'guru', '', '11', '14', '');
INSERT INTO `kon_menu` VALUES ('34', '3', 'Pelajaran', 'pelajaran', '', '12', '14', '');
INSERT INTO `kon_menu` VALUES ('35', '2', 'Jadwal Pelajaran', 'jadwal-pelajaran', 'double', '15', '15', '');
INSERT INTO `kon_menu` VALUES ('36', '2', 'Presensi Guru', 'presensi-guru', 'double', '18', '12', '');
INSERT INTO `kon_menu` VALUES ('37', '2', 'Kegiatan Akademik', 'kegiatan-akademik', 'double', '14', '14', '');
INSERT INTO `kon_menu` VALUES ('38', '1', 'Mutasi', 'mutasi', 'double', '6', '13', '');
INSERT INTO `kon_menu` VALUES ('39', '3', 'Detail Pelajaran', 'detail-pelajaran', '', '13', '15', '');
INSERT INTO `kon_menu` VALUES ('40', '1', 'Siswa Kelas', 'siswa-kelas', 'double', '13', '15', '');
INSERT INTO `kon_menu` VALUES ('41', '41', 'Biaya', 'biaya', '', '14', '15', '');
INSERT INTO `kon_menu` VALUES ('42', '9', 'Diskon', 'diskon', '', '14', '15', '');
INSERT INTO `kon_menu` VALUES ('43', '41', 'Angsuran', 'angsuran', '', '17', '13', '');
INSERT INTO `kon_menu` VALUES ('44', '9', 'golongan', 'golongan', '', '13', '16', '');
INSERT INTO `kon_menu` VALUES ('45', '7', 'menu', 'menu', '', '14', '16', '');
INSERT INTO `kon_menu` VALUES ('46', '7', 'Grup Modul', 'grup-modul', '', '13', '12', '');
INSERT INTO `kon_menu` VALUES ('47', '7', 'Modul', 'modul', '', '12', '11', '');
INSERT INTO `kon_menu` VALUES ('48', '7', 'Grup Menu', 'grup-menu', '', '16', '13', '');
INSERT INTO `kon_menu` VALUES ('52', '9', 'Gelombang', 'gelombang', '', '16', '10', 'kelompok pendaftaran  (gelombang)');
INSERT INTO `kon_menu` VALUES ('54', '14', 'Perangkat', 'perangkat', '', '16', '10', 'ok');
INSERT INTO `kon_menu` VALUES ('55', '14', 'Lokasi', 'lokasi', '', '16', '10', '');
INSERT INTO `kon_menu` VALUES ('56', '14', 'Jenis Koleksi', 'jenis-koleksi', '', '16', '10', '');
INSERT INTO `kon_menu` VALUES ('57', '14', 'Tingkat Koleksi', 'tingkat-koleksi', '', '13', '10', '');
INSERT INTO `kon_menu` VALUES ('58', '14', 'Klasifikasi', 'klasifikasi', '', '41', '10', '');
INSERT INTO `kon_menu` VALUES ('59', '14', 'Daftar Pengunjung', 'daftar-pengunjung', '', '17', '10', '\r\n');
INSERT INTO `kon_menu` VALUES ('60', '14', 'Daftar Penerbit', 'daftar-penerbit', '', '10', '10', '');
INSERT INTO `kon_menu` VALUES ('61', '14', 'Daftar-Bahasa', 'daftar-bahasa', '', '24', '10', '');
INSERT INTO `kon_menu` VALUES ('62', '14', 'Satuan Mata Uang', 'stuan-mata-uang', '', '8', '10', '\r\n');
INSERT INTO `kon_menu` VALUES ('63', '15', 'Katalog', 'katalog', 'double', '7', '10', '');
INSERT INTO `kon_menu` VALUES ('64', '15', 'Daftar Koleksi', 'daftar-koleksi', 'double', '7', '20', '');
INSERT INTO `kon_menu` VALUES ('65', '15', 'Data Anggota', 'data-anggota', '', '13', '10', '');
INSERT INTO `kon_menu` VALUES ('66', '15', 'Sirkulasi', 'sirkulasi', 'double', '18', '10', '');
INSERT INTO `kon_menu` VALUES ('67', '15', 'Stock Opname', 'stock-opname', 'double', '47', '17', '');
INSERT INTO `kon_menu` VALUES ('68', '15', 'OPAC', 'opac', 'double', '19', '12', '');
INSERT INTO `kon_menu` VALUES ('69', '16', 'Agama', 'agama', '', '16', '10', 'setting data master agama');
INSERT INTO `kon_menu` VALUES ('70', '16', 'Pendidikan', 'pendidikan', 'double', '16', '10', '');
INSERT INTO `kon_menu` VALUES ('71', '16', 'Departemen', 'departemen', '', '13', '10', '');
INSERT INTO `kon_menu` VALUES ('72', '16', 'Jabatan', 'jabatan', 'double', '16', '1', '');
INSERT INTO `kon_menu` VALUES ('73', '16', 'Status Karyawan', 'status-karyawan', 'double', '16', '10', '');
INSERT INTO `kon_menu` VALUES ('74', '16', 'Golongan', 'golongan', 'double', '16', '10', '');
INSERT INTO `kon_menu` VALUES ('75', '17', 'Berkas', 'berkas', 'double', '34', '10', '');
INSERT INTO `kon_menu` VALUES ('76', '17', 'Absensi', 'absensi', 'double', '16', '10', '\r\n');
INSERT INTO `kon_menu` VALUES ('77', '17', 'Cuti', 'cuti', 'double', '7', '10', '');
INSERT INTO `kon_menu` VALUES ('78', '17', 'Pinjaman', 'pinjaman', 'double', '17', '10', '');
INSERT INTO `kon_menu` VALUES ('79', '17', 'Karyawan', 'karyawan', 'double', '27', '12', '');
INSERT INTO `kon_menu` VALUES ('80', '18', 'Penggajian', 'penggajian', 'double', '8', '10', '');
INSERT INTO `kon_menu` VALUES ('81', '18', 'Laporan', 'laporan', '', '10', '12', '');
INSERT INTO `kon_menu` VALUES ('82', '18', 'Setting BPJS', 'setting-bpjs', 'double', '5', '17', '');
INSERT INTO `kon_menu` VALUES ('83', '18', 'Golongan', 'golongan ', 'double', '22', '11', '');
INSERT INTO `kon_menu` VALUES ('84', '18', 'struktural', 'struktural', '', '41', '17', '');
INSERT INTO `kon_menu` VALUES ('85', '18', 'Fungsional', 'Fungsional', 'double', '16', '1', '');
INSERT INTO `kon_menu` VALUES ('86', '18', 'Pengabdian', 'Pengabdian', '', '24', '17', '');
INSERT INTO `kon_menu` VALUES ('87', '18', 'istri anak', 'istri-anak', 'double', '16', '10', '');
INSERT INTO `kon_menu` VALUES ('88', '18', 'uang transport', 'uang-transport', 'double', '16', '10', '');
INSERT INTO `kon_menu` VALUES ('89', '18', 'beban tugas', 'beban-tugas', 'double', '16', '10', '');
INSERT INTO `kon_menu` VALUES ('90', '18', 'wali kelas', 'wali-kelas', 'double', '13', '11', '');
INSERT INTO `kon_menu` VALUES ('91', '19', 'Jenjang', 'jenjang', 'double', '8', '10', '');
INSERT INTO `kon_menu` VALUES ('92', '19', 'Kategori', 'kategori', 'double', '8', '1', '');
INSERT INTO `kon_menu` VALUES ('93', '19', 'produk', 'produk', 'double', '8', '10', '');
INSERT INTO `kon_menu` VALUES ('94', '19', 'produk jasa', 'produk-jasa', 'double', '1', '11', '');
INSERT INTO `kon_menu` VALUES ('95', '19', 'beban biaya', 'beban-biaya', 'double', '8', '10', '');
INSERT INTO `kon_menu` VALUES ('96', '19', 'supplier', 'supplier', 'double', '16', '10', '');
INSERT INTO `kon_menu` VALUES ('97', '19', 'customer', 'customer', 'double', '8', '11', '');
INSERT INTO `kon_menu` VALUES ('98', '20', 'PO Pembelian', 'PO-Pembelian', 'double', '16', '14', '');
INSERT INTO `kon_menu` VALUES ('99', '20', 'Pembelian', 'Pembelian', 'double', '16', '1', '');
INSERT INTO `kon_menu` VALUES ('100', '20', 'laporan pembelian', 'laporan-pembelian', 'double', '1', '12', '');
INSERT INTO `kon_menu` VALUES ('101', '20', 'retur pembelian', 'retur-pembelian', 'double', '16', '1', '');
INSERT INTO `kon_menu` VALUES ('102', '20', 'laporan retur pembelian', 'laporan-retur-pembelian', 'double', '13', '10', '');
INSERT INTO `kon_menu` VALUES ('103', '21', 'PO Penjualan', 'PO-Penjualan', 'double', '27', '17', '');
INSERT INTO `kon_menu` VALUES ('104', '21', 'Penjualan', 'Penjualan', 'double', '20', '1', '');
INSERT INTO `kon_menu` VALUES ('105', '21', 'Retur Penjualaan', 'Retur-Penjualaan', 'double', '16', '10', '');
INSERT INTO `kon_menu` VALUES ('106', '21', 'Laporan Penjualan', 'Laporan-Penjualan', 'double', '16', '10', '');
INSERT INTO `kon_menu` VALUES ('107', '21', 'Laporan Retur Penjualan', 'Laporan-Retur-Penjualan', 'double', '18', '1', '');
INSERT INTO `kon_menu` VALUES ('108', '24', 'Penjualaan Jasa', 'Penjualaan-Jasa', 'double', '16', '1', '\r\n');
INSERT INTO `kon_menu` VALUES ('109', '24', 'Laporan Penjualaan Jasa', 'Laporan-Penjualaan-Jasa', 'double', '16', '10', '');
INSERT INTO `kon_menu` VALUES ('110', '25', 'Hutang', 'hutang', 'double', '16', '10', '');
INSERT INTO `kon_menu` VALUES ('111', '25', 'pembayaran', 'pembayaran', 'double', '16', '10', '');
INSERT INTO `kon_menu` VALUES ('112', '25', 'laporan hutang', 'laporan-hutang', 'double', '16', '10', '');
INSERT INTO `kon_menu` VALUES ('113', '25', 'laporan pembayaran', 'laporan-pembayaran', 'double', '16', '10', '\r\n');
INSERT INTO `kon_menu` VALUES ('114', '26', 'Transaksi Biaya', 'Transaksi-Biaya', 'double', '16', '10', '');
INSERT INTO `kon_menu` VALUES ('115', '26', 'Laporan Biaya', 'Laporan-Biaya', 'double', '16', '10', '');
INSERT INTO `kon_menu` VALUES ('116', '27', 'Laporan Stok', 'Laporan-Stok', 'double', '16', '10', '');
INSERT INTO `kon_menu` VALUES ('117', '27', 'Laporan Laba/Rugi', 'Laporan-Laba/Rugi', 'double', '16', '1', '');
INSERT INTO `kon_menu` VALUES ('119', '27', 'Laporan Pembelian', 'Laporan-Pembelian', 'double', '7', '10', '');
INSERT INTO `kon_menu` VALUES ('120', '27', 'Laporan Retur Pembelian', 'Laporan-Retur-Pembelian', 'double', '16', '10', '');
INSERT INTO `kon_menu` VALUES ('121', '27', 'Laporan Retur Penjualan', 'Laporan-Retur-Penjualan', 'double', '16', '1', '');
INSERT INTO `kon_menu` VALUES ('122', '27', 'Laporan Penjualan', 'Laporan-Penjualan', 'double', '16', '17', '');
INSERT INTO `kon_menu` VALUES ('123', '28', 'User', 'user', 'double', '16', '10', '');
INSERT INTO `kon_menu` VALUES ('124', '28', 'password', 'password', 'double', '16', '10', '');
INSERT INTO `kon_menu` VALUES ('125', '29', 'supplier', 'supplier', 'double', '16', '10', '');
INSERT INTO `kon_menu` VALUES ('126', '30', 'Purchase Requisition', 'Purchase-Requisition', 'double', '16', '1', '');
INSERT INTO `kon_menu` VALUES ('127', '30', 'Laporan Permintaan', 'Laporan-Perrmintaan', 'double', '18', '10', '');
INSERT INTO `kon_menu` VALUES ('128', '30', 'Batal Purchase Requisition', 'Batal-Purchase-Requisition', 'double', '16', '10', '');
INSERT INTO `kon_menu` VALUES ('129', '31', 'Penawaran', 'Penawaran', 'double', '16', '10', '');
INSERT INTO `kon_menu` VALUES ('130', '31', 'Laporan Penawaran', 'Laporan-Penawaran', 'double', '16', '10', '');
INSERT INTO `kon_menu` VALUES ('131', '31', 'Formulir Fisik Penawaran ', 'Formulir-Fisik-Penawaran ', 'double', '16', '10', '');
INSERT INTO `kon_menu` VALUES ('132', '32', 'Purchase Order', 'Purchase-Order', 'double', '16', '10', '');
INSERT INTO `kon_menu` VALUES ('133', '32', 'Laporan Pemesanan', 'Laporan-Pemesanan', 'double', '16', '10', '');
INSERT INTO `kon_menu` VALUES ('134', '32', 'Batal Purchase Order', 'Batal \\-Purchase-Order', 'double', '16', '10', '');
INSERT INTO `kon_menu` VALUES ('135', '33', 'Pembelian', 'Pembelian', 'double', '1', '10', '');
INSERT INTO `kon_menu` VALUES ('136', '33', 'Laporan Pembelian', 'Laporan-Pembelian', 'double', '16', '10', '');
INSERT INTO `kon_menu` VALUES ('137', '33', 'Retur Pembelian', 'Retur-Pembelian', 'double', '16', '10', '');
INSERT INTO `kon_menu` VALUES ('138', '33', 'Laporan Retur PEmbelian', 'Laporan-Retur-PEmbelian', 'double', '16', '1', '');
INSERT INTO `kon_menu` VALUES ('139', '34', 'User', 'User', 'double', '16', '1', '');
INSERT INTO `kon_menu` VALUES ('140', '34', 'password', 'password', 'double', '16', '1', '');
INSERT INTO `kon_menu` VALUES ('141', '37', 'Lokasi', 'lokasi', 'double', '1', '10', '');
INSERT INTO `kon_menu` VALUES ('142', '37', 'Tempat', 'tempat', 'double', '13', '10', '');
INSERT INTO `kon_menu` VALUES ('143', '37', 'Tempat', 'tempat', 'double', '20', '12', '');
INSERT INTO `kon_menu` VALUES ('144', '35', 'Inventaris', 'inventaris', 'double', '8', '15', '');
INSERT INTO `kon_menu` VALUES ('145', '35', 'Peminjaman', 'peminjaman', 'double', '18', '17', '');
INSERT INTO `kon_menu` VALUES ('146', '35', 'aktivitas', 'aktivitas', 'double', '7', '12', '');
INSERT INTO `kon_menu` VALUES ('147', '38', 'user', 'user', 'double', '16', '10', '');
INSERT INTO `kon_menu` VALUES ('148', '39', 'tahap2', 'tahap2', 'double', '16', '10', '\r\n');
INSERT INTO `kon_menu` VALUES ('149', '38', 'password', 'password', 'double', '16', '10', '');
INSERT INTO `kon_menu` VALUES ('150', '39', 'tahap1', 'tahap1', 'double', '16', '10', '');
INSERT INTO `kon_menu` VALUES ('151', '39', 'tahap3', 'tahap3', 'double', '16', '10', '');
INSERT INTO `kon_menu` VALUES ('152', '4', 'Detail Diskon', 'detail-diskon', 'double', '16', '10', '');
INSERT INTO `kon_menu` VALUES ('153', '4', 'Detail Gelombang', 'detail-gelombang', 'double', '8', '11', '');
INSERT INTO `kon_menu` VALUES ('154', '9', 'dokumen', 'dokumen', '', '8', '10', '');
INSERT INTO `kon_menu` VALUES ('155', '40', 'Detail Biaya', 'detail-biaya', 'double', '16', '10', '');
INSERT INTO `kon_menu` VALUES ('156', '4', 'reminder ultah', 'reminder-ultah', '', '18', '14', '');
INSERT INTO `kon_menu` VALUES ('157', '4', 'Rekapitulasi Siswa', 'rekapitulasi-siswa', '', '10', '18', '');
INSERT INTO `kon_menu` VALUES ('158', '6', 'Kategori Anggaran', 'kategori-anggaran', '', '18', '11', '');
INSERT INTO `kon_menu` VALUES ('159', '6', 'Detil Anggaran', 'detil-anggaran', '', '16', '10', '');
INSERT INTO `kon_menu` VALUES ('160', '40', 'Rekapitulasi Penerimaan Siswa', 'rekapitulasi-penerimaan-siswa', 'double', '8', '10', '');
INSERT INTO `kon_menu` VALUES ('161', '40', 'Pemutihan Penerimaan Siswa', 'pemutihan-penerimaan-siswa', 'double', '16', '10', '');
INSERT INTO `kon_menu` VALUES ('162', '41', 'Via Bayar', 'via-bayar', '', '16', '10', '');
INSERT INTO `kon_menu` VALUES ('163', '40', 'Rekening Biaya', 'rekening-biaya', 'double', '31', '11', '');

-- ----------------------------
-- Table structure for kon_modul
-- ----------------------------
DROP TABLE IF EXISTS `kon_modul`;
CREATE TABLE `kon_modul` (
  `id_modul` int(11) NOT NULL AUTO_INCREMENT,
  `id_grupmodul` int(11) NOT NULL,
  `link` varchar(100) NOT NULL,
  `modul` varchar(100) NOT NULL,
  `id_warna` int(11) NOT NULL,
  `id_icon` int(11) NOT NULL,
  `size` enum('','double','double double-vertical') NOT NULL DEFAULT '',
  `keterangan` text NOT NULL,
  PRIMARY KEY (`id_modul`)
) ENGINE=InnoDB AUTO_INCREMENT=15 DEFAULT CHARSET=latin1;

-- ----------------------------
-- Records of kon_modul
-- ----------------------------
INSERT INTO `kon_modul` VALUES ('1', '1', 'akademik', 'akademik', '13', '9', 'double', '');
INSERT INTO `kon_modul` VALUES ('2', '1', 'psb', 'penerimaan siswa baru', '14', '10', 'double', '');
INSERT INTO `kon_modul` VALUES ('3', '1', 'perpus', 'perpustakaan', '3', '11', 'double double-vertical', '');
INSERT INTO `kon_modul` VALUES ('4', '1', 'sarpras', 'sarana dan prasarana', '4', '12', 'double double-vertical', '');
INSERT INTO `kon_modul` VALUES ('5', '2', 'hrd', 'kepegawaian', '5', '13', 'double double-vertical', '');
INSERT INTO `kon_modul` VALUES ('6', '2', 'keuangan', 'keuangan', '6', '14', 'double double-vertical', '');
INSERT INTO `kon_modul` VALUES ('7', '2', 'student', 'student services', '7', '15', 'double', '');
INSERT INTO `kon_modul` VALUES ('9', '3', 'konfigurasi', 'konfigurasi', '13', '14', 'double', '');
INSERT INTO `kon_modul` VALUES ('13', '2', 'purchaseorder', 'purchase order', '32', '20', 'double', '');
INSERT INTO `kon_modul` VALUES ('14', '3', 'marketingpsb', 'marketingpsb', '16', '10', 'double', '');

-- ----------------------------
-- Table structure for kon_privillege
-- ----------------------------
DROP TABLE IF EXISTS `kon_privillege`;
CREATE TABLE `kon_privillege` (
  `id_privillege` int(11) NOT NULL AUTO_INCREMENT,
  `id_login` int(11) NOT NULL,
  `id_menu` int(11) NOT NULL,
  `isDefault` int(1) NOT NULL DEFAULT '1',
  PRIMARY KEY (`id_privillege`),
  KEY `id_login` (`id_login`) USING BTREE,
  KEY `id_menu` (`id_menu`) USING BTREE,
  CONSTRAINT `id_login_FK` FOREIGN KEY (`id_login`) REFERENCES `kon_login` (`id_login`) ON DELETE CASCADE ON UPDATE CASCADE,
  CONSTRAINT `id_menu_FK` FOREIGN KEY (`id_menu`) REFERENCES `kon_menu` (`id_menu`) ON DELETE CASCADE ON UPDATE CASCADE
) ENGINE=InnoDB AUTO_INCREMENT=597 DEFAULT CHARSET=latin1;

-- ----------------------------
-- Records of kon_privillege
-- ----------------------------
INSERT INTO `kon_privillege` VALUES ('448', '17', '1', '1');
INSERT INTO `kon_privillege` VALUES ('449', '17', '2', '1');
INSERT INTO `kon_privillege` VALUES ('450', '17', '3', '1');
INSERT INTO `kon_privillege` VALUES ('451', '17', '4', '1');
INSERT INTO `kon_privillege` VALUES ('452', '17', '8', '1');
INSERT INTO `kon_privillege` VALUES ('453', '17', '10', '1');
INSERT INTO `kon_privillege` VALUES ('454', '17', '13', '1');
INSERT INTO `kon_privillege` VALUES ('455', '17', '14', '1');
INSERT INTO `kon_privillege` VALUES ('456', '17', '15', '1');
INSERT INTO `kon_privillege` VALUES ('457', '17', '16', '1');
INSERT INTO `kon_privillege` VALUES ('458', '17', '19', '1');
INSERT INTO `kon_privillege` VALUES ('459', '17', '20', '1');
INSERT INTO `kon_privillege` VALUES ('460', '17', '21', '1');
INSERT INTO `kon_privillege` VALUES ('461', '17', '22', '1');
INSERT INTO `kon_privillege` VALUES ('462', '17', '24', '1');
INSERT INTO `kon_privillege` VALUES ('463', '17', '25', '1');
INSERT INTO `kon_privillege` VALUES ('464', '17', '26', '1');
INSERT INTO `kon_privillege` VALUES ('465', '17', '27', '1');
INSERT INTO `kon_privillege` VALUES ('466', '17', '28', '1');
INSERT INTO `kon_privillege` VALUES ('467', '17', '29', '1');
INSERT INTO `kon_privillege` VALUES ('468', '17', '30', '1');
INSERT INTO `kon_privillege` VALUES ('469', '17', '31', '1');
INSERT INTO `kon_privillege` VALUES ('470', '17', '32', '1');
INSERT INTO `kon_privillege` VALUES ('471', '17', '33', '1');
INSERT INTO `kon_privillege` VALUES ('472', '17', '34', '1');
INSERT INTO `kon_privillege` VALUES ('473', '17', '35', '1');
INSERT INTO `kon_privillege` VALUES ('474', '17', '36', '1');
INSERT INTO `kon_privillege` VALUES ('475', '17', '37', '1');
INSERT INTO `kon_privillege` VALUES ('476', '17', '38', '1');
INSERT INTO `kon_privillege` VALUES ('477', '17', '39', '1');
INSERT INTO `kon_privillege` VALUES ('478', '17', '40', '1');
INSERT INTO `kon_privillege` VALUES ('479', '17', '41', '1');
INSERT INTO `kon_privillege` VALUES ('480', '17', '42', '1');
INSERT INTO `kon_privillege` VALUES ('481', '17', '43', '1');
INSERT INTO `kon_privillege` VALUES ('482', '17', '44', '1');
INSERT INTO `kon_privillege` VALUES ('483', '17', '45', '1');
INSERT INTO `kon_privillege` VALUES ('484', '17', '46', '1');
INSERT INTO `kon_privillege` VALUES ('485', '17', '47', '1');
INSERT INTO `kon_privillege` VALUES ('486', '17', '48', '1');
INSERT INTO `kon_privillege` VALUES ('487', '17', '52', '1');
INSERT INTO `kon_privillege` VALUES ('488', '17', '54', '1');
INSERT INTO `kon_privillege` VALUES ('489', '17', '55', '1');
INSERT INTO `kon_privillege` VALUES ('490', '17', '56', '1');
INSERT INTO `kon_privillege` VALUES ('491', '17', '57', '1');
INSERT INTO `kon_privillege` VALUES ('492', '17', '58', '1');
INSERT INTO `kon_privillege` VALUES ('493', '17', '59', '1');
INSERT INTO `kon_privillege` VALUES ('494', '17', '60', '1');
INSERT INTO `kon_privillege` VALUES ('495', '17', '61', '1');
INSERT INTO `kon_privillege` VALUES ('496', '17', '62', '1');
INSERT INTO `kon_privillege` VALUES ('497', '17', '63', '1');
INSERT INTO `kon_privillege` VALUES ('498', '17', '64', '1');
INSERT INTO `kon_privillege` VALUES ('499', '17', '65', '1');
INSERT INTO `kon_privillege` VALUES ('500', '17', '66', '1');
INSERT INTO `kon_privillege` VALUES ('501', '17', '67', '1');
INSERT INTO `kon_privillege` VALUES ('502', '17', '68', '1');
INSERT INTO `kon_privillege` VALUES ('503', '17', '69', '1');
INSERT INTO `kon_privillege` VALUES ('504', '17', '70', '1');
INSERT INTO `kon_privillege` VALUES ('505', '17', '71', '1');
INSERT INTO `kon_privillege` VALUES ('506', '17', '72', '1');
INSERT INTO `kon_privillege` VALUES ('507', '17', '73', '1');
INSERT INTO `kon_privillege` VALUES ('508', '17', '74', '1');
INSERT INTO `kon_privillege` VALUES ('509', '17', '75', '1');
INSERT INTO `kon_privillege` VALUES ('510', '17', '76', '1');
INSERT INTO `kon_privillege` VALUES ('511', '17', '77', '1');
INSERT INTO `kon_privillege` VALUES ('512', '17', '78', '1');
INSERT INTO `kon_privillege` VALUES ('513', '17', '79', '1');
INSERT INTO `kon_privillege` VALUES ('514', '17', '80', '1');
INSERT INTO `kon_privillege` VALUES ('515', '17', '81', '1');
INSERT INTO `kon_privillege` VALUES ('516', '17', '82', '1');
INSERT INTO `kon_privillege` VALUES ('517', '17', '83', '1');
INSERT INTO `kon_privillege` VALUES ('518', '17', '84', '1');
INSERT INTO `kon_privillege` VALUES ('519', '17', '85', '1');
INSERT INTO `kon_privillege` VALUES ('520', '17', '86', '1');
INSERT INTO `kon_privillege` VALUES ('521', '17', '87', '1');
INSERT INTO `kon_privillege` VALUES ('522', '17', '88', '1');
INSERT INTO `kon_privillege` VALUES ('523', '17', '89', '1');
INSERT INTO `kon_privillege` VALUES ('524', '17', '90', '1');
INSERT INTO `kon_privillege` VALUES ('525', '17', '91', '1');
INSERT INTO `kon_privillege` VALUES ('526', '17', '92', '1');
INSERT INTO `kon_privillege` VALUES ('527', '17', '93', '1');
INSERT INTO `kon_privillege` VALUES ('528', '17', '94', '1');
INSERT INTO `kon_privillege` VALUES ('529', '17', '95', '1');
INSERT INTO `kon_privillege` VALUES ('530', '17', '96', '1');
INSERT INTO `kon_privillege` VALUES ('531', '17', '97', '1');
INSERT INTO `kon_privillege` VALUES ('532', '17', '98', '1');
INSERT INTO `kon_privillege` VALUES ('533', '17', '99', '1');
INSERT INTO `kon_privillege` VALUES ('534', '17', '100', '1');
INSERT INTO `kon_privillege` VALUES ('535', '17', '101', '1');
INSERT INTO `kon_privillege` VALUES ('536', '17', '102', '1');
INSERT INTO `kon_privillege` VALUES ('537', '17', '103', '1');
INSERT INTO `kon_privillege` VALUES ('538', '17', '104', '1');
INSERT INTO `kon_privillege` VALUES ('539', '17', '105', '1');
INSERT INTO `kon_privillege` VALUES ('540', '17', '106', '1');
INSERT INTO `kon_privillege` VALUES ('541', '17', '107', '1');
INSERT INTO `kon_privillege` VALUES ('542', '17', '108', '1');
INSERT INTO `kon_privillege` VALUES ('543', '17', '109', '1');
INSERT INTO `kon_privillege` VALUES ('544', '17', '110', '1');
INSERT INTO `kon_privillege` VALUES ('545', '17', '111', '1');
INSERT INTO `kon_privillege` VALUES ('546', '17', '112', '1');
INSERT INTO `kon_privillege` VALUES ('547', '17', '113', '1');
INSERT INTO `kon_privillege` VALUES ('548', '17', '114', '1');
INSERT INTO `kon_privillege` VALUES ('549', '17', '115', '1');
INSERT INTO `kon_privillege` VALUES ('550', '17', '116', '1');
INSERT INTO `kon_privillege` VALUES ('551', '17', '117', '1');
INSERT INTO `kon_privillege` VALUES ('552', '17', '119', '1');
INSERT INTO `kon_privillege` VALUES ('553', '17', '120', '1');
INSERT INTO `kon_privillege` VALUES ('554', '17', '121', '1');
INSERT INTO `kon_privillege` VALUES ('555', '17', '122', '1');
INSERT INTO `kon_privillege` VALUES ('556', '17', '123', '1');
INSERT INTO `kon_privillege` VALUES ('557', '17', '124', '1');
INSERT INTO `kon_privillege` VALUES ('558', '17', '125', '1');
INSERT INTO `kon_privillege` VALUES ('559', '17', '126', '1');
INSERT INTO `kon_privillege` VALUES ('560', '17', '127', '1');
INSERT INTO `kon_privillege` VALUES ('561', '17', '128', '1');
INSERT INTO `kon_privillege` VALUES ('562', '17', '129', '1');
INSERT INTO `kon_privillege` VALUES ('563', '17', '130', '1');
INSERT INTO `kon_privillege` VALUES ('564', '17', '131', '1');
INSERT INTO `kon_privillege` VALUES ('565', '17', '132', '1');
INSERT INTO `kon_privillege` VALUES ('566', '17', '133', '1');
INSERT INTO `kon_privillege` VALUES ('567', '17', '134', '1');
INSERT INTO `kon_privillege` VALUES ('568', '17', '135', '1');
INSERT INTO `kon_privillege` VALUES ('569', '17', '136', '1');
INSERT INTO `kon_privillege` VALUES ('570', '17', '137', '1');
INSERT INTO `kon_privillege` VALUES ('571', '17', '138', '1');
INSERT INTO `kon_privillege` VALUES ('572', '17', '139', '1');
INSERT INTO `kon_privillege` VALUES ('573', '17', '140', '1');
INSERT INTO `kon_privillege` VALUES ('574', '17', '141', '1');
INSERT INTO `kon_privillege` VALUES ('575', '17', '142', '1');
INSERT INTO `kon_privillege` VALUES ('576', '17', '143', '1');
INSERT INTO `kon_privillege` VALUES ('577', '17', '144', '1');
INSERT INTO `kon_privillege` VALUES ('578', '17', '145', '1');
INSERT INTO `kon_privillege` VALUES ('579', '17', '146', '1');
INSERT INTO `kon_privillege` VALUES ('580', '17', '147', '1');
INSERT INTO `kon_privillege` VALUES ('581', '17', '148', '1');
INSERT INTO `kon_privillege` VALUES ('582', '17', '149', '1');
INSERT INTO `kon_privillege` VALUES ('583', '17', '150', '1');
INSERT INTO `kon_privillege` VALUES ('584', '17', '151', '1');
INSERT INTO `kon_privillege` VALUES ('585', '17', '152', '1');
INSERT INTO `kon_privillege` VALUES ('586', '17', '153', '1');
INSERT INTO `kon_privillege` VALUES ('587', '17', '154', '1');
INSERT INTO `kon_privillege` VALUES ('588', '17', '155', '1');
INSERT INTO `kon_privillege` VALUES ('589', '17', '156', '1');
INSERT INTO `kon_privillege` VALUES ('590', '17', '157', '1');
INSERT INTO `kon_privillege` VALUES ('591', '17', '158', '1');
INSERT INTO `kon_privillege` VALUES ('592', '17', '159', '1');
INSERT INTO `kon_privillege` VALUES ('593', '17', '160', '1');
INSERT INTO `kon_privillege` VALUES ('594', '17', '161', '1');
INSERT INTO `kon_privillege` VALUES ('595', '17', '162', '1');
INSERT INTO `kon_privillege` VALUES ('596', '17', '163', '1');

-- ----------------------------
-- Table structure for kon_warna
-- ----------------------------
DROP TABLE IF EXISTS `kon_warna`;
CREATE TABLE `kon_warna` (
  `id_warna` int(11) NOT NULL AUTO_INCREMENT,
  `warna` varchar(25) NOT NULL,
  PRIMARY KEY (`id_warna`)
) ENGINE=InnoDB AUTO_INCREMENT=48 DEFAULT CHARSET=latin1;

-- ----------------------------
-- Records of kon_warna
-- ----------------------------
INSERT INTO `kon_warna` VALUES ('1', 'black');
INSERT INTO `kon_warna` VALUES ('2', 'white');
INSERT INTO `kon_warna` VALUES ('3', 'lime');
INSERT INTO `kon_warna` VALUES ('4', 'green');
INSERT INTO `kon_warna` VALUES ('5', 'emerald');
INSERT INTO `kon_warna` VALUES ('6', 'teal');
INSERT INTO `kon_warna` VALUES ('7', 'cyan');
INSERT INTO `kon_warna` VALUES ('8', 'cobalt');
INSERT INTO `kon_warna` VALUES ('9', 'indigo');
INSERT INTO `kon_warna` VALUES ('10', 'violet');
INSERT INTO `kon_warna` VALUES ('11', 'pink');
INSERT INTO `kon_warna` VALUES ('12', 'magenta');
INSERT INTO `kon_warna` VALUES ('13', 'crimson');
INSERT INTO `kon_warna` VALUES ('14', 'red');
INSERT INTO `kon_warna` VALUES ('15', 'orange');
INSERT INTO `kon_warna` VALUES ('16', 'amber');
INSERT INTO `kon_warna` VALUES ('17', 'yellow');
INSERT INTO `kon_warna` VALUES ('18', 'brown');
INSERT INTO `kon_warna` VALUES ('19', 'olive');
INSERT INTO `kon_warna` VALUES ('20', 'steel');
INSERT INTO `kon_warna` VALUES ('21', 'mauve');
INSERT INTO `kon_warna` VALUES ('22', 'taupe');
INSERT INTO `kon_warna` VALUES ('23', 'gray');
INSERT INTO `kon_warna` VALUES ('24', 'dark');
INSERT INTO `kon_warna` VALUES ('25', 'darker');
INSERT INTO `kon_warna` VALUES ('26', 'transparent');
INSERT INTO `kon_warna` VALUES ('27', 'darkBrown');
INSERT INTO `kon_warna` VALUES ('28', 'darkCrimson');
INSERT INTO `kon_warna` VALUES ('29', 'darkMagenta');
INSERT INTO `kon_warna` VALUES ('30', 'darkIndigo');
INSERT INTO `kon_warna` VALUES ('31', 'darkCyan');
INSERT INTO `kon_warna` VALUES ('32', 'darkCobalt');
INSERT INTO `kon_warna` VALUES ('33', 'darkTeal');
INSERT INTO `kon_warna` VALUES ('34', 'darkEmerald');
INSERT INTO `kon_warna` VALUES ('35', 'darkGreen');
INSERT INTO `kon_warna` VALUES ('36', 'darkOrange');
INSERT INTO `kon_warna` VALUES ('37', 'darkRed');
INSERT INTO `kon_warna` VALUES ('38', 'darkPink');
INSERT INTO `kon_warna` VALUES ('39', 'darkViolet');
INSERT INTO `kon_warna` VALUES ('40', 'darkBlue');
INSERT INTO `kon_warna` VALUES ('41', 'lightBlue');
INSERT INTO `kon_warna` VALUES ('42', 'lightTeal');
INSERT INTO `kon_warna` VALUES ('43', 'lightOlive');
INSERT INTO `kon_warna` VALUES ('44', 'lightOrange');
INSERT INTO `kon_warna` VALUES ('45', 'lightPink');
INSERT INTO `kon_warna` VALUES ('46', 'lightRed');
INSERT INTO `kon_warna` VALUES ('47', 'lightGreen');
