/*
Navicat MySQL Data Transfer

Source Server         : local
Source Server Version : 50620
Source Host           : localhost:3306
Source Database       : sister_siadu

Target Server Type    : MYSQL
Target Server Version : 50620
File Encoding         : 65001

Date: 2015-08-18 17:45:33
*/

SET FOREIGN_KEY_CHECKS=0;

-- ----------------------------
-- Table structure for pus_bahasa
-- ----------------------------
DROP TABLE IF EXISTS `pus_bahasa`;
CREATE TABLE `pus_bahasa` (
  `replid` int(10) unsigned NOT NULL AUTO_INCREMENT,
  `kode` varchar(10) NOT NULL,
  `nama` varchar(100) NOT NULL,
  `keterangan` varchar(200) NOT NULL,
  PRIMARY KEY (`replid`)
) ENGINE=MyISAM AUTO_INCREMENT=9 DEFAULT CHARSET=latin1;

-- ----------------------------
-- Records of pus_bahasa
-- ----------------------------
INSERT INTO `pus_bahasa` VALUES ('1', 'IND', 'Indonesia', '');
INSERT INTO `pus_bahasa` VALUES ('2', 'ENG', 'English', '');
INSERT INTO `pus_bahasa` VALUES ('3', 'CHI', 'Chinese', '');
INSERT INTO `pus_bahasa` VALUES ('4', 'BI-ENG', 'Dwibahasa BI-English', 'BILINGUAL');
INSERT INTO `pus_bahasa` VALUES ('5', 'ENG-BI', 'Bilingual English BI', 'BILINGUAL');
INSERT INTO `pus_bahasa` VALUES ('6', 'M-BI-ENG', 'Mandarin -BI- English', '');
INSERT INTO `pus_bahasa` VALUES ('7', 'M-BI', 'Bilingual Mandaring -BI', '');
INSERT INTO `pus_bahasa` VALUES ('8', 'ME', 'Bilingual Mandarin English', '');

-- ----------------------------
-- Table structure for pus_buku
-- ----------------------------
DROP TABLE IF EXISTS `pus_buku`;
CREATE TABLE `pus_buku` (
  `replid` int(10) unsigned NOT NULL AUTO_INCREMENT,
  `katalog` int(10) unsigned NOT NULL,
  `idbuku` varchar(50) NOT NULL,
  `barkode` varchar(50) NOT NULL,
  `urut` int(11) NOT NULL DEFAULT '0',
  `callnumber` varchar(50) NOT NULL,
  `tingkatbuku` int(10) unsigned NOT NULL,
  `lokasi` int(10) unsigned NOT NULL DEFAULT '0',
  `sumber` tinyint(4) NOT NULL DEFAULT '0',
  `harga` decimal(10,2) NOT NULL DEFAULT '0.00',
  `satuan` varchar(4) NOT NULL,
  `tanggal` date NOT NULL DEFAULT '0000-00-00',
  `status` tinyint(4) NOT NULL DEFAULT '1',
  `tahun` year(4) NOT NULL DEFAULT '0000',
  PRIMARY KEY (`replid`)
) ENGINE=MyISAM AUTO_INCREMENT=400 DEFAULT CHARSET=latin1;

-- ----------------------------
-- Records of pus_buku
-- ----------------------------
INSERT INTO `pus_buku` VALUES ('1', '1', '001/B/SIADU/2014', '001002201400001', '1', '', '2', '1', '0', '45000.00', 'IDR', '2013-02-04', '0', '2014');
INSERT INTO `pus_buku` VALUES ('2', '2', '002/B/SIADU/2014', '001002201400002', '2', '', '2', '1', '0', '0.00', 'IDR', '2013-02-04', '1', '2014');
INSERT INTO `pus_buku` VALUES ('3', '3', '003/B/SIADU/2014', '001002201400003', '3', '', '2', '1', '0', '0.00', 'IDR', '2013-02-04', '1', '2014');
INSERT INTO `pus_buku` VALUES ('4', '4', '004/B/SIADU/2014', '001002201400004', '4', '', '2', '1', '0', '65.00', 'IDR', '2013-02-04', '1', '2014');
INSERT INTO `pus_buku` VALUES ('5', '5', '005/B/SIADU/2014', '001002201400005', '5', '', '2', '1', '0', '0.00', 'IDR', '2013-02-04', '1', '2014');
INSERT INTO `pus_buku` VALUES ('6', '6', '006/B/SIADU/2014', '001002201400006', '6', '', '2', '1', '0', '0.00', 'IDR', '2013-02-04', '0', '2014');
INSERT INTO `pus_buku` VALUES ('7', '7', '007/B/SIADU/2014', '001002201400007', '7', '', '2', '1', '0', '65.00', 'IDR', '2013-02-04', '0', '2014');
INSERT INTO `pus_buku` VALUES ('8', '8', '008/B/SIADU/2014', '001002201400008', '8', '', '2', '1', '0', '0.00', 'USD', '2014-01-02', '0', '2014');
INSERT INTO `pus_buku` VALUES ('9', '9', '009/B/SIADU/2014', '001002201400009', '9', '', '2', '1', '0', '0.00', 'USD', '2014-01-02', '0', '2014');
INSERT INTO `pus_buku` VALUES ('10', '10', '010/B/SIADU/2014', '001002201400010', '10', '', '2', '1', '0', '0.00', 'IDR', '2014-01-02', '0', '2014');
INSERT INTO `pus_buku` VALUES ('11', '11', '011/B/SIADU/2014', '001002201400011', '11', '', '2', '1', '0', '0.00', 'IDR', '2014-01-02', '0', '2014');
INSERT INTO `pus_buku` VALUES ('12', '12', '012/B/SIADU/2014', '001002201400012', '12', '', '2', '1', '0', '0.00', 'IDR', '2014-01-02', '1', '2014');
INSERT INTO `pus_buku` VALUES ('13', '13', '013/B/SIADU/2014', '001002201400013', '13', '', '2', '1', '0', '0.00', 'USD', '2014-01-02', '1', '2014');
INSERT INTO `pus_buku` VALUES ('14', '14', '014/B/SIADU/2014', '001002201400014', '14', '', '2', '1', '0', '24.00', 'USD', '2014-01-02', '1', '2014');
INSERT INTO `pus_buku` VALUES ('15', '15', '015/B/SIADU/2014', '001002201400015', '15', '', '2', '1', '0', '24.00', 'USD', '2014-01-02', '1', '2014');
INSERT INTO `pus_buku` VALUES ('16', '16', '016/B/SIADU/2014', '001002201400016', '16', '823 Est d', '2', '1', '0', '38.00', 'IDR', '2014-02-25', '1', '2014');
INSERT INTO `pus_buku` VALUES ('17', '17', '017/B/SIADU/2014', '001002201400017', '17', '813 Sam r', '2', '1', '0', '0.00', 'IDR', '2014-02-27', '1', '2014');
INSERT INTO `pus_buku` VALUES ('18', '18', '018/B/SIADU/2014', '001002201400018', '18', '813 Ann t', '2', '1', '0', '0.00', 'IDR', '2014-02-27', '1', '2014');
INSERT INTO `pus_buku` VALUES ('32', '19', '019/B/SIADU/2014', '001002201400019', '19', '813 Eve e', '2', '1', '0', '0.00', 'IDR', '2014-02-27', '1', '2014');
INSERT INTO `pus_buku` VALUES ('33', '20', '020/B/SIADU/2014', '001002201400020', '20', '813 Mat j', '2', '1', '0', '0.00', 'IDR', '2014-02-27', '1', '2014');
INSERT INTO `pus_buku` VALUES ('34', '24', '021/B/SIADU/2014', '001001201400021', '21', '220.95 RIK 1', '1', '3', '0', '0.00', 'IDR', '2014-03-14', '1', '2014');
INSERT INTO `pus_buku` VALUES ('35', '23', '022/B/SIADU/2014', '001001201400022', '22', '813.23 A,  l', '1', '3', '0', '0.00', 'IDR', '2014-03-14', '1', '2014');
INSERT INTO `pus_buku` VALUES ('36', '22', '023/B/SIADU/2014', '001001201400023', '23', 'FIC Can t', '1', '3', '0', '0.00', 'IDR', '2014-03-14', '1', '2014');
INSERT INTO `pus_buku` VALUES ('37', '25', '024/B/SIADU/2014', '001002201400024', '24', '823 Rad m', '2', '3', '0', '39.50', 'IDR', '2014-03-19', '1', '2014');
INSERT INTO `pus_buku` VALUES ('38', '26', '025/B/SIADU/2014', '001002201400025', '25', '813 Gav s', '2', '3', '0', '0.00', 'IDR', '2014-03-19', '1', '2014');
INSERT INTO `pus_buku` VALUES ('41', '27', '028/B/SIADU/2014', '001002201400028', '28', '920 Mel p', '2', '3', '0', '0.00', 'IDR', '2014-03-19', '1', '2014');
INSERT INTO `pus_buku` VALUES ('42', '28', '029/B/SIADU/2014', '001002201400029', '29', '813 Cla t', '2', '3', '0', '5.90', 'SGD', '2014-03-24', '1', '2014');
INSERT INTO `pus_buku` VALUES ('43', '29', '030/B/SIADU/2014', '001002201400030', '30', '813 Mar c', '2', '3', '0', '16.00', 'SGD', '2014-03-24', '1', '2014');
INSERT INTO `pus_buku` VALUES ('44', '30', '031/B/SIADU/2014', '001002201400031', '31', '813 Gus i', '2', '3', '0', '0.00', 'IDR', '2014-03-24', '1', '2014');
INSERT INTO `pus_buku` VALUES ('45', '31', '032/B/SIADU/2014', '001002201400032', '32', '611.78 Lis m', '2', '3', '0', '13.90', 'SGD', '2014-03-24', '1', '2014');
INSERT INTO `pus_buku` VALUES ('46', '32', '033/B/SIADU/2014', '001002201400033', '33', '741.5 Mar t', '2', '3', '0', '0.00', 'IDR', '2014-03-24', '1', '2014');
INSERT INTO `pus_buku` VALUES ('47', '33', '034/B/SIADU/2014', '001002201400034', '34', '741.5 Nel t', '2', '3', '0', '0.00', 'IDR', '2014-03-24', '1', '2014');
INSERT INTO `pus_buku` VALUES ('48', '34', '035/B/SIADU/2014', '001002201400035', '35', '813 Jun l', '2', '3', '0', '0.00', 'IDR', '2014-03-24', '1', '2014');
INSERT INTO `pus_buku` VALUES ('49', '35', '036/B/SIADU/2014', '001002201400036', '36', '595.7 Joh w', '2', '3', '0', '13.90', 'SGD', '2014-03-24', '1', '2014');
INSERT INTO `pus_buku` VALUES ('50', '36', '037/B/SIADU/2014', '001002201400037', '37', '821 Jud n', '2', '3', '0', '0.00', 'IDR', '2014-03-24', '1', '2014');
INSERT INTO `pus_buku` VALUES ('51', '37', '038/B/SIADU/2014', '001002201400038', '38', '595.7 Joh w', '2', '3', '0', '13.90', 'SGD', '2014-03-24', '1', '2014');
INSERT INTO `pus_buku` VALUES ('52', '38', '039/B/SIADU/2014', '001002201400039', '39', '813.23 Dwi c', '2', '3', '0', '0.00', 'IDR', '2014-03-25', '1', '2014');
INSERT INTO `pus_buku` VALUES ('53', '39', '040/B/SIADU/2014', '001002201400040', '40', '813.23 Dwi c', '2', '3', '0', '0.00', 'IDR', '2014-03-25', '1', '2014');
INSERT INTO `pus_buku` VALUES ('54', '40', '041/B/SIADU/2014', '001002201400041', '41', '813 SUs s', '2', '3', '0', '0.00', 'IDR', '2014-03-25', '1', '2014');
INSERT INTO `pus_buku` VALUES ('55', '41', '042/B/SIADU/2014', '001002201400042', '42', '813 BER t', '2', '3', '0', '0.00', 'IDR', '2014-03-25', '1', '2014');
INSERT INTO `pus_buku` VALUES ('56', '42', '043/B/SIADU/2014', '001002201400043', '43', '813 Car r', '2', '3', '0', '0.00', 'IDR', '2014-03-25', '1', '2014');
INSERT INTO `pus_buku` VALUES ('57', '43', '044/B/SIADU/2014', '001002201400044', '44', '813 Ken t', '2', '3', '0', '0.00', 'IDR', '2014-03-25', '1', '2014');
INSERT INTO `pus_buku` VALUES ('58', '44', '045/B/SIADU/2014', '001002201400045', '45', '813 Ian t', '2', '3', '0', '0.00', 'IDR', '2014-03-25', '1', '2014');
INSERT INTO `pus_buku` VALUES ('59', '45', '046/B/SIADU/2014', '001002201400046', '46', '813 Lou j', '2', '3', '0', '0.00', 'IDR', '2014-03-25', '1', '2014');
INSERT INTO `pus_buku` VALUES ('60', '46', '047/B/SIADU/2014', '001002201400047', '47', '813 Chr b', '2', '3', '0', '5.90', 'SGD', '2014-03-25', '1', '2014');
INSERT INTO `pus_buku` VALUES ('61', '47', '048/B/SIADU/2014', '001002201400048', '48', '813 Hol t', '2', '3', '0', '0.00', 'IDR', '2014-03-25', '1', '2014');
INSERT INTO `pus_buku` VALUES ('62', '48', '049/B/SIADU/2014', '001002201400049', '49', '813 Sta t', '2', '3', '0', '5.14', 'SGD', '2014-03-26', '1', '2014');
INSERT INTO `pus_buku` VALUES ('63', '49', '050/B/SIADU/2014', '001002201400050', '50', '741.5 Mar a', '2', '3', '0', '0.00', 'IDR', '2014-03-26', '1', '2014');
INSERT INTO `pus_buku` VALUES ('64', '50', '051/B/SIADU/2014', '001002201400051', '51', '813 Nic o', '2', '3', '0', '0.00', 'IDR', '2014-03-26', '1', '2014');
INSERT INTO `pus_buku` VALUES ('65', '51', '052/B/SIADU/2014', '001002201400052', '52', '598 Sar b', '2', '3', '0', '0.00', 'IDR', '2014-03-26', '1', '2014');
INSERT INTO `pus_buku` VALUES ('66', '52', '053/B/SIADU/2014', '001002201400053', '53', '741.5 Aar r', '2', '3', '0', '0.00', 'IDR', '2014-03-26', '1', '2014');
INSERT INTO `pus_buku` VALUES ('67', '53', '054/B/SIADU/2014', '001001201400054', '54', '813 Jon f', '1', '3', '0', '0.00', 'IDR', '2014-03-27', '1', '2014');
INSERT INTO `pus_buku` VALUES ('68', '54', '055/B/SIADU/2014', '001001201400055', '55', '813.23 Pau n', '1', '3', '0', '0.00', 'IDR', '2014-03-27', '1', '2014');
INSERT INTO `pus_buku` VALUES ('69', '55', '056/B/SIADU/2014', '001002201400056', '56', '813 SEU t', '2', '3', '0', '8.99', 'USD', '2014-04-02', '1', '2014');
INSERT INTO `pus_buku` VALUES ('70', '56', '057/B/SIADU/2014', '001001201400057', '57', '813 Ado n', '1', '3', '0', '0.00', 'IDR', '2014-04-02', '1', '2014');
INSERT INTO `pus_buku` VALUES ('71', '57', '058/B/SIADU/2014', '001002201400058', '58', '813 Tra s', '2', '3', '0', '7.50', 'SGD', '2014-04-03', '1', '2014');
INSERT INTO `pus_buku` VALUES ('72', '58', '059/B/SIADU/2014', '001001201400059', '59', 'FIC Pat g', '1', '3', '0', '0.00', 'IDR', '2014-04-03', '1', '2014');
INSERT INTO `pus_buku` VALUES ('73', '59', '060/B/SIADU/2014', '001001201400060', '60', '305.2 Jes o', '1', '3', '0', '0.00', 'IDR', '2014-04-04', '1', '2014');
INSERT INTO `pus_buku` VALUES ('74', '60', '061/B/SIADU/2014', '001001201400061', '61', 'FIC Awa h', '1', '3', '0', '0.00', 'IDR', '2014-04-04', '1', '2014');
INSERT INTO `pus_buku` VALUES ('75', '61', '062/B/SIADU/2014', '001001201400062', '62', 'FIC A,  a', '1', '3', '0', '0.00', 'IDR', '2014-04-04', '1', '2014');
INSERT INTO `pus_buku` VALUES ('76', '62', '063/B/SIADU/2014', '001001201400063', '63', 'FIC A,  m', '1', '3', '0', '0.00', 'IDR', '2014-04-04', '1', '2014');
INSERT INTO `pus_buku` VALUES ('77', '63', '064/B/SIADU/2014', '001001201400064', '64', 'FIC Deb p', '1', '3', '0', '0.00', 'IDR', '2014-04-04', '1', '2014');
INSERT INTO `pus_buku` VALUES ('78', '63', '065/B/SIADU/2014', '001001201400065', '65', 'FIC Deb p', '1', '3', '0', '44.50', 'IDR', '2014-04-04', '1', '2014');
INSERT INTO `pus_buku` VALUES ('79', '64', '066/B/SIADU/2014', '001001201400066', '66', 'FIC Cat w', '1', '3', '0', '0.00', 'IDR', '2014-04-04', '1', '2014');
INSERT INTO `pus_buku` VALUES ('80', '66', '067/B/SIADU/2014', '001001201400067', '67', 'FIC Ell p', '1', '3', '0', '0.00', 'IDR', '2014-04-04', '1', '2014');
INSERT INTO `pus_buku` VALUES ('81', '66', '068/B/SIADU/2014', '001001201400068', '68', 'FIC Ell p', '1', '3', '0', '0.00', 'IDR', '2014-04-04', '1', '2014');
INSERT INTO `pus_buku` VALUES ('82', '67', '069/B/SIADU/2014', '001001201400069', '69', 'FIC Can t', '1', '3', '0', '0.00', 'IDR', '2014-04-04', '1', '2014');
INSERT INTO `pus_buku` VALUES ('83', '65', '070/B/SIADU/2014', '001001201400070', '70', 'FIC Can t', '1', '3', '0', '0.00', 'IDR', '2014-04-04', '1', '2014');
INSERT INTO `pus_buku` VALUES ('84', '68', '071/B/SIADU/2014', '001001201400071', '71', 'FIC  c', '1', '3', '0', '6.00', 'IDR', '2014-04-04', '1', '2014');
INSERT INTO `pus_buku` VALUES ('85', '69', '072/B/SIADU/2014', '001001201400072', '72', 'FIC Sus a', '1', '3', '0', '0.00', 'IDR', '2014-04-04', '1', '2014');
INSERT INTO `pus_buku` VALUES ('86', '70', '073/B/SIADU/2014', '001001201400073', '73', 'FIC Tam h', '1', '3', '0', '0.00', 'IDR', '2014-04-04', '1', '2014');
INSERT INTO `pus_buku` VALUES ('87', '71', '074/B/SIADU/2014', '001001201400074', '74', 'FIC Ank f', '1', '3', '0', '0.00', 'IDR', '2014-04-04', '1', '2014');
INSERT INTO `pus_buku` VALUES ('88', '72', '075/B/SIADU/2014', '001001201400075', '75', 'FIC Sig d', '1', '3', '0', '9.20', 'IDR', '2014-04-04', '1', '2014');
INSERT INTO `pus_buku` VALUES ('89', '73', '076/B/SIADU/2014', '001001201400076', '76', 'FIC Sig m', '1', '3', '0', '9.20', 'IDR', '2014-04-04', '1', '2014');
INSERT INTO `pus_buku` VALUES ('90', '74', '077/B/SIADU/2014', '001001201400077', '77', 'FIC Nol s', '1', '3', '0', '0.00', 'IDR', '2014-04-04', '1', '2014');
INSERT INTO `pus_buku` VALUES ('91', '74', '078/B/SIADU/2014', '001001201400078', '78', 'FIC Nol s', '1', '3', '0', '0.00', 'IDR', '2014-04-04', '1', '2014');
INSERT INTO `pus_buku` VALUES ('92', '75', '079/B/SIADU/2014', '001002201400079', '79', '813 Van a', '2', '3', '0', '0.00', 'IDR', '2014-04-04', '1', '2014');
INSERT INTO `pus_buku` VALUES ('93', '65', '080/B/SIADU/2014', '001001201400080', '80', 'FIC Can t', '1', '3', '0', '0.00', 'IDR', '2014-04-04', '1', '2014');
INSERT INTO `pus_buku` VALUES ('95', '76', '081/B/SIADU/2014', '001001201400081', '81', 'FIC w,  f', '1', '3', '0', '0.00', 'IDR', '2014-04-07', '1', '2014');
INSERT INTO `pus_buku` VALUES ('96', '77', '082/B/SIADU/2014', '001001201400082', '82', 'FIC a,  y', '1', '3', '0', '0.00', 'IDR', '2014-04-07', '1', '2014');
INSERT INTO `pus_buku` VALUES ('97', '78', '083/B/SIADU/2014', '001001201400083', '83', 'FIC Kei k', '1', '3', '0', '0.00', 'IDR', '2014-04-07', '1', '2014');
INSERT INTO `pus_buku` VALUES ('98', '80', '084/B/SIADU/2014', '001001201400084', '84', 'FIC Cry m', '1', '3', '0', '48000.00', 'IDR', '2014-04-07', '1', '2014');
INSERT INTO `pus_buku` VALUES ('99', '79', '085/B/SIADU/2014', '001002201400085', '85', '813 Ter a', '2', '3', '0', '0.00', 'IDR', '2014-04-07', '1', '2014');
INSERT INTO `pus_buku` VALUES ('100', '79', '086/B/SIADU/2014', '001002201400086', '86', '813 Ter a', '2', '3', '0', '0.00', 'IDR', '2014-04-07', '1', '2014');
INSERT INTO `pus_buku` VALUES ('101', '81', '087/B/SIADU/2014', '001001201400087', '87', 'FIC Kei s', '1', '3', '0', '0.00', 'IDR', '2014-04-07', '1', '2014');
INSERT INTO `pus_buku` VALUES ('102', '82', '088/B/SIADU/2014', '001001201400088', '88', 'FIC Sue m', '1', '3', '0', '48000.00', 'IDR', '2014-04-07', '1', '2014');
INSERT INTO `pus_buku` VALUES ('103', '83', '089/B/SIADU/2014', '001001201400089', '89', 'FIC Cry l', '1', '3', '0', '48000.00', 'IDR', '2014-04-07', '1', '2014');
INSERT INTO `pus_buku` VALUES ('104', '84', '090/B/SIADU/2014', '001001201400090', '90', 'FIC Pau f', '1', '3', '0', '0.00', 'IDR', '2014-04-07', '1', '2014');
INSERT INTO `pus_buku` VALUES ('105', '86', '091/B/SIADU/2014', '001001201400091', '91', 'FIC Tri a', '1', '3', '0', '6.00', 'IDR', '2014-04-08', '1', '2014');
INSERT INTO `pus_buku` VALUES ('106', '87', '092/B/SIADU/2014', '001001201400092', '92', 'FIC Mar d', '1', '3', '0', '0.00', 'IDR', '2014-04-08', '1', '2014');
INSERT INTO `pus_buku` VALUES ('107', '88', '093/B/SIADU/2014', '001001201400093', '93', 'FIC Wen g', '1', '3', '0', '24000.00', 'IDR', '2014-04-08', '1', '2014');
INSERT INTO `pus_buku` VALUES ('108', '89', '094/B/SIADU/2014', '001001201400094', '94', 'FIC Tho d', '1', '3', '0', '0.00', 'IDR', '2014-04-08', '1', '2014');
INSERT INTO `pus_buku` VALUES ('109', '90', '095/B/SIADU/2014', '001001201400095', '95', 'FIC Cry m', '1', '3', '0', '0.00', 'IDR', '2014-04-08', '1', '2014');
INSERT INTO `pus_buku` VALUES ('110', '91', '096/B/SIADU/2014', '001001201400096', '96', 'FIC Mar a', '1', '3', '0', '0.00', 'IDR', '2014-04-08', '1', '2014');
INSERT INTO `pus_buku` VALUES ('111', '92', '097/B/SIADU/2014', '001001201400097', '97', 'FIC H,  i', '1', '3', '0', '0.00', 'IDR', '2014-04-08', '1', '2014');
INSERT INTO `pus_buku` VALUES ('112', '93', '098/B/SIADU/2014', '001001201400098', '98', 'FIC Mar a', '1', '3', '0', '0.00', 'IDR', '2014-04-08', '1', '2014');
INSERT INTO `pus_buku` VALUES ('113', '94', '099/B/SIADU/2014', '001001201400099', '99', 'FIC Dor g', '1', '3', '0', '0.00', 'IDR', '2014-04-08', '1', '2014');
INSERT INTO `pus_buku` VALUES ('114', '95', '100/B/SIADU/2014', '001001201400100', '100', 'FIC A,  m', '1', '3', '0', '0.00', 'IDR', '2014-04-08', '1', '2014');
INSERT INTO `pus_buku` VALUES ('115', '96', '101/B/SIADU/2014', '001001201400101', '101', 'FIC Bec w', '1', '3', '0', '0.00', 'IDR', '2014-04-08', '1', '2014');
INSERT INTO `pus_buku` VALUES ('117', '98', '102/B/SIADU/2014', '001001201400102', '102', 'FIC Ben e', '1', '3', '0', '0.00', 'IDR', '2014-04-10', '1', '2014');
INSERT INTO `pus_buku` VALUES ('118', '99', '103/B/SIADU/2014', '001001201400103', '103', 'FIC BEN b', '1', '3', '0', '0.00', 'IDR', '2014-04-10', '1', '2014');
INSERT INTO `pus_buku` VALUES ('119', '100', '104/B/SIADU/2014', '001001201400104', '104', 'FIC BEN g', '1', '3', '0', '0.00', 'IDR', '2014-04-10', '1', '2014');
INSERT INTO `pus_buku` VALUES ('120', '101', '105/B/SIADU/2014', '001001201400105', '105', 'FIC  h', '1', '3', '0', '0.00', 'IDR', '2014-04-10', '1', '2014');
INSERT INTO `pus_buku` VALUES ('121', '102', '106/B/SIADU/2014', '001001201400106', '106', 'FIC Deb p', '1', '3', '0', '6.90', 'IDR', '2014-04-10', '1', '2014');
INSERT INTO `pus_buku` VALUES ('122', '103', '107/B/SIADU/2014', '001001201400107', '107', 'FIC Sat b', '1', '3', '0', '0.00', 'IDR', '2014-04-10', '1', '2014');
INSERT INTO `pus_buku` VALUES ('123', '104', '108/B/SIADU/2014', '001001201400108', '108', 'FIC Chi i', '1', '3', '0', '0.00', 'IDR', '2014-04-10', '1', '2014');
INSERT INTO `pus_buku` VALUES ('124', '105', '109/B/SIADU/2014', '001001201400109', '109', 'FIC Chi w', '1', '3', '0', '0.00', 'IDR', '2014-04-10', '1', '2014');
INSERT INTO `pus_buku` VALUES ('125', '106', '110/B/SIADU/2014', '001001201400110', '110', 'FIC F,  p', '1', '3', '0', '0.00', 'IDR', '2014-04-10', '1', '2014');
INSERT INTO `pus_buku` VALUES ('126', '107', '111/B/SIADU/2014', '001001201400111', '111', 'FIC Mar p', '1', '3', '0', '0.00', 'IDR', '2014-04-10', '1', '2014');
INSERT INTO `pus_buku` VALUES ('127', '108', '112/B/SIADU/2014', '001001201400112', '112', 'FIC Ali g', '1', '3', '0', '0.00', 'IDR', '2014-04-10', '1', '2014');
INSERT INTO `pus_buku` VALUES ('128', '109', '113/B/SIADU/2014', '001001201400113', '113', 'FIC Ros w', '1', '3', '0', '0.00', 'IDR', '2014-04-10', '1', '2014');
INSERT INTO `pus_buku` VALUES ('129', '109', '114/B/SIADU/2014', '001001201400114', '114', 'FIC Ros w', '1', '3', '0', '0.00', 'IDR', '2014-04-10', '1', '2014');
INSERT INTO `pus_buku` VALUES ('130', '110', '115/B/SIADU/2014', '001001201400115', '115', 'FIC F,  w', '1', '3', '0', '0.00', 'IDR', '2014-04-10', '1', '2014');
INSERT INTO `pus_buku` VALUES ('131', '110', '116/B/SIADU/2014', '001001201400116', '116', 'FIC F,  w', '1', '3', '0', '0.00', 'IDR', '2014-04-10', '1', '2014');
INSERT INTO `pus_buku` VALUES ('132', '111', '117/B/SIADU/2014', '001001201400117', '117', 'FIC kat o', '1', '3', '0', '0.00', 'IDR', '2014-04-10', '1', '2014');
INSERT INTO `pus_buku` VALUES ('133', '111', '118/B/SIADU/2014', '001001201400118', '118', 'FIC kat o', '1', '3', '0', '0.00', 'IDR', '2014-04-10', '1', '2014');
INSERT INTO `pus_buku` VALUES ('134', '112', '119/B/SIADU/2014', '001001201400119', '119', 'FIC Rob r', '1', '3', '0', '0.00', 'IDR', '2014-04-10', '1', '2014');
INSERT INTO `pus_buku` VALUES ('135', '113', '120/B/SIADU/2014', '001001201400120', '120', 'FIC Kat h', '1', '3', '0', '0.00', 'IDR', '2014-04-10', '1', '2014');
INSERT INTO `pus_buku` VALUES ('136', '114', '121/B/SIADU/2014', '001001201400121', '121', 'FIC F,  y', '1', '3', '0', '0.00', 'IDR', '2014-04-10', '1', '2014');
INSERT INTO `pus_buku` VALUES ('137', '115', '122/B/SIADU/2014', '001001201400122', '122', 'FIC kat t', '1', '3', '0', '0.00', 'IDR', '2014-04-10', '1', '2014');
INSERT INTO `pus_buku` VALUES ('138', '116', '123/B/SIADU/2014', '001001201400123', '123', 'FIC Dan r', '1', '3', '0', '0.00', 'IDR', '2014-04-10', '1', '2014');
INSERT INTO `pus_buku` VALUES ('139', '117', '124/B/SIADU/2014', '001001201400124', '124', 'FIC Oi, m', '1', '3', '0', '0.00', 'IDR', '2014-04-11', '1', '2014');
INSERT INTO `pus_buku` VALUES ('140', '118', '125/B/SIADU/2014', '001001201400125', '125', 'FIC Amy t', '1', '3', '0', '0.00', 'IDR', '2014-04-11', '1', '2014');
INSERT INTO `pus_buku` VALUES ('141', '119', '126/B/SIADU/2014', '001001201400126', '126', '823.13 Toe a', '1', '3', '0', '0.00', 'IDR', '2014-04-11', '1', '2014');
INSERT INTO `pus_buku` VALUES ('142', '120', '127/B/SIADU/2014', '001001201400127', '127', 'FIC Joy d', '1', '3', '0', '0.00', 'IDR', '2014-04-11', '1', '2014');
INSERT INTO `pus_buku` VALUES ('143', '121', '128/B/SIADU/2014', '001001201400128', '128', '510 Bet t', '1', '3', '0', '0.00', 'IDR', '2014-04-11', '1', '2014');
INSERT INTO `pus_buku` VALUES ('144', '122', '129/B/SIADU/2014', '001001201400129', '129', '590 Man m', '1', '3', '0', '8.90', 'IDR', '2014-04-22', '1', '2014');
INSERT INTO `pus_buku` VALUES ('146', '123', '130/B/SIADU/2014', '001001201400130', '130', 'FIC Luc t', '1', '3', '0', '15.52', 'IDR', '2014-04-22', '1', '2014');
INSERT INTO `pus_buku` VALUES ('147', '124', '131/B/SIADU/2014', '001001201400131', '131', 'FIC Ann m', '1', '3', '0', '0.00', 'IDR', '2014-04-22', '1', '2014');
INSERT INTO `pus_buku` VALUES ('148', '125', '132/B/SIADU/2014', '001001201400132', '132', '611.8 Jan m', '1', '3', '0', '6.95', 'USD', '2014-04-22', '1', '2014');
INSERT INTO `pus_buku` VALUES ('149', '126', '133/B/SIADU/2014', '001001201400133', '133', 'FIC Ros w', '1', '3', '0', '0.00', 'IDR', '2014-04-22', '1', '2014');
INSERT INTO `pus_buku` VALUES ('150', '126', '134/B/SIADU/2014', '001001201400134', '134', 'FIC Ros w', '1', '3', '0', '0.00', 'IDR', '2014-04-22', '1', '2014');
INSERT INTO `pus_buku` VALUES ('151', '127', '135/B/SIADU/2014', '001001201400135', '135', 'FIC Cla y', '1', '3', '0', '6.90', 'IDR', '2014-04-22', '1', '2014');
INSERT INTO `pus_buku` VALUES ('152', '128', '136/B/SIADU/2014', '001001201400136', '136', 'FIC Luc t', '1', '3', '0', '15.52', 'IDR', '2014-04-22', '1', '2014');
INSERT INTO `pus_buku` VALUES ('153', '129', '137/B/SIADU/2014', '001001201400137', '137', 'FIC Lau h', '1', '3', '0', '0.00', 'IDR', '2014-04-23', '1', '2014');
INSERT INTO `pus_buku` VALUES ('154', '130', '138/B/SIADU/2014', '001001201400138', '138', 'FIC Lou p', '1', '3', '0', '6.90', 'USD', '2014-04-23', '1', '2014');
INSERT INTO `pus_buku` VALUES ('155', '131', '139/B/SIADU/2014', '001001201400139', '139', 'FIC Cla i', '1', '3', '0', '0.00', 'IDR', '2014-04-24', '1', '2014');
INSERT INTO `pus_buku` VALUES ('156', '131', '140/B/SIADU/2014', '001001201400140', '140', 'FIC Cla i', '1', '3', '0', '0.00', 'IDR', '2014-04-24', '1', '2014');
INSERT INTO `pus_buku` VALUES ('157', '132', '141/B/SIADU/2014', '001001201400141', '141', 'FIC Rob m', '1', '3', '0', '0.00', 'IDR', '2014-04-24', '1', '2014');
INSERT INTO `pus_buku` VALUES ('158', '133', '142/B/SIADU/2014', '001001201400142', '142', 'FIC Cla s', '1', '3', '0', '0.00', 'IDR', '2014-04-24', '1', '2014');
INSERT INTO `pus_buku` VALUES ('159', '133', '143/B/SIADU/2014', '001001201400143', '143', 'FIC Cla s', '1', '3', '0', '0.00', 'IDR', '2014-04-24', '1', '2014');
INSERT INTO `pus_buku` VALUES ('160', '134', '144/B/SIADU/2014', '001001201400144', '144', 'FIC Rob m', '1', '3', '0', '0.00', 'IDR', '2014-04-24', '1', '2014');
INSERT INTO `pus_buku` VALUES ('161', '135', '145/B/SIADU/2014', '001001201400145', '145', 'FIC Rob a', '1', '3', '0', '0.00', 'IDR', '2014-04-24', '1', '2014');
INSERT INTO `pus_buku` VALUES ('162', '136', '146/B/SIADU/2014', '001001201400146', '146', 'FIC Jan j', '1', '3', '0', '0.00', 'IDR', '2014-04-30', '1', '2014');
INSERT INTO `pus_buku` VALUES ('163', '136', '147/B/SIADU/2014', '001001201400147', '147', 'FIC Jan j', '1', '3', '0', '0.00', 'IDR', '2014-04-30', '1', '2014');
INSERT INTO `pus_buku` VALUES ('164', '137', '148/B/SIADU/2014', '001001201400148', '148', 'FIC Chi b', '1', '3', '0', '14.40', 'IDR', '2014-04-30', '1', '2014');
INSERT INTO `pus_buku` VALUES ('165', '138', '149/B/SIADU/2014', '001001201400149', '149', 'FIC HER c', '1', '3', '0', '0.00', 'IDR', '2014-04-30', '1', '2014');
INSERT INTO `pus_buku` VALUES ('166', '139', '150/B/SIADU/2014', '001001201400150', '150', 'FIC Jan j', '1', '3', '0', '0.00', 'IDR', '2014-04-30', '1', '2014');
INSERT INTO `pus_buku` VALUES ('167', '140', '151/B/SIADU/2014', '001001201400151', '151', 'FIC Reb j', '1', '3', '0', '0.00', 'IDR', '2014-04-30', '1', '2014');
INSERT INTO `pus_buku` VALUES ('168', '141', '152/B/SIADU/2014', '001001201400152', '152', 'FIC Reb j', '1', '3', '0', '0.00', 'IDR', '2014-04-30', '1', '2014');
INSERT INTO `pus_buku` VALUES ('169', '142', '153/B/SIADU/2014', '001001201400153', '153', 'FIC Enr a', '1', '3', '0', '0.00', 'IDR', '2014-04-30', '1', '2014');
INSERT INTO `pus_buku` VALUES ('170', '142', '154/B/SIADU/2014', '001001201400154', '154', 'FIC Enr a', '1', '3', '0', '0.00', 'IDR', '2014-04-30', '1', '2014');
INSERT INTO `pus_buku` VALUES ('171', '143', '155/B/SIADU/2014', '001001201400155', '155', 'FIC Shi s', '1', '3', '0', '0.00', 'IDR', '2014-04-30', '1', '2014');
INSERT INTO `pus_buku` VALUES ('172', '144', '156/B/SIADU/2014', '001001201400156', '156', 'FIC Shi s', '1', '3', '0', '0.00', 'IDR', '2014-04-30', '1', '2014');
INSERT INTO `pus_buku` VALUES ('173', '144', '157/B/SIADU/2014', '001001201400157', '157', 'FIC Shi s', '1', '3', '0', '0.00', 'IDR', '2014-04-30', '1', '2014');
INSERT INTO `pus_buku` VALUES ('174', '145', '158/B/SIADU/2014', '001001201400158', '158', 'FIC Luc p', '1', '3', '0', '0.00', 'IDR', '2014-05-02', '1', '2014');
INSERT INTO `pus_buku` VALUES ('175', '146', '159/B/SIADU/2014', '001001201400159', '159', 'FIC Bar d', '1', '3', '0', '0.00', 'IDR', '2014-05-02', '1', '2014');
INSERT INTO `pus_buku` VALUES ('176', '147', '160/B/SIADU/2014', '001001201400160', '160', 'FIC Chi c', '1', '3', '0', '15000.00', 'IDR', '2014-05-02', '1', '2014');
INSERT INTO `pus_buku` VALUES ('178', '148', '161/B/SIADU/2014', '001001201400161', '161', 'FIC Shi b', '1', '3', '0', '0.00', 'IDR', '2014-05-02', '1', '2014');
INSERT INTO `pus_buku` VALUES ('179', '148', '162/B/SIADU/2014', '001001201400162', '162', 'FIC Shi b', '1', '3', '0', '0.00', 'IDR', '2014-05-02', '1', '2014');
INSERT INTO `pus_buku` VALUES ('180', '149', '163/B/SIADU/2014', '001001201400163', '163', 'FIC Mar a', '1', '3', '0', '0.00', 'IDR', '2014-05-02', '1', '2014');
INSERT INTO `pus_buku` VALUES ('181', '149', '164/B/SIADU/2014', '001001201400164', '164', 'FIC Mar a', '1', '3', '0', '0.00', 'IDR', '2014-05-02', '1', '2014');
INSERT INTO `pus_buku` VALUES ('182', '150', '165/B/SIADU/2014', '001001201400165', '165', 'FIC Son c', '1', '3', '0', '6.99', 'USD', '2014-05-05', '1', '2014');
INSERT INTO `pus_buku` VALUES ('183', '151', '166/B/SIADU/2014', '001001201400166', '166', 'FIC Leo m', '1', '3', '0', '0.00', 'IDR', '2014-05-05', '1', '2014');
INSERT INTO `pus_buku` VALUES ('184', '151', '167/B/SIADU/2014', '001001201400167', '167', 'FIC Leo m', '1', '3', '0', '0.00', 'IDR', '2014-05-05', '1', '2014');
INSERT INTO `pus_buku` VALUES ('185', '152', '168/B/SIADU/2014', '001001201400168', '168', 'FIC Bel s', '1', '3', '0', '0.00', 'IDR', '2014-05-05', '1', '2014');
INSERT INTO `pus_buku` VALUES ('186', '152', '169/B/SIADU/2014', '001001201400169', '169', 'FIC Bel s', '1', '3', '0', '0.00', 'IDR', '2014-05-05', '1', '2014');
INSERT INTO `pus_buku` VALUES ('187', '153', '170/B/SIADU/2014', '001001201400170', '170', 'FIC Bel f', '1', '3', '0', '0.00', 'IDR', '2014-05-05', '1', '2014');
INSERT INTO `pus_buku` VALUES ('188', '154', '171/B/SIADU/2014', '001001201400171', '171', 'FIC Kev j', '1', '3', '0', '0.00', 'IDR', '2014-05-05', '1', '2014');
INSERT INTO `pus_buku` VALUES ('189', '155', '172/B/SIADU/2014', '001001201400172', '172', 'FIC Mei h', '1', '3', '0', '0.00', 'IDR', '2014-05-05', '1', '2014');
INSERT INTO `pus_buku` VALUES ('190', '156', '173/B/SIADU/2014', '001001201400173', '173', 'FIC Mar l', '1', '3', '0', '0.00', 'IDR', '2014-05-05', '1', '2014');
INSERT INTO `pus_buku` VALUES ('191', '157', '174/B/SIADU/2014', '001001201400174', '174', 'FIC Ani s', '1', '3', '0', '0.00', 'IDR', '2014-05-05', '1', '2014');
INSERT INTO `pus_buku` VALUES ('192', '158', '175/B/SIADU/2014', '001001201400175', '175', 'FIC INT t', '1', '3', '0', '0.00', 'IDR', '2014-05-05', '1', '2014');
INSERT INTO `pus_buku` VALUES ('193', '159', '176/B/SIADU/2014', '001001201400176', '176', 'FIC Eri p', '1', '3', '0', '0.00', 'IDR', '2014-05-05', '1', '2014');
INSERT INTO `pus_buku` VALUES ('194', '160', '177/B/SIADU/2014', '001001201400177', '177', 'FIC Sar h', '1', '3', '0', '3.99', 'USD', '2014-05-05', '1', '2014');
INSERT INTO `pus_buku` VALUES ('195', '161', '178/B/SIADU/2014', '001001201400178', '178', 'FIC Ali b', '1', '3', '0', '0.00', 'IDR', '2014-05-05', '1', '2014');
INSERT INTO `pus_buku` VALUES ('196', '162', '179/B/SIADU/2014', '001001201400179', '179', 'FIC Jim i', '1', '3', '0', '0.00', 'IDR', '2014-05-05', '1', '2014');
INSERT INTO `pus_buku` VALUES ('197', '163', '180/B/SIADU/2014', '001001201400180', '180', 'FIC Jim m', '1', '3', '0', '0.00', 'IDR', '2014-05-05', '1', '2014');
INSERT INTO `pus_buku` VALUES ('198', '164', '181/B/SIADU/2014', '001001201400181', '181', 'FIC Kei d', '1', '3', '0', '0.00', 'IDR', '2014-05-05', '1', '2014');
INSERT INTO `pus_buku` VALUES ('199', '165', '182/B/SIADU/2014', '001001201400182', '182', 'FIC Pat m', '1', '3', '0', '0.00', 'IDR', '2014-05-05', '1', '2014');
INSERT INTO `pus_buku` VALUES ('200', '166', '183/B/SIADU/2014', '001001201400183', '183', 'FIC Car m', '1', '3', '0', '0.00', 'IDR', '2014-05-06', '1', '2014');
INSERT INTO `pus_buku` VALUES ('201', '167', '184/B/SIADU/2014', '001001201400184', '184', 'FIC Jim m', '1', '3', '0', '0.00', 'IDR', '2014-05-06', '1', '2014');
INSERT INTO `pus_buku` VALUES ('202', '168', '185/B/SIADU/2014', '001001201400185', '185', 'FIC Boo w', '1', '3', '0', '0.00', 'IDR', '2014-05-06', '1', '2014');
INSERT INTO `pus_buku` VALUES ('203', '169', '186/B/SIADU/2014', '001001201400186', '186', 'FIC Mel c', '1', '3', '0', '0.00', 'IDR', '2014-05-06', '1', '2014');
INSERT INTO `pus_buku` VALUES ('204', '169', '187/B/SIADU/2014', '001001201400187', '187', 'FIC Mel c', '1', '3', '0', '0.00', 'IDR', '2014-05-06', '1', '2014');
INSERT INTO `pus_buku` VALUES ('205', '170', '188/B/SIADU/2014', '001001201400188', '188', 'FIC Ste j', '1', '3', '0', '0.00', 'IDR', '2014-05-06', '1', '2014');
INSERT INTO `pus_buku` VALUES ('206', '170', '189/B/SIADU/2014', '001001201400189', '189', 'FIC Ste j', '1', '3', '0', '0.00', 'IDR', '2014-05-06', '1', '2014');
INSERT INTO `pus_buku` VALUES ('207', '171', '190/B/SIADU/2014', '001001201400190', '190', 'FIC Ani i', '1', '3', '0', '0.00', 'IDR', '2014-05-07', '1', '2014');
INSERT INTO `pus_buku` VALUES ('208', '172', '191/B/SIADU/2014', '001001201400191', '191', 'FIC Man y', '1', '3', '0', '0.00', 'IDR', '2014-05-07', '1', '2014');
INSERT INTO `pus_buku` VALUES ('209', '173', '192/B/SIADU/2014', '001001201400192', '192', 'FIC Ani k', '1', '3', '0', '0.00', 'IDR', '2014-05-07', '1', '2014');
INSERT INTO `pus_buku` VALUES ('210', '174', '193/B/SIADU/2014', '001001201400193', '193', 'FIC Ani n', '1', '3', '0', '0.00', 'IDR', '2014-05-07', '1', '2014');
INSERT INTO `pus_buku` VALUES ('211', '176', '194/B/SIADU/2014', '001001201400194', '194', 'FIC Roy h', '1', '3', '0', '0.00', 'IDR', '2014-05-07', '1', '2014');
INSERT INTO `pus_buku` VALUES ('212', '177', '195/B/SIADU/2014', '001001201400195', '195', 'FIC Roy b', '1', '3', '0', '3.99', 'USD', '2014-05-07', '1', '2014');
INSERT INTO `pus_buku` VALUES ('213', '178', '196/B/SIADU/2014', '001001201400196', '196', 'FIC Chr j', '1', '3', '0', '0.00', 'IDR', '2014-05-07', '1', '2014');
INSERT INTO `pus_buku` VALUES ('214', '179', '197/B/SIADU/2014', '001001201400197', '197', 'FIC Jes a', '1', '3', '0', '0.00', 'IDR', '2014-05-07', '1', '2014');
INSERT INTO `pus_buku` VALUES ('215', '180', '198/B/SIADU/2014', '001001201400198', '198', 'FIC E,  i', '1', '3', '0', '0.00', 'IDR', '2014-05-07', '1', '2014');
INSERT INTO `pus_buku` VALUES ('216', '181', '199/B/SIADU/2014', '001001201400199', '199', 'FIC Shi c', '1', '3', '0', '0.00', 'IDR', '2014-05-08', '1', '2014');
INSERT INTO `pus_buku` VALUES ('217', '182', '200/B/SIADU/2014', '001001201400200', '200', 'FIC Cla i', '1', '3', '0', '0.00', 'IDR', '2014-05-08', '1', '2014');
INSERT INTO `pus_buku` VALUES ('218', '183', '201/B/SIADU/2014', '001001201400201', '201', 'FIC Mic m', '1', '3', '0', '0.00', 'IDR', '2014-05-08', '1', '2014');
INSERT INTO `pus_buku` VALUES ('219', '184', '202/B/SIADU/2014', '001001201400202', '202', 'FIC Jea c', '1', '3', '0', '3.50', 'USD', '2014-05-08', '1', '2014');
INSERT INTO `pus_buku` VALUES ('220', '185', '203/B/SIADU/2014', '001001201400203', '203', 'FIC Rob m', '1', '3', '0', '0.00', 'IDR', '2014-05-08', '1', '2014');
INSERT INTO `pus_buku` VALUES ('221', '186', '204/B/SIADU/2014', '001001201400204', '204', 'FIC Rob a', '1', '3', '0', '0.00', 'IDR', '2014-05-08', '1', '2014');
INSERT INTO `pus_buku` VALUES ('222', '187', '205/B/SIADU/2014', '001001201400205', '205', 'FIC Gus p', '1', '3', '0', '0.00', 'IDR', '2014-05-08', '1', '2014');
INSERT INTO `pus_buku` VALUES ('223', '188', '206/B/SIADU/2014', '001001201400206', '206', 'FIC Ros w', '1', '3', '0', '0.00', 'IDR', '2014-05-08', '1', '2014');
INSERT INTO `pus_buku` VALUES ('224', '189', '207/B/SIADU/2014', '001001201400207', '207', 'FIC Dal l', '1', '3', '0', '0.00', 'IDR', '2014-05-08', '1', '2014');
INSERT INTO `pus_buku` VALUES ('225', '191', '208/B/SIADU/2014', '001001201400208', '208', 'FIC Jan b', '1', '3', '0', '0.00', 'IDR', '2014-05-09', '1', '2014');
INSERT INTO `pus_buku` VALUES ('226', '191', '209/B/SIADU/2014', '001001201400209', '209', 'FIC Jan b', '1', '3', '0', '0.00', 'IDR', '2014-05-09', '1', '2014');
INSERT INTO `pus_buku` VALUES ('227', '192', '210/B/SIADU/2014', '001001201400210', '210', 'FIC Mir t', '1', '3', '0', '0.00', 'IDR', '2014-05-09', '1', '2014');
INSERT INTO `pus_buku` VALUES ('228', '193', '211/B/SIADU/2014', '001001201400211', '211', 'FIC Kee c', '1', '3', '0', '0.00', 'IDR', '2014-05-09', '1', '2014');
INSERT INTO `pus_buku` VALUES ('229', '194', '212/B/SIADU/2014', '001001201400212', '212', 'FIC Atm l', '1', '3', '0', '24.00', 'IDR', '2014-05-09', '1', '2014');
INSERT INTO `pus_buku` VALUES ('230', '195', '213/B/SIADU/2014', '001001201400213', '213', 'FIC Ton f', '1', '3', '0', '1.99', 'USD', '2014-05-09', '1', '2014');
INSERT INTO `pus_buku` VALUES ('231', '195', '214/B/SIADU/2014', '001001201400214', '214', 'FIC Ton f', '1', '3', '0', '1.99', 'USD', '2014-05-09', '1', '2014');
INSERT INTO `pus_buku` VALUES ('232', '196', '215/B/SIADU/2014', '001001201400215', '215', 'FIC Ann w', '1', '3', '0', '1.99', 'USD', '2014-05-09', '1', '2014');
INSERT INTO `pus_buku` VALUES ('233', '197', '216/B/SIADU/2014', '001001201400216', '216', 'FIC Ann s', '1', '3', '0', '1.99', 'USD', '2014-05-12', '1', '2014');
INSERT INTO `pus_buku` VALUES ('234', '198', '217/B/SIADU/2014', '001001201400217', '217', 'FIC Ann m', '1', '3', '0', '1.99', 'USD', '2014-05-12', '1', '2014');
INSERT INTO `pus_buku` VALUES ('235', '199', '218/B/SIADU/2014', '001001201400218', '218', 'FIC Ela w', '1', '3', '0', '1.99', 'USD', '2014-05-12', '1', '2014');
INSERT INTO `pus_buku` VALUES ('236', '199', '219/B/SIADU/2014', '001001201400219', '219', 'FIC Ela w', '1', '3', '0', '1.99', 'USD', '2014-05-12', '1', '2014');
INSERT INTO `pus_buku` VALUES ('237', '200', '220/B/SIADU/2014', '001001201400220', '220', 'FIC Ann a', '1', '3', '0', '1.99', 'IDR', '2014-05-12', '1', '2014');
INSERT INTO `pus_buku` VALUES ('238', '200', '221/B/SIADU/2014', '001001201400221', '221', 'FIC Ann a', '1', '3', '0', '1.99', 'IDR', '2014-05-12', '1', '2014');
INSERT INTO `pus_buku` VALUES ('239', '201', '222/B/SIADU/2014', '001001201400222', '222', 'FIC Kim b', '1', '3', '0', '0.00', 'IDR', '2014-05-12', '1', '2014');
INSERT INTO `pus_buku` VALUES ('240', '202', '223/B/SIADU/2014', '001001201400223', '223', 'FIC Jud r', '1', '3', '0', '0.00', 'IDR', '2014-05-12', '1', '2014');
INSERT INTO `pus_buku` VALUES ('241', '202', '224/B/SIADU/2014', '001001201400224', '224', 'FIC Jud r', '1', '3', '0', '0.00', 'IDR', '2014-05-12', '1', '2014');
INSERT INTO `pus_buku` VALUES ('242', '203', '225/B/SIADU/2014', '001001201400225', '225', 'FIC Mur j', '1', '3', '0', '24.00', 'IDR', '2014-05-12', '1', '2014');
INSERT INTO `pus_buku` VALUES ('243', '204', '226/B/SIADU/2014', '001001201400226', '226', 'FIC Ilo a', '1', '3', '0', '0.00', 'IDR', '2014-05-12', '1', '2014');
INSERT INTO `pus_buku` VALUES ('244', '205', '227/B/SIADU/2014', '001001201400227', '227', 'FIC pub b', '1', '3', '0', '6.00', 'IDR', '2014-05-13', '1', '2014');
INSERT INTO `pus_buku` VALUES ('245', '206', '228/B/SIADU/2014', '001001201400228', '228', 'FIC pub r', '1', '3', '0', '6.00', 'IDR', '2014-05-13', '1', '2014');
INSERT INTO `pus_buku` VALUES ('246', '207', '229/B/SIADU/2014', '001002201400229', '229', '813 Man l', '2', '3', '0', '24.56', 'SGD', '2014-05-13', '1', '2014');
INSERT INTO `pus_buku` VALUES ('247', '208', '230/B/SIADU/2014', '001002201400230', '230', '813 Ler g', '2', '3', '0', '0.00', 'IDR', '2014-05-13', '1', '2014');
INSERT INTO `pus_buku` VALUES ('248', '209', '231/B/SIADU/2014', '001002201400231', '231', '813 Ler l', '2', '3', '0', '0.00', 'IDR', '2014-05-13', '1', '2014');
INSERT INTO `pus_buku` VALUES ('249', '210', '232/B/SIADU/2014', '001002201400232', '232', '813 Ler s', '2', '3', '0', '0.00', 'IDR', '2014-05-13', '1', '2014');
INSERT INTO `pus_buku` VALUES ('250', '211', '233/B/SIADU/2014', '001001201400233', '233', 'FIC Jud f', '1', '3', '0', '0.00', 'IDR', '2014-05-13', '1', '2014');
INSERT INTO `pus_buku` VALUES ('251', '212', '234/B/SIADU/2014', '001001201400234', '234', 'FIC Cha a', '1', '3', '0', '0.00', 'IDR', '2014-05-13', '1', '2014');
INSERT INTO `pus_buku` VALUES ('252', '213', '234/B/SIADU/2014', '001002201400234', '235', '813 Ler a', '2', '3', '0', '0.00', 'IDR', '2014-05-13', '1', '2014');
INSERT INTO `pus_buku` VALUES ('253', '214', '236/B/SIADU/2014', '001002201400236', '236', '813 Ler w', '2', '3', '0', '0.00', 'IDR', '2014-05-13', '1', '2014');
INSERT INTO `pus_buku` VALUES ('254', '215', '237/B/SIADU/2014', '001001201400237', '237', 'FIC Car w', '1', '3', '0', '0.00', 'IDR', '2014-05-13', '1', '2014');
INSERT INTO `pus_buku` VALUES ('255', '215', '238/B/SIADU/2014', '001001201400238', '238', 'FIC Car w', '1', '3', '0', '0.00', 'IDR', '2014-05-13', '1', '2014');
INSERT INTO `pus_buku` VALUES ('256', '216', '239/B/SIADU/2014', '001001201400239', '239', 'FIC Min o', '1', '3', '0', '0.00', 'IDR', '2014-05-13', '1', '2014');
INSERT INTO `pus_buku` VALUES ('257', '216', '240/B/SIADU/2014', '001001201400240', '240', 'FIC Min o', '1', '3', '0', '0.00', 'IDR', '2014-05-13', '1', '2014');
INSERT INTO `pus_buku` VALUES ('258', '217', '241/B/SIADU/2014', '001001201400241', '241', 'FIC Jan m', '1', '3', '0', '0.00', 'IDR', '2014-05-13', '1', '2014');
INSERT INTO `pus_buku` VALUES ('259', '218', '242/B/SIADU/2014', '001001201400242', '242', 'FIC Dav b', '1', '3', '0', '0.00', 'IDR', '2014-05-13', '1', '2014');
INSERT INTO `pus_buku` VALUES ('260', '218', '243/B/SIADU/2014', '001001201400243', '243', 'FIC Dav b', '1', '3', '0', '0.00', 'IDR', '2014-05-13', '1', '2014');
INSERT INTO `pus_buku` VALUES ('261', '198', '244/B/SIADU/2014', '001001201400244', '244', 'FIC Ann m', '1', '3', '0', '1.99', 'IDR', '2014-05-13', '1', '2014');
INSERT INTO `pus_buku` VALUES ('262', '219', '245/B/SIADU/2014', '001001201400245', '245', 'FIC Sus s', '1', '3', '0', '0.00', 'IDR', '2014-05-13', '1', '2014');
INSERT INTO `pus_buku` VALUES ('263', '220', '246/B/SIADU/2014', '001001201400246', '246', 'FIC Jan m', '1', '3', '0', '0.00', 'IDR', '2014-05-13', '1', '2014');
INSERT INTO `pus_buku` VALUES ('264', '220', '247/B/SIADU/2014', '001001201400247', '247', 'FIC Jan m', '1', '3', '0', '0.00', 'IDR', '2014-05-13', '1', '2014');
INSERT INTO `pus_buku` VALUES ('265', '221', '248/B/SIADU/2014', '001001201400248', '248', 'FIC Min r', '1', '3', '0', '0.00', 'IDR', '2014-05-13', '1', '2014');
INSERT INTO `pus_buku` VALUES ('266', '221', '249/B/SIADU/2014', '001001201400249', '249', 'FIC Min r', '1', '3', '0', '0.00', 'IDR', '2014-05-13', '1', '2014');
INSERT INTO `pus_buku` VALUES ('267', '222', '250/B/SIADU/2014', '001001201400250', '250', 'FIC Jan a', '1', '3', '0', '0.00', 'IDR', '2014-05-13', '1', '2014');
INSERT INTO `pus_buku` VALUES ('268', '222', '251/B/SIADU/2014', '001001201400251', '251', 'FIC Jan a', '1', '3', '0', '0.00', 'IDR', '2014-05-13', '1', '2014');
INSERT INTO `pus_buku` VALUES ('269', '223', '252/B/SIADU/2014', '001001201400252', '252', 'FIC Min t', '1', '3', '0', '0.00', 'IDR', '2014-05-13', '1', '2014');
INSERT INTO `pus_buku` VALUES ('270', '192', '253/B/SIADU/2014', '001001201400253', '253', 'FIC Mir t', '1', '3', '0', '0.00', 'IDR', '2014-05-13', '1', '2014');
INSERT INTO `pus_buku` VALUES ('271', '225', '254/B/SIADU/2014', '001001201400254', '254', 'FIC Jan p', '1', '3', '0', '0.00', 'IDR', '2014-05-13', '1', '2014');
INSERT INTO `pus_buku` VALUES ('272', '226', '255/B/SIADU/2014', '001001201400255', '255', 'FIC Jan a', '1', '3', '0', '0.00', 'IDR', '2014-05-13', '1', '2014');
INSERT INTO `pus_buku` VALUES ('273', '227', '256/B/SIADU/2014', '001001201400256', '256', 'FIC Dav r', '1', '3', '0', '0.00', 'IDR', '2014-05-13', '1', '2014');
INSERT INTO `pus_buku` VALUES ('274', '228', '257/B/SIADU/2014', '001001201400257', '257', 'FIC Dia m', '1', '3', '0', '0.00', 'IDR', '2014-05-14', '1', '2014');
INSERT INTO `pus_buku` VALUES ('275', '229', '258/B/SIADU/2014', '001001201400258', '258', 'FIC Had g', '1', '3', '0', '0.00', 'IDR', '2014-05-14', '1', '2014');
INSERT INTO `pus_buku` VALUES ('276', '230', '259/B/SIADU/2014', '001001201400259', '259', 'FIC Arn h', '1', '3', '0', '5.95', 'USD', '2014-05-14', '1', '2014');
INSERT INTO `pus_buku` VALUES ('277', '231', '260/B/SIADU/2014', '001001201400260', '260', 'FIC Pub c', '1', '3', '0', '0.00', 'IDR', '2014-05-14', '1', '2014');
INSERT INTO `pus_buku` VALUES ('278', '232', '261/B/SIADU/2014', '001001201400261', '261', 'FIC Oi, m', '1', '3', '0', '0.00', 'IDR', '2014-05-14', '1', '2014');
INSERT INTO `pus_buku` VALUES ('279', '233', '262/B/SIADU/2014', '001001201400262', '262', 'FIC Jas d', '1', '3', '0', '0.00', 'IDR', '2014-05-14', '1', '2014');
INSERT INTO `pus_buku` VALUES ('280', '234', '263/B/SIADU/2014', '001002201400263', '263', '813 Ler r', '2', '3', '0', '0.00', 'IDR', '2014-05-14', '1', '2014');
INSERT INTO `pus_buku` VALUES ('281', '236', '264/B/SIADU/2014', '001002201400264', '264', '813 Ler x', '2', '3', '0', '0.00', 'IDR', '2014-05-14', '1', '2014');
INSERT INTO `pus_buku` VALUES ('282', '235', '264/B/SIADU/2014', '001001201400264', '265', 'FIC Nan l', '1', '3', '0', '0.00', 'IDR', '2014-05-14', '1', '2014');
INSERT INTO `pus_buku` VALUES ('283', '237', '266/B/SIADU/2014', '001002201400266', '266', '813 Ler h', '2', '3', '0', '0.00', 'IDR', '2014-05-14', '1', '2014');
INSERT INTO `pus_buku` VALUES ('284', '238', '267/B/SIADU/2014', '001001201400267', '267', 'FIC Pub s', '1', '3', '0', '0.00', 'IDR', '2014-05-14', '1', '2014');
INSERT INTO `pus_buku` VALUES ('285', '239', '268/B/SIADU/2014', '001001201400268', '268', 'FIC Pol s', '1', '3', '0', '0.00', 'IDR', '2014-05-14', '1', '2014');
INSERT INTO `pus_buku` VALUES ('286', '240', '269/B/SIADU/2014', '001002201400269', '269', '813 Max j', '2', '3', '0', '0.00', 'IDR', '2014-05-14', '1', '2014');
INSERT INTO `pus_buku` VALUES ('287', '241', '270/B/SIADU/2014', '001001201400270', '270', 'FIC And w', '1', '3', '0', '0.00', 'IDR', '2014-05-14', '1', '2014');
INSERT INTO `pus_buku` VALUES ('288', '242', '271/B/SIADU/2014', '001002201400271', '271', '813 Ler b', '2', '3', '0', '0.00', 'IDR', '2014-05-14', '1', '2014');
INSERT INTO `pus_buku` VALUES ('289', '243', '272/B/SIADU/2014', '001002201400272', '272', '813 Ler d', '2', '3', '0', '0.00', 'IDR', '2014-05-14', '1', '2014');
INSERT INTO `pus_buku` VALUES ('290', '244', '273/B/SIADU/2014', '001002201400273', '273', '813 Ler c', '2', '3', '0', '0.00', 'IDR', '2014-05-14', '1', '2014');
INSERT INTO `pus_buku` VALUES ('291', '245', '274/B/SIADU/2014', '001001201400274', '274', 'FIC Nan l', '1', '3', '0', '3.90', 'IDR', '2014-05-14', '1', '2014');
INSERT INTO `pus_buku` VALUES ('292', '246', '275/B/SIADU/2014', '001002201400275', '275', '813 Ler u', '2', '3', '0', '0.00', 'IDR', '2014-05-14', '1', '2014');
INSERT INTO `pus_buku` VALUES ('294', '248', '276/B/SIADU/2014', '001002201400276', '276', '813 Ler f', '2', '3', '0', '0.00', 'IDR', '2014-05-14', '1', '2014');
INSERT INTO `pus_buku` VALUES ('295', '249', '277/B/SIADU/2014', '001002201400277', '277', '813 Ler t', '2', '3', '0', '0.00', 'IDR', '2014-05-14', '1', '2014');
INSERT INTO `pus_buku` VALUES ('296', '250', '278/B/SIADU/2014', '001002201400278', '278', '813 Ler v', '2', '3', '0', '0.00', 'IDR', '2014-05-14', '1', '2014');
INSERT INTO `pus_buku` VALUES ('297', '251', '279/B/SIADU/2014', '001002201400279', '279', '813 Ler q', '2', '3', '0', '0.00', 'IDR', '2014-05-14', '1', '2014');
INSERT INTO `pus_buku` VALUES ('298', '252', '280/B/SIADU/2014', '001002201400280', '280', '813 Ler k', '2', '3', '0', '0.00', 'IDR', '2014-05-14', '1', '2014');
INSERT INTO `pus_buku` VALUES ('299', '253', '281/B/SIADU/2014', '001002201400281', '281', '813 Ler o', '2', '3', '0', '0.00', 'IDR', '2014-05-14', '1', '2014');
INSERT INTO `pus_buku` VALUES ('300', '254', '282/B/SIADU/2014', '001002201400282', '282', '813 Ler m', '2', '3', '0', '0.00', 'IDR', '2014-05-14', '1', '2014');
INSERT INTO `pus_buku` VALUES ('301', '255', '283/B/SIADU/2014', '001002201400283', '283', '813 Ler i', '2', '3', '0', '0.00', 'IDR', '2014-05-14', '1', '2014');
INSERT INTO `pus_buku` VALUES ('302', '257', '284/B/SIADU/2014', '001001201400284', '284', 'FIC Nan p', '1', '3', '0', '3.90', 'USD', '2014-05-16', '1', '2014');
INSERT INTO `pus_buku` VALUES ('303', '258', '285/B/SIADU/2014', '001001201400285', '285', 'FIC Ric p', '1', '3', '0', '9.90', 'USD', '2014-05-16', '1', '2014');
INSERT INTO `pus_buku` VALUES ('304', '259', '286/B/SIADU/2014', '001001201400286', '286', 'FIC Mar s', '1', '3', '0', '0.00', 'IDR', '2014-05-16', '1', '2014');
INSERT INTO `pus_buku` VALUES ('305', '260', '287/B/SIADU/2014', '001001201400287', '287', 'FIC Inc l', '1', '3', '0', '4.02', 'USD', '2014-05-16', '1', '2014');
INSERT INTO `pus_buku` VALUES ('306', '261', '288/B/SIADU/2014', '001001201400288', '288', 'FIC Pub v', '1', '3', '0', '0.00', 'IDR', '2014-05-16', '1', '2014');
INSERT INTO `pus_buku` VALUES ('307', '262', '289/B/SIADU/2014', '001001201400289', '289', 'FIC Pub w', '1', '3', '0', '0.00', 'IDR', '2014-05-16', '1', '2014');
INSERT INTO `pus_buku` VALUES ('308', '263', '290/B/SIADU/2014', '001001201400290', '290', 'FIC Pub t', '1', '3', '0', '0.00', 'IDR', '2014-05-16', '1', '2014');
INSERT INTO `pus_buku` VALUES ('309', '264', '291/B/SIADU/2014', '001001201400291', '291', 'FIC Dav c', '1', '3', '0', '5.99', 'USD', '2014-05-16', '1', '2014');
INSERT INTO `pus_buku` VALUES ('310', '265', '292/B/SIADU/2014', '001001201400292', '292', 'FIC Ten b', '1', '3', '0', '0.00', 'IDR', '2014-05-16', '1', '2014');
INSERT INTO `pus_buku` VALUES ('311', '266', '293/B/SIADU/2014', '001001201400293', '293', 'FIC B,  t', '1', '3', '0', '0.00', 'IDR', '2014-05-16', '1', '2014');
INSERT INTO `pus_buku` VALUES ('312', '266', '294/B/SIADU/2014', '001001201400294', '294', 'FIC B,  t', '1', '3', '0', '0.00', 'IDR', '2014-05-16', '1', '2014');
INSERT INTO `pus_buku` VALUES ('313', '267', '295/B/SIADU/2014', '001001201400295', '295', 'FIC Jul c', '1', '3', '0', '0.00', 'IDR', '2014-05-16', '1', '2014');
INSERT INTO `pus_buku` VALUES ('314', '267', '296/B/SIADU/2014', '001001201400296', '296', 'FIC Jul c', '1', '3', '0', '0.00', 'IDR', '2014-05-16', '1', '2014');
INSERT INTO `pus_buku` VALUES ('315', '268', '297/B/SIADU/2014', '001001201400297', '297', 'FIC Coc t', '1', '3', '0', '0.00', 'IDR', '2014-05-16', '1', '2014');
INSERT INTO `pus_buku` VALUES ('316', '269', '298/B/SIADU/2014', '001001201400298', '298', 'FIC Pam l', '1', '3', '0', '1.99', 'IDR', '2014-05-16', '1', '2014');
INSERT INTO `pus_buku` VALUES ('317', '270', '299/B/SIADU/2014', '001001201400299', '299', 'FIC Jul t', '1', '3', '0', '1.99', 'IDR', '2014-05-16', '1', '2014');
INSERT INTO `pus_buku` VALUES ('318', '270', '300/B/SIADU/2014', '001001201400300', '300', 'FIC Jul t', '1', '3', '0', '1.99', 'IDR', '2014-05-16', '1', '2014');
INSERT INTO `pus_buku` VALUES ('319', '271', '301/B/SIADU/2014', '001001201400301', '301', 'FIC Jul w', '1', '3', '0', '1.99', 'IDR', '2014-05-16', '1', '2014');
INSERT INTO `pus_buku` VALUES ('320', '272', '302/B/SIADU/2014', '001001201400302', '302', 'FIC Deb l', '1', '3', '0', '3.90', 'IDR', '2014-05-16', '1', '2014');
INSERT INTO `pus_buku` VALUES ('321', '273', '303/B/SIADU/2014', '001001201400303', '303', 'FIC Kar g', '1', '3', '0', '0.00', 'IDR', '2014-05-16', '1', '2014');
INSERT INTO `pus_buku` VALUES ('322', '274', '304/B/SIADU/2014', '001001201400304', '304', 'FIC Kar s', '1', '3', '0', '0.00', 'IDR', '2014-05-16', '1', '2014');
INSERT INTO `pus_buku` VALUES ('323', '275', '305/B/SIADU/2014', '001001201400305', '305', 'FIC Ton i', '1', '3', '0', '0.00', 'IDR', '2014-05-16', '1', '2014');
INSERT INTO `pus_buku` VALUES ('324', '276', '306/B/SIADU/2014', '001001201400306', '306', 'FIC Ron d', '1', '3', '0', '7.99', 'IDR', '2014-05-16', '1', '2014');
INSERT INTO `pus_buku` VALUES ('325', '277', '307/B/SIADU/2014', '001001201400307', '307', 'FIC Fre c', '1', '3', '0', '6.00', 'IDR', '2014-05-16', '1', '2014');
INSERT INTO `pus_buku` VALUES ('326', '278', '308/B/SIADU/2014', '001001201400308', '308', 'FIC Jac k', '1', '3', '0', '10.95', 'USD', '2014-05-19', '1', '2014');
INSERT INTO `pus_buku` VALUES ('327', '279', '309/B/SIADU/2014', '001001201400309', '309', 'FIC Sar f', '1', '3', '0', '0.00', 'IDR', '2014-05-19', '1', '2014');
INSERT INTO `pus_buku` VALUES ('328', '280', '310/B/SIADU/2014', '001001201400310', '310', 'FIC She i', '1', '3', '0', '5.99', 'IDR', '2014-05-19', '1', '2014');
INSERT INTO `pus_buku` VALUES ('329', '281', '311/B/SIADU/2014', '001001201400311', '311', 'FIC Lin a', '1', '3', '0', '0.00', 'IDR', '2014-05-19', '1', '2014');
INSERT INTO `pus_buku` VALUES ('330', '282', '312/B/SIADU/2014', '001001201400312', '312', 'FIC Hel r', '1', '3', '0', '0.00', 'IDR', '2014-05-19', '1', '2014');
INSERT INTO `pus_buku` VALUES ('331', '283', '313/B/SIADU/2014', '001001201400313', '313', 'FIC Hel r', '1', '3', '0', '0.00', 'IDR', '2014-05-19', '1', '2014');
INSERT INTO `pus_buku` VALUES ('332', '284', '314/B/SIADU/2014', '001001201400314', '314', 'FIC STE l', '1', '3', '0', '12.90', 'USD', '2014-05-19', '1', '2014');
INSERT INTO `pus_buku` VALUES ('333', '285', '315/B/SIADU/2014', '001001201400315', '315', 'FIC Jul w', '1', '3', '0', '0.00', 'IDR', '2014-05-19', '1', '2014');
INSERT INTO `pus_buku` VALUES ('334', '286', '316/B/SIADU/2014', '001001201400316', '316', 'FIC Jul w', '1', '3', '0', '0.00', 'IDR', '2014-05-19', '1', '2014');
INSERT INTO `pus_buku` VALUES ('335', '287', '317/B/SIADU/2014', '001001201400317', '317', 'FIC Jul w', '1', '3', '0', '0.00', 'IDR', '2014-05-19', '1', '2014');
INSERT INTO `pus_buku` VALUES ('336', '288', '318/B/SIADU/2014', '001001201400318', '318', 'FIC Jul w', '1', '3', '0', '0.00', 'IDR', '2014-05-19', '1', '2014');
INSERT INTO `pus_buku` VALUES ('337', '289', '319/B/SIADU/2014', '001001201400319', '319', 'FIC Cou k', '1', '3', '0', '0.00', 'IDR', '2014-05-26', '1', '2014');
INSERT INTO `pus_buku` VALUES ('338', '290', '320/B/SIADU/2014', '001001201400320', '320', 'FIC Cou b', '1', '3', '0', '0.00', 'IDR', '2014-05-26', '1', '2014');
INSERT INTO `pus_buku` VALUES ('339', '291', '321/B/SIADU/2014', '001001201400321', '321', 'FIC Pet k', '1', '3', '0', '0.00', 'IDR', '2007-04-23', '1', '2014');
INSERT INTO `pus_buku` VALUES ('340', '292', '322/B/SIADU/2014', '001001201400322', '322', 'FIC Mar b', '1', '3', '0', '0.00', 'IDR', '2014-05-26', '1', '2014');
INSERT INTO `pus_buku` VALUES ('341', '292', '323/B/SIADU/2014', '001001201400323', '323', 'FIC Mar b', '1', '3', '0', '0.00', 'IDR', '2014-05-26', '1', '2014');
INSERT INTO `pus_buku` VALUES ('342', '293', '324/B/SIADU/2014', '001001201400324', '324', 'FIC Koo c', '1', '3', '0', '0.00', 'IDR', '2014-05-26', '1', '2014');
INSERT INTO `pus_buku` VALUES ('343', '294', '325/B/SIADU/2014', '001001201400325', '325', '222 De, r', '1', '3', '0', '0.00', 'IDR', '2014-05-26', '1', '2014');
INSERT INTO `pus_buku` VALUES ('344', '295', '326/B/SIADU/2014', '001001201400326', '326', 'FIC Koo m', '1', '3', '0', '0.00', 'IDR', '2014-05-26', '1', '2014');
INSERT INTO `pus_buku` VALUES ('345', '296', '327/B/SIADU/2014', '001001201400327', '327', 'FIC Jan m', '1', '3', '0', '1.99', 'IDR', '2014-05-26', '1', '2014');
INSERT INTO `pus_buku` VALUES ('346', '297', '328/B/SIADU/2014', '001001201400328', '328', 'FIC Lin r', '1', '3', '0', '0.00', 'IDR', '2014-05-26', '1', '2014');
INSERT INTO `pus_buku` VALUES ('347', '298', '329/B/SIADU/2014', '001001201400329', '329', 'FIC Lyn n', '1', '3', '0', '0.00', 'IDR', '2014-05-26', '1', '2014');
INSERT INTO `pus_buku` VALUES ('348', '299', '330/B/SIADU/2014', '001001201400330', '330', 'FIC Lyn g', '1', '3', '0', '0.00', 'IDR', '2014-05-26', '1', '2014');
INSERT INTO `pus_buku` VALUES ('349', '299', '331/B/SIADU/2014', '001001201400331', '331', 'FIC Lyn g', '1', '3', '0', '0.00', 'IDR', '2014-05-26', '1', '2014');
INSERT INTO `pus_buku` VALUES ('350', '300', '332/B/SIADU/2014', '001001201400332', '332', 'FIC Lyn g', '1', '3', '0', '0.00', 'IDR', '2014-05-26', '1', '2014');
INSERT INTO `pus_buku` VALUES ('351', '300', '333/B/SIADU/2014', '001001201400333', '333', 'FIC Lyn g', '1', '3', '0', '0.00', 'IDR', '2014-05-26', '1', '2014');
INSERT INTO `pus_buku` VALUES ('352', '301', '334/B/SIADU/2014', '001001201400334', '334', 'FIC Nan s', '1', '3', '0', '11.99', 'IDR', '2014-05-26', '1', '2014');
INSERT INTO `pus_buku` VALUES ('353', '301', '335/B/SIADU/2014', '001001201400335', '335', 'FIC Nan s', '1', '3', '0', '11.99', 'IDR', '2014-05-26', '1', '2014');
INSERT INTO `pus_buku` VALUES ('354', '302', '336/B/SIADU/2014', '001001201400336', '336', 'FIC Non p', '1', '3', '0', '13.00', 'IDR', '2014-05-26', '1', '2014');
INSERT INTO `pus_buku` VALUES ('355', '303', '337/B/SIADU/2014', '001001201400337', '337', 'FIC Non n', '1', '3', '0', '13.00', 'IDR', '2014-05-26', '1', '2014');
INSERT INTO `pus_buku` VALUES ('356', '304', '338/B/SIADU/2014', '001001201400338', '338', 'FIC Roy b', '1', '3', '0', '48.00', 'IDR', '2014-05-26', '1', '2014');
INSERT INTO `pus_buku` VALUES ('357', '305', '339/B/SIADU/2014', '001001201400339', '339', 'FIC Ale j', '1', '3', '0', '0.00', 'IDR', '2014-05-26', '1', '2014');
INSERT INTO `pus_buku` VALUES ('358', '306', '340/B/SIADU/2014', '001001201400340', '340', 'FIC Jul b', '1', '3', '0', '0.00', 'IDR', '2014-05-28', '1', '2014');
INSERT INTO `pus_buku` VALUES ('359', '307', '341/B/SIADU/2014', '001001201400341', '341', 'FIC Fra a', '1', '3', '0', '0.00', 'IDR', '2014-05-28', '1', '2014');
INSERT INTO `pus_buku` VALUES ('360', '308', '342/B/SIADU/2014', '001001201400342', '342', '590 Kat l', '1', '3', '0', '0.00', 'IDR', '2014-05-28', '1', '2014');
INSERT INTO `pus_buku` VALUES ('361', '309', '343/B/SIADU/2014', '001001201400343', '343', 'FIC Mo, d', '1', '3', '0', '16.00', 'USD', '2014-05-28', '1', '2014');
INSERT INTO `pus_buku` VALUES ('362', '310', '344/B/SIADU/2014', '001001201400344', '344', 'FIC Mo, n', '1', '3', '0', '0.00', 'IDR', '2014-05-28', '1', '2014');
INSERT INTO `pus_buku` VALUES ('363', '311', '345/B/SIADU/2014', '001001201400345', '345', 'FIC Mar l', '1', '3', '0', '0.00', 'IDR', '2014-05-30', '1', '2014');
INSERT INTO `pus_buku` VALUES ('364', '312', '346/B/SIADU/2014', '001001201400346', '346', 'FIC Mel a', '1', '3', '0', '0.00', 'IDR', '2014-05-30', '1', '2014');
INSERT INTO `pus_buku` VALUES ('365', '313', '347/B/SIADU/2014', '001001201400347', '347', 'FIC Ian b', '1', '3', '0', '5.90', 'IDR', '2014-05-30', '1', '2014');
INSERT INTO `pus_buku` VALUES ('366', '314', '348/B/SIADU/2014', '001001201400348', '348', 'FIC Mar l', '1', '3', '0', '0.00', 'IDR', '2014-05-30', '1', '2014');
INSERT INTO `pus_buku` VALUES ('367', '315', '349/B/SIADU/2014', '001001201400349', '349', 'FIC Ros t', '1', '3', '0', '0.00', 'IDR', '2014-05-30', '1', '2014');
INSERT INTO `pus_buku` VALUES ('368', '316', '350/B/SIADU/2014', '001001201400350', '350', 'FIC Kat t', '1', '3', '0', '0.00', 'IDR', '2014-05-30', '1', '2014');
INSERT INTO `pus_buku` VALUES ('369', '317', '351/B/SIADU/2014', '001001201400351', '351', 'FIC All a', '1', '3', '0', '0.00', 'IDR', '2014-05-30', '1', '2014');
INSERT INTO `pus_buku` VALUES ('370', '317', '352/B/SIADU/2014', '001001201400352', '352', 'FIC All a', '1', '3', '0', '0.00', 'IDR', '2014-05-30', '1', '2014');
INSERT INTO `pus_buku` VALUES ('371', '318', '353/B/SIADU/2014', '001001201400353', '353', 'FIC Ali m', '1', '3', '0', '0.00', 'IDR', '2014-05-30', '1', '2014');
INSERT INTO `pus_buku` VALUES ('372', '318', '354/B/SIADU/2014', '001001201400354', '354', 'FIC Ali m', '1', '3', '0', '0.00', 'IDR', '2014-05-30', '1', '2014');
INSERT INTO `pus_buku` VALUES ('373', '319', '355/B/SIADU/2014', '001001201400355', '355', 'FIC San j', '1', '3', '0', '0.00', 'IDR', '2014-05-30', '1', '2014');
INSERT INTO `pus_buku` VALUES ('374', '320', '356/B/SIADU/2014', '001001201400356', '356', 'FIC Roz t', '1', '3', '0', '0.00', 'IDR', '2014-05-30', '1', '2014');
INSERT INTO `pus_buku` VALUES ('375', '320', '357/B/SIADU/2014', '001001201400357', '357', 'FIC Roz t', '1', '3', '0', '0.00', 'IDR', '2014-05-30', '1', '2014');
INSERT INTO `pus_buku` VALUES ('376', '321', '358/B/SIADU/2014', '001001201400358', '358', 'FIC Kat s', '1', '3', '0', '0.00', 'IDR', '2014-05-30', '1', '2014');
INSERT INTO `pus_buku` VALUES ('377', '322', '359/B/SIADU/2014', '001001201400359', '359', 'FIC Deb l', '1', '3', '0', '0.00', 'IDR', '2014-05-30', '1', '2014');
INSERT INTO `pus_buku` VALUES ('378', '323', '360/B/SIADU/2014', '001001201400360', '360', 'FIC Boo g', '1', '3', '0', '0.00', 'IDR', '2014-05-30', '1', '2014');
INSERT INTO `pus_buku` VALUES ('379', '324', '361/B/SIADU/2014', '001001201400361', '361', 'FIC Boo g', '1', '3', '0', '2.99', 'IDR', '2014-05-30', '1', '2014');
INSERT INTO `pus_buku` VALUES ('380', '325', '362/B/SIADU/2014', '001001201400362', '362', 'FIC Kat h', '1', '3', '0', '0.00', 'IDR', '2014-06-02', '1', '2014');
INSERT INTO `pus_buku` VALUES ('381', '325', '362/B/SIADU/2014', '001001201400362', '363', 'FIC Kat h', '1', '3', '0', '0.00', 'IDR', '2014-06-02', '1', '2014');
INSERT INTO `pus_buku` VALUES ('382', '326', '364/B/SIADU/2014', '001001201400364', '364', 'FIC Ali m', '1', '3', '0', '0.00', 'IDR', '2014-06-02', '1', '2014');
INSERT INTO `pus_buku` VALUES ('383', '327', '365/B/SIADU/2014', '001001201400365', '365', 'FIC Com a', '1', '3', '0', '0.00', 'IDR', '2014-06-02', '1', '2014');
INSERT INTO `pus_buku` VALUES ('384', '328', '366/B/SIADU/2014', '001001201400366', '366', 'FIC Com a', '1', '3', '0', '0.00', 'IDR', '2014-06-02', '1', '2014');
INSERT INTO `pus_buku` VALUES ('385', '330', '367/B/SIADU/2014', '001001201400367', '367', 'FIC Kei d', '1', '3', '0', '0.00', 'IDR', '2014-06-03', '1', '2014');
INSERT INTO `pus_buku` VALUES ('386', '331', '368/B/SIADU/2014', '001001201400368', '368', 'FIC Mir e', '1', '3', '0', '9.90', 'USD', '2014-06-09', '1', '2014');
INSERT INTO `pus_buku` VALUES ('387', '332', '369/B/SIADU/2014', '001001201400369', '369', 'FIC Cla f', '1', '3', '0', '5.99', 'IDR', '2014-06-09', '1', '2014');
INSERT INTO `pus_buku` VALUES ('388', '333', '370/B/SIADU/2014', '001001201400370', '370', 'FIC Lyn p', '1', '3', '0', '15000.00', 'IDR', '2014-06-09', '1', '2014');
INSERT INTO `pus_buku` VALUES ('389', '334', '371/B/SIADU/2014', '001001201400371', '371', 'FIC Ire s', '1', '3', '0', '0.00', 'IDR', '2014-06-09', '1', '2014');
INSERT INTO `pus_buku` VALUES ('390', '335', '372/B/SIADU/2014', '001001201400372', '372', 'FIC Pre r', '1', '3', '0', '5.90', 'IDR', '2014-06-09', '1', '2014');
INSERT INTO `pus_buku` VALUES ('391', '336', '373/B/SIADU/2014', '001001201400373', '373', 'FIC Kat g', '1', '3', '0', '5.90', 'IDR', '2014-06-10', '1', '2014');
INSERT INTO `pus_buku` VALUES ('392', '337', '374/B/SIADU/2014', '001001201400374', '374', '222 Cla d', '1', '3', '0', '3.95', 'IDR', '2014-06-10', '1', '2014');
INSERT INTO `pus_buku` VALUES ('393', '338', '375/B/SIADU/2014', '001001201400375', '375', '823 Ant s', '1', '3', '0', '0.00', 'IDR', '2014-06-10', '1', '2014');
INSERT INTO `pus_buku` VALUES ('394', '339', '376/B/SIADU/2014', '001001201400376', '376', '811 Kat n', '1', '3', '0', '0.00', 'IDR', '2014-06-10', '1', '2014');
INSERT INTO `pus_buku` VALUES ('395', '340', '377/B/SIADU/2014', '001001201400377', '377', 'FIC Man l', '1', '3', '0', '0.00', 'IDR', '2014-06-10', '1', '2014');
INSERT INTO `pus_buku` VALUES ('398', '24', '379/B/SIADU/2015', '001001201500379', '379', '220.95 Dor 1', '1', '3', '0', '0.00', 'IDR', '2015-02-10', '1', '2015');
INSERT INTO `pus_buku` VALUES ('399', '344', '380/B/SIADU/2015', '001001201500380', '380', 'k', '1', '3', '0', '0.00', 'IDR', '2015-02-10', '1', '2015');

-- ----------------------------
-- Table structure for pus_detail_setting
-- ----------------------------
DROP TABLE IF EXISTS `pus_detail_setting`;
CREATE TABLE `pus_detail_setting` (
  `replid` int(11) NOT NULL AUTO_INCREMENT,
  `kunci` int(11) NOT NULL DEFAULT '0',
  `nilai` varchar(200) NOT NULL,
  `nilai2` varchar(200) NOT NULL,
  `keterangan` text NOT NULL,
  `isEdit` int(1) NOT NULL DEFAULT '0',
  `isActive` int(1) NOT NULL DEFAULT '1',
  `urut` int(2) NOT NULL,
  PRIMARY KEY (`replid`)
) ENGINE=MyISAM AUTO_INCREMENT=12 DEFAULT CHARSET=latin1;

-- ----------------------------
-- Records of pus_detail_setting
-- ----------------------------
INSERT INTO `pus_detail_setting` VALUES ('1', '1', 'nomorauto', '4', 'Nomor otomatis (incremental). Panjang digit maksimal 5 karakter dengan penambahan angka 0 di depan. Jika panjang digit tidak diberikan atau 0 maka panjang digit sesuai angka asli tanpa penambahan angka 0 di depan.\r\nContoh:\r\n[nomorauto.5] untuk nomor otomatis dengan panjang digit lima karakter.[nomorauto] untuk nomor otomatis dengan panjang digit sesuai angka asli.', '1', '1', '1');
INSERT INTO `pus_detail_setting` VALUES ('2', '1', 'sumber', '', 'Sumber itemSumber dari pembelian berkode B.\r\nSumber dari hibah/pemberian berkode H.', '0', '1', '2');
INSERT INTO `pus_detail_setting` VALUES ('3', '1', 'sistem', 'SISTER', 'Sumber itemSumber dari pembelian berkode B.\r\nSumber dari hibah/pemberian berkode H.', '1', '1', '3');
INSERT INTO `pus_detail_setting` VALUES ('4', '1', 'tahun', '', 'Tahun ketika buku diterima', '0', '1', '4');
INSERT INTO `pus_detail_setting` VALUES ('5', '1', 'tingkatbuku', '', 'Kode lokasi perpustakaan', '0', '1', '5');
INSERT INTO `pus_detail_setting` VALUES ('6', '2', 'lokasi', '', 'Kode lokasi.', '0', '1', '1');
INSERT INTO `pus_detail_setting` VALUES ('7', '2', 'tingkat', '', 'Kode tingkat koleksi.', '0', '1', '2');
INSERT INTO `pus_detail_setting` VALUES ('8', '2', 'tahun', '', 'Tahun.', '0', '1', '3');
INSERT INTO `pus_detail_setting` VALUES ('9', '2', 'nomorauto', '5', 'Nomor otomatis (incremental). Panjang digit maksimal 5 karakter dengan penambahan angka 0 di depan. Jika panjang digit tidak diberikan atau 0 maka panjang digit sesuai angka asli tanpa penambahan angka 0 di depan.\r\nContoh:\r\n[nomorauto.5] untuk nomor otomatis dengan panjang digit lima karakter.\r\n[nomorauto] untuk nomor otomatis dengan panjang digit sesuai angka asli.', '1', '1', '4');
INSERT INTO `pus_detail_setting` VALUES ('10', '3', 'instansi', 'ELYON SCHOOL LIBRARY ', 'nama instansi', '1', '1', '1');
INSERT INTO `pus_detail_setting` VALUES ('11', '4', 'deskripsi', 'Jl. Sukomanunggal Jaya 189-191 Sby (031-59622690) 99', 'deskripsi instansi (lengkap)', '1', '1', '1');

-- ----------------------------
-- Table structure for pus_extra
-- ----------------------------
DROP TABLE IF EXISTS `pus_extra`;
CREATE TABLE `pus_extra` (
  `replid` int(10) unsigned NOT NULL AUTO_INCREMENT,
  `kode` varchar(10) NOT NULL,
  `nama` varchar(100) NOT NULL,
  `keterangan` varchar(200) NOT NULL,
  PRIMARY KEY (`replid`)
) ENGINE=MyISAM AUTO_INCREMENT=2 DEFAULT CHARSET=latin1;

-- ----------------------------
-- Records of pus_extra
-- ----------------------------
INSERT INTO `pus_extra` VALUES ('1', '001', 'Extra 1', '');

-- ----------------------------
-- Table structure for pus_jenisbuku
-- ----------------------------
DROP TABLE IF EXISTS `pus_jenisbuku`;
CREATE TABLE `pus_jenisbuku` (
  `replid` int(10) unsigned NOT NULL AUTO_INCREMENT,
  `kode` varchar(10) NOT NULL,
  `nama` varchar(100) NOT NULL,
  `keterangan` varchar(200) NOT NULL,
  PRIMARY KEY (`replid`)
) ENGINE=MyISAM AUTO_INCREMENT=5 DEFAULT CHARSET=latin1;

-- ----------------------------
-- Records of pus_jenisbuku
-- ----------------------------
INSERT INTO `pus_jenisbuku` VALUES ('1', 'HC', 'Hard cover', '');
INSERT INTO `pus_jenisbuku` VALUES ('2', 'CD R', 'CD R', '');
INSERT INTO `pus_jenisbuku` VALUES ('3', 'PB', 'Paperback', '');
INSERT INTO `pus_jenisbuku` VALUES ('4', 'DVD', 'DVD', '');

-- ----------------------------
-- Table structure for pus_katalog
-- ----------------------------
DROP TABLE IF EXISTS `pus_katalog`;
CREATE TABLE `pus_katalog` (
  `replid` int(10) unsigned NOT NULL AUTO_INCREMENT,
  `judul` varchar(200) NOT NULL,
  `klasifikasi_kode` varchar(10) NOT NULL DEFAULT '',
  `klasifikasi` int(10) unsigned NOT NULL DEFAULT '0',
  `callnumber` varchar(100) NOT NULL,
  `pengarang` int(10) unsigned NOT NULL DEFAULT '0',
  `penerbit` int(10) unsigned NOT NULL DEFAULT '0',
  `isbn` varchar(50) NOT NULL,
  `issn` varchar(50) NOT NULL,
  `penerjemah` varchar(200) NOT NULL,
  `tahunterbit` varchar(4) NOT NULL,
  `editor` varchar(200) NOT NULL,
  `photo` mediumblob NOT NULL,
  `photo2` longtext,
  `kota` varchar(20) NOT NULL,
  `volume` varchar(50) NOT NULL,
  `seri` varchar(100) NOT NULL,
  `edisi` varchar(50) NOT NULL,
  `halaman` int(11) NOT NULL DEFAULT '0',
  `dimensi` varchar(20) NOT NULL,
  `bahasa` int(10) unsigned NOT NULL DEFAULT '0',
  `jenisbuku` int(10) unsigned NOT NULL DEFAULT '0',
  `deskripsi` varchar(250) NOT NULL,
  PRIMARY KEY (`replid`)
) ENGINE=MyISAM AUTO_INCREMENT=345 DEFAULT CHARSET=latin1;

-- ----------------------------
-- Records of pus_katalog
-- ----------------------------
INSERT INTO `pus_katalog` VALUES ('1', 'Tiga manula jalan-jalan ke Selatan Jawa`', '741.5', '15', '741.5 RAC t', '14', '4', '9789799106308', '', '', '2013', '', '', null, 'Jakarta', '', '', '', '96', '17 cm', '1', '3', 'Pantang menyerah mencari Tingal, desa kelahiran Waluyo, Tiga Manula kini menyusuri Selatan Jawa. Tiga makam presiden diziarahi, Solo-Yogya dinikmati, Candi Borobudur didaki, Nusakambangan dijelajahi, dan beragam kuliner dicicipi. Dimanakah sebenarnya');
INSERT INTO `pus_katalog` VALUES ('2', 'Sally Ann thunder Ann whirlwind crockett`', '813', '16', '813 KEL s', '19', '9', '0590969994', '', '', '1995', '', '', null, 'New York', '', '', '', '48', '28 cm', '2', '3', 'Sally ann thunder ann is the strongest, fastes woman around. But is she strong enough to rescue Davy Crockett and beat the mighty Mike Fink.');
INSERT INTO `pus_katalog` VALUES ('3', 'Crime and Punishment`', '813', '16', '813 DOS c', '12', '5', '9781840224306', '', '', '2000', '', '', null, 'London', '', '', '', '486', '20 cm', '2', '3', 'This book is one of the greatest and most readable novels ever written. From the beginning we are locked into the frenzied consciousness of Raskolnikov who, againts his better instinest, is inexorably draw to commit a brutal double murder.');
INSERT INTO `pus_katalog` VALUES ('4', 'Sunshine becomes you`', '823', '12', '823 TAN s', '9', '4', '9789792278132', '', '', '2012', '', '', null, 'Jakarta', '', '', '', '432', '20 cm', '1', '3', 'Awalnya, Alex Hirano lebih memilih jauh-jauh dari gadis itu-malaikat kegelapan yang membuatnya cacat. Kemudian Mia Clark tertawa, dan Alex bertanya-tanya bagaimana ia bisa berpikir gadis yang memiliki tawa secerah matahari itu adalah malaikat kegelap');
INSERT INTO `pus_katalog` VALUES ('5', 'Hiu dan monster bawah laut`', '597.3', '14', '597.3 BAR h', '13', '15', '9786020032825', '', 'KURNIAWAN, Andri', '2012', '', '', null, 'Jakarta', '', '', '', '190', '18cm', '1', '3', 'Menampilkan lebih dari 80 hiu paling menakutkan dan terburuk di dunia, lintah, aligator, cumi-cumi dan binatang bawah air lainnya.');
INSERT INTO `pus_katalog` VALUES ('6', 'Tarzan kota`', '823', '12', '823 SUP t', '16', '7', '9792110747', '', '', '2005', '', '', null, 'Yogyakarta', '4', 'Tito', '', '28', '25 cm', '1', '3', 'Tito adalah tokoh kucing yang sok aksi. Dia suka usil dan kadang-kadang juga nakal. Meskipun demikian, Tito punya kelebihan, misalnya pandai bergaul, tidak mudah sakit hati, dan selalu menyesali kesalahannya.');
INSERT INTO `pus_katalog` VALUES ('7', '5 cm`', '823', '12', '823 DHI 5', '15', '14', '9789790818521', '', '', '2013', 'NUSANTARA, A. Ariobimo', '', null, 'Jakarta', '', '', '', '382', '21 cm', '1', '3', 'Sore ini, setelah menyelesaikan halaman terakhir 5 cm-nya Donny Dhirgantoro, saya terdiam lama dan menangis. Buku ini, entah bagaimana, membuat saya memandang dunia, hidup, dan segala sesuatu di sekitar saya, dengan cara yang berbeda.');
INSERT INTO `pus_katalog` VALUES ('8', 'Getting around in the city`', '813', '16', '813 ADA g', '20', '10', '0153276509', '', '', '0', '', '', null, 'Orlando', '', '', '', '16', '20 cm', '2', '3', 'I kive in the city. It is a big, busy place. There are so many ways to get around in the city.');
INSERT INTO `pus_katalog` VALUES ('9', 'Yes you can, Kerry`', '813', '16', '813 APP y', '21', '10', '0153230754', '', '', '0', '', '', null, 'Orlando', '', '', '', '16', '20 cm', '2', '3', 'It was the first day of school. Nine young fish were gathered there. Most clustered in a shell waiting for the teacher.');
INSERT INTO `pus_katalog` VALUES ('10', 'Huggly\'s halloween`', '813', '16', '813 ARN h', '22', '9', '0439324491', '', '', '2002', '', '', null, 'New York', '', '', '', '30', '20 cm', '2', '3', 'Huggly and his friends live in the monster world. But sometimes the human world is just too hard to resist. That\'s when the fun begins...');
INSERT INTO `pus_katalog` VALUES ('11', 'Huggly goes to school`', '813', '16', '813 ARN h', '22', '9', '0439134994', '', '', '2000', '', '', null, 'New York', '', '', '', '30', '20 cm', '2', '3', 'Huggly doesn\'t realize that his perfect hide-and-seek hiding spot is...a school. Can Huggly and his friends pretend to be people without getting caught.');
INSERT INTO `pus_katalog` VALUES ('12', 'Tommy tractor\'s new job`', '813', '16', '813 AND t', '23', '11', '1841352578', '', '', '2003', '', '', null, 'London', '', '', '', '28', '23 cm', '2', '3', 'Tommy tractor has a very busy job throughout the year on Parship farm. But when farmer peadley becomes ill, life begins to change.');
INSERT INTO `pus_katalog` VALUES ('13', 'Lukisan ajaib bidadari`', '823', '12', '823 SUP l', '16', '0', '9792104240', '', '', '2006', '', '', null, 'Yogyakarta', '5', 'Pan-pan', '', '28', '25 cm', '1', '3', 'Pan Pan, singkatan dari panda yang pandai, adalah tokoh dari dunia panda. Pan pan adalah panda yang cerdas, setia kawan, dan baik hati. Ia mempunyai sahabat bernama Blonda yg bloon dan mudah terhasut.');
INSERT INTO `pus_katalog` VALUES ('14', 'The testament`', '823', '12', '823 GRI t', '11', '4', '9789792261868', '', 'SETIADI, Hendarto', '2010', '', '', null, 'Jakarta', '', '', '', '620', '18 cm', '1', '3', 'Troy Phelan, miliader yang sukses berkat kerja keras seumur hidupnya, eksentrik, suka menyendiri dan hidupnya terikat pada kursi roda, memilih mengakhiri riwayatnya dengan terjun dari lantai empat belas gedung perkantorannya.');
INSERT INTO `pus_katalog` VALUES ('15', 'Three women looking for love`', '823', '12', '823 VIR t', '10', '4', '9789792289138', '', '', '2012', '', '', null, 'Jakarta', '', '', '', '270', '20 cm', '1', '3', 'Kami bertiga dipersatukan takdir sebagai lajang terakhir di angkatan SMA. Berusia kepala tiga, kami senasib-sepenanggungan. Kami saling berbagi, saling menguatkan, juga saling bersaing diam-diam.');
INSERT INTO `pus_katalog` VALUES ('16', 'Dia, tanpa aku`', '823', '12', '823 KIN d', '8', '0', '9789792234411', '', '', '2011', '', '', null, 'Jakarta', '', '', '', '276', '', '1', '3', 'Ronald, cowok kelas 2 SMA, sudah lama naksir Citra yang masih kelas 3 SMP. Tapi Ronald belum mau PDKT. Ia menunggu sampai Citra masuk SMA, karena itu ia hanya bisa mengamati Citra dari jauh.');
INSERT INTO `pus_katalog` VALUES ('17', 'Rustie gets dirty`', '813', '16', '813 CHA r', '24', '12', '', '', '', '2002', '', '', null, '', '', 'Little Puppy Tails', '', '8', '17 cm', '2', '1', 'Rustie loves to dig in the garden and play in the leaves. But only clever Rustie knows how to clean up at the end of a dirty day.');
INSERT INTO `pus_katalog` VALUES ('18', 'The stories huey tells`', '813', '16', '813 CAM t', '25', '0', '0679885595', '', '', '1995', '', '', null, 'New York', '', '', '', '102', '19 cm', '2', '3', 'It isn\'t easy being Julians younger brother. When Huey has bad dream, Julian says his are scarier. And when Huey wants to study animal tracks, Julian says he\'s too young.');
INSERT INTO `pus_katalog` VALUES ('19', 'Everything on Olvera street`', '813', '16', '813 COL e', '26', '10', '0153230959', '', '', '0', '', '', null, 'Orlando', '', '', '', '16', '21 cm', '2', '3', 'Last summer I visited my aunt Helen in Los Angeles, California. On my first saturday, Aut Helen enjoyed a late Breakfast.');
INSERT INTO `pus_katalog` VALUES ('20', 'Jackrabbit goalie`', '813', '16', '813 CHR j', '28', '0', '0316139750', '', '', '0', '', '', null, 'Canada', '', '', '', '48', '21 cm', '2', '3', 'Anxious to make friends in a new town, a young boy lies about his experience as goalie in order to get on the local soccer team.');
INSERT INTO `pus_katalog` VALUES ('22', 'Tell me a story of a cake`', 'FIC', '11', 'FIC AGI t', '31', '0', '9796726696', '', '', '2001', '', '', null, '', '', '', '', '1', '', '2', '3', 'I\'m a big cake. I\'m very delicious');
INSERT INTO `pus_katalog` VALUES ('23', 'Little lily at clockland`', '813.23', '179', '813.23 ARL l', '34', '0', '9792223193', '', '', '2006', '', '', null, 'Jakarta', '', '', '', '23', '', '2', '3', 'Lily and her friends were learning to tell the time at school.');
INSERT INTO `pus_katalog` VALUES ('24', '105 cerita alkitab anak kecil`', '220.95', '20', '220.95 RIK 1', '35', '0', '9789796879946', '', 'Santoso Sri Buwono', '2012', '', '', null, 'Jakarta', '', '', '', '447', '', '1', '1', 'Buku ini berisikan 105 cerita alkitab favorit yang diceritakan kembali bagi anak kecil.');
INSERT INTO `pus_katalog` VALUES ('25', 'Marmut merah jambu`', '823', '12', '823 DIK m', '37', '0', '9786028066648', '', '', '2010', 'ARIESTANTY, Windy', '', null, 'Jakarta', '', '', '', '218', '20 cm', '1', '3', 'Momennya lagi pas banget, pikir gue.Seperti yang Ara tadi anjurkan lewat telepon, ini adalah saatnya gue bilang ke Ina kalo gue sangat menikmati malam ini.');
INSERT INTO `pus_katalog` VALUES ('26', 'Sleeping beauty`', '813', '16', '813 ROW s', '38', '20', '0721416918', '', '', '1994', '', '', null, 'Maine', '', '', '', '30', '18 cm', '2', '1', 'Once upon a time there was a king and queen who had long hoped for a child of their own. When, at last, a baby princess was born, they thought that a good fairy must have been looking after them.');
INSERT INTO `pus_katalog` VALUES ('27', 'Paul Bunyan`', '920', '13', '920 KLE p', '39', '10', '0153230819', '', '', '0', '', '', null, 'Orlando', '', '', '', '16', '20 cm', '2', '3', 'Paul Bunyan was born in Maine. He was so big, his cradle was put in the ocean. The waves rocked him to sleep.');
INSERT INTO `pus_katalog` VALUES ('28', 'The busy busy day`', '813', '16', '813 FRE t', '40', '0', '1845060075', '', '', '2005', '', '', null, 'London', '', '', '', '31', '26 cm', '2', '3', 'It\'s springtime. Ginger and Floppy decide to spend a busy day in the garden. They put on their gloves and boots and rush outside:');
INSERT INTO `pus_katalog` VALUES ('29', 'Can\'t you sleep, Little Bear`', '813', '16', '813 WAD c', '41', '22', '9781844284917', '', '', '2005', '', '', null, 'London', '', '', '', '30', '26 cm', '2', '3', 'Little Bear cant sleep. There is dark all around him in the Bear Cave. Not even big Bears biggest lantern can light up the darkness of the night outside.');
INSERT INTO `pus_katalog` VALUES ('30', 'I like to learn things my way`', '813', '16', '813 MAZ i', '42', '23', '983000497X', '', '', '2003', '', '', null, 'Johor Baru', '', '', '', '24', '22 cm', '2', '3', 'Princess Shelly is only four year old, but she faces tremendous presusure from her parents to learn the many social skills and graces that befit her status.');
INSERT INTO `pus_katalog` VALUES ('31', 'My body`', '611', '143', '611 ALT m', '43', '24', '9789380152080', '', '', '2011', '', '', null, 'Okhla Industrial Are', '', '', '', '25', '28 cm', '2', '1', 'why does the heart beat. why is a skeleton needed. How does the body move.');
INSERT INTO `pus_katalog` VALUES ('32', 'The adventures of Hercules`', '741.5', '15', '741.5 POW t', '44', '25', '9781406214277', '', '', '2009', '', '', null, 'London', '', '', '', '72', '23 cm', '2', '3', 'The son of a mortal woman and the king of the Gods, Hercules is blessed with extraordinary strenght.');
INSERT INTO `pus_katalog` VALUES ('33', 'Theseus and the Minotaur`', '741.5', '15', '741.5 YOM t', '45', '25', '9781406214307', '', '', '2009', '', '', null, 'London', '', '', '', '72', '23 cm', '2', '3', 'Theseus, the brave prince of Athens, has performed many great feats, but his most daunting task is yet to come.');
INSERT INTO `pus_katalog` VALUES ('34', 'Little red riding hood`', '813', '16', '813 CHI l', '46', '23', '9830001563', '', '', '2003', '', '', null, 'Johor Bahru', '', '', '', '24', '22 cm', '2', '3', 'Once upon a time there was a pretty little girl who lived with her parents in a little cottage. She had a grandmother who lived at the far end of the village.');
INSERT INTO `pus_katalog` VALUES ('35', 'What lives on your body`', '595.7', '144', '595.7 WOO w', '47', '26', '190246334X', '', '', '2002', '', '', null, 'London', '', '', '', '48', '30 cm', '2', '3', 'Did you know that there are millions of microscopic creatures that lives on and inside your body-mostly so small that you don\'t even notice them.');
INSERT INTO `pus_katalog` VALUES ('36', 'Naga`', '821', '131', '821 TAT n', '49', '8', '01010255', '', 'TYAS, Damaring', '2005', 'RACHMAWATI, Mila', '', null, 'Jakarta', '', '', '', '16', '22 cm', '1', '1', 'Ada ratusan cerita mengenai naga dari seluruh dunia. Ada naga galak bernapaskan api yang menjaga timbunan harta karun yang berkilauan.');
INSERT INTO `pus_katalog` VALUES ('37', 'What lives under the carpet`', '595.7', '144', '595.7 WOO w', '47', '26', '1902463234', '', '', '2000', 'WARD, Beck', '', null, 'London', '', '', '', '48', '30 cm', '2', '3', 'Everthing you ever wanted to know about the world of creepy-crawlies, bugs and insects in and around your home.');
INSERT INTO `pus_katalog` VALUES ('38', 'Cerita rakyat:Woiram`', '813.23', '179', '813.23 ELI c', '50', '4', '9796699443', '', 'JOHNSON, Caroline', '2000', 'ENESTE, Pamusuk', '', null, 'Jakarta', '', '', '', '24', '', '5', '3', 'Cerita rakyat sebagai akar budaya indonesia, diwariskan dalam tradisi lisan masyarakat. Pelestarian tradisi lisan itu jga tertuang dalam gambar-gambar prangko seri cerita rakyat.');
INSERT INTO `pus_katalog` VALUES ('39', 'Cerita rakyat:Danau toba`', '813.23', '179', '813.23 ELI c', '50', '4', '9796698714', '', 'JOHNSON, Caroline', '2000', 'ENESTE, Pamusuk', '', null, 'Jakarta', '', '', '', '24', '15 cm', '5', '3', 'Cerita rakyat sebagai akar budaya indonesia, diwariskan dalam tradisi lisan itu juga tertuang dalam gambar-gambar prangko seri cerita rakyat.');
INSERT INTO `pus_katalog` VALUES ('40', 'Sam\'s chase`', '813', '16', '813 BLA s', '51', '10', '0153230916', '', '', '1990', '', '', null, 'Orlando', '', '', '', '16', '20 cm', '2', '3', 'Narrator: Sam comes home from the park and finds a postcard. It is not a typical note.');
INSERT INTO `pus_katalog` VALUES ('41', 'The big snowman`', '813', '16', '813 BER t', '52', '9', '0590444395', '', '', '0', '', '', null, 'New York', '', '', '', '48', '25,5 cm', '2', '3', 'Honk-honk-honk. The wiil geese fly south when cold winds begin to blow from the north.');
INSERT INTO `pus_katalog` VALUES ('42', 'Red light, green light, Mama and Me`', '813', '16', '813 BES r', '53', '0', '0590341995', '', '', '1995', '', '', null, 'New York', '', '', '', '32', '25 cm', '2', '3', 'Red light, greem light, one, two, three. I sing as mama and i hurry across the morning street.');
INSERT INTO `pus_katalog` VALUES ('43', 'The scarecrow\'s hat`', '813', '16', '813 BRO t', '54', '9', '0439355478', '', '', '2001', '', '', null, 'New York', '', '', '', '26', '27 cm', '2', '3', 'That\'s a nice hat, said Chicken to scarecrow. Yes, it is, replied Scarecrow. But I\'d rather have a walking stick.');
INSERT INTO `pus_katalog` VALUES ('44', 'Teddy\'s snowy day`', '813', '16', '813 BEC t', '55', '9', '0439574331', '', '', '1998', '', '', null, 'New York', '', '', '', '32', '23 cm', '2', '3', 'After a night of snow, the world was white. Lily and Teddy looked through the window. Let\'s go out and play, Lily said.');
INSERT INTO `pus_katalog` VALUES ('45', 'Just in time for Christmas`', '813', '16', '813 BOR j', '56', '9', '0590453564', '', '', '1994', '', '', null, 'New York', '', '', '', '39', '25,5 cm', '2', '3', 'The holiday season is here at last. It\'s time for the Bryans to make their sweet cream candy, and will can\'t wait.');
INSERT INTO `pus_katalog` VALUES ('46', 'Babbity\'s big bad mood`', '813', '16', '813 BUT b', '57', '0', '9781845068592', '', '', '2009', '', '', null, 'London', '', '', '', '27', '26 cm', '2', '3', 'Bother those noisy birds,muttered Babbity. And bother the sun as well. Oh dear, what a bad mood Babbity is in.');
INSERT INTO `pus_katalog` VALUES ('47', 'Toot and Puddle A present for toot`', '813', '16', '813 HOB t', '58', '9', '0439061687', '', '', '1998', '', '', null, 'London', '', '', '', '32', '28 cm', '2', '3', 'It was already tuesday, and toot\'s for birtday was on friday. Puddle wanted to get him the best persent ever.');
INSERT INTO `pus_katalog` VALUES ('48', 'The Berenstain bears: get stage fright`', '813', '16', '813 BER t', '60', '27', '9780394873374', '', '', '1986', '', '', null, 'New York', '', '', '', '32', '20 cm', '2', '3', 'One way to school one day sister bear, brother bear, and cousin Freddie go to talking about an important subject: their teachers.');
INSERT INTO `pus_katalog` VALUES ('49', 'Alice in wonderland`', '741.5', '15', '741.5 POW a', '44', '25', '9781406214185', '', '', '2010', 'LEMKE, Donald', '', null, 'London', '', '', '', '63', '23 cm', '2', '3', 'Lewis Carroll\'s timeless tale of a young girl who fall into a strange, dreamlike world is masterfully adapted by Eisner Award nominee Martin Powell and artist Daniel Perez...');
INSERT INTO `pus_katalog` VALUES ('50', 'On a hot, hot day`', '813', '16', '813 WEI o', '62', '10', '0153293586', '', '', '1992', '', '', null, 'Orlando', '', '', '', '25', '25 cm', '2', '3', 'On a hot, hot day, hot day. On a hot, summer day. Mama says, think cool, think cool.');
INSERT INTO `pus_katalog` VALUES ('51', 'Burung`', '598', '193', '598 KHA b', '63', '8', '9797416992', '', 'TYAS, Damaring', '2005', 'MILA, Rachmawati', '', null, 'Jakarta', '', '', '', '15', '22 cm', '1', '1', 'Burung dapat meluncur di udara melompat keluar dari air, dan bergantung didahan. Mereka adalah hewan yang paling menakjubkan.');
INSERT INTO `pus_katalog` VALUES ('52', 'Robin Hood`', '741.5', '15', '741.5 SHE r', '64', '25', '9781406213515', '', '', '2010', '', '', null, 'London', '', '', '', '63', '23 cm', '2', '3', 'Robin Hood and his Merrie Men are the heroes of Sherwood forest. Taking from the rich and giving to the poor, Robin Hood and his loyal flolwers fight for the downtrodden and oppressed.');
INSERT INTO `pus_katalog` VALUES ('53', 'Froggy goes to bed`', '813', '16', '813 LON f', '65', '9', '0439228808', '', '', '2000', '', '', null, 'New York', '', '', '', '31', '20,5 cm', '2', '3', 'It was late. Froggy was too pooped to pop. He\'d been playing hard at Max\'s all day long.');
INSERT INTO `pus_katalog` VALUES ('54', 'Nobody laughs at a Lion`', '813.23', '179', '813.23 BRI n', '66', '0', '', '9789790333345', 'AGUSTINE, hertriani', '2008', 'MERIANA, Sindi', '', null, 'Jakarta', '', '', '', '27', '22 cm', '5', '3', 'You can see why i\'m king of the jungle, said Pa Lion. it\'s because i\'m the best.');
INSERT INTO `pus_katalog` VALUES ('55', 'The cat in the hat`', '813', '16', '813 SEU t', '68', '0', '039480001X', '', '', '0', '', '', null, 'New York', '', '', '', '61', '23.5 cm', '2', '1', 'Ten year ago, Dr. Seuss took 220 words, rhymed them, and turned out the cat in the hat, a little volume a absurdity that worked...');
INSERT INTO `pus_katalog` VALUES ('56', 'The new neighbour`', '813', '16', '813 Ado t', '69', '0', '8175964715', '', '', '2007', '', '', null, 'Daryaganj,New Delhi', '', '', '', '16', '', '2', '3', 'The new neighbours came into the street.it was a quiet street');
INSERT INTO `pus_katalog` VALUES ('57', 'Sherlock Holmes and the baker street irregulars`The fall of the amazing zalindas', '813', '16', '813 MAC s', '70', '9', '9780545069397', '', '', '2006', '', '', null, 'New York', '1', '', '', '258', '19 cm', '2', '3', 'In Victorian London, danger and intrigue lurk around corner. There, the master detective Sherlock Holmes and his assistants a band of orphan...');
INSERT INTO `pus_katalog` VALUES ('58', 'Guk...guk...`', 'FIC', '11', 'FIC Pat g', '71', '8', '9789790757042', '', '', '2010', 'Ayu Prameswari', '', null, 'Jakarta', '', '', '', '1', '', '1', '1', 'Gugu seekor anjing yang dipelihara oleh seorang anak perempuan bernama Lulu');
INSERT INTO `pus_katalog` VALUES ('59', 'Oh baby`', '305.2', '161', '305.2 Sto o', '72', '29', '1904550878', '', '', '2005', '', '', null, 'Sydney', '', '', '', '1', '', '2', '1', 'Babies can be so messy.Let\'s clean up,using the cloth that comes with this book');
INSERT INTO `pus_katalog` VALUES ('60', 'Hippi the hippopotamus`', 'FIC', '11', 'FIC AWA h', '73', '0', '1841350170', '', '', '2001', '', '', null, 'London', '', '', '', '5', '', '2', '1', 'Hippi lives in afrika,where is hot .During the dayshe stands in the water to keep cool.');
INSERT INTO `pus_katalog` VALUES ('61', 'A star in the jar`', 'FIC', '11', 'FIC ARL a', '34', '4', '9789792244083', '', '', '2009', '', '', null, 'Jakarta', '', '', '', '10', '', '5', '1', 'Ada seorang gadis kecil miskin yang tinggal dihutan.Ayahnya pemburu dan ibunya mengumpulkan buah-buahan.');
INSERT INTO `pus_katalog` VALUES ('62', 'Marrie wanted a sea horse`', 'FIC', '11', 'FIC ARL m', '34', '14', '9797591808', '', '', '2005', 'CM Ninuk Sri Harsini', '', null, 'Jakarta', '', '', '', '20', '', '2', '3', 'Marrie had seen her queen mother and king father riding on their royal sea horses a few times.');
INSERT INTO `pus_katalog` VALUES ('63', 'Picture me cute as can bee`', 'FIC', '11', 'FIC AND p', '74', '31', '1571515461', '', '', '1999', '', '', null, 'Ohio,USA', '', '', '', '4', '', '2', '1', 'Picture me as a fuzzy bunny.I like carrots orange and crunchy.');
INSERT INTO `pus_katalog` VALUES ('64', 'Who\'s hiding in the tree`', 'FIC', '11', 'FIC ALL w', '75', '0', '1902319699', '', '', '2002', '', '', null, '', '', '', '', '4', '', '2', '1', 'One day, the jungle animals are drinking at the river when they hear a strange noise.');
INSERT INTO `pus_katalog` VALUES ('65', 'Tell me a story of mr.clown`', 'FIC', '11', 'FIC AGI t', '31', '7', '979672670x', '', '', '2000', '', '', null, 'Yogyakarta', '', '', '', '1', '', '2', '3', 'Hi,i\'m mr.clown i have big eyes , a big nose and the big month.');
INSERT INTO `pus_katalog` VALUES ('66', 'Pop the corn`', 'FIC', '11', 'FIC APP p', '76', '10', '0153229780', '', '', '0', '', '', null, 'Orlando, Floida', '', '', '', '8', '', '2', '3', 'Jon wants popcorn.Did mom buy corn to pop.');
INSERT INTO `pus_katalog` VALUES ('67', 'Tell me a story of a taxi`', 'FIC', '11', 'FIC AGI t', '31', '7', '9796726661', '', '', '2000', '', '', null, 'Yogyakarta', '', '', '', '10', '', '2', '3', 'Hello, my name is taxi.My hobby is travelling.I can take you anywhere you want.');
INSERT INTO `pus_katalog` VALUES ('68', 'Carol the calf\'s day of fun`', 'FIC', '11', 'FIC NOR c', '94', '32', '0755474945', '', '', '2011', '', '', null, 'China', '', '', '', '7', '13 cm', '2', '1', 'Carol the calf was very excited.');
INSERT INTO `pus_katalog` VALUES ('69', 'Are you there yet`', 'FIC', '11', 'FIC BRO a', '77', '28', '9788175964617', '', '', '2007', '', '', null, 'Daryaganj,New Delhi', '', '', '', '16', '', '2', '3', 'Tom wanted to get there fast.Tom\'s dad was patient.Eventualy they get to where they were heading.');
INSERT INTO `pus_katalog` VALUES ('70', 'Happy birthday`', 'FIC', '11', 'FIC BUT h', '79', '10', '0153142685', '', '', '0', '', '', null, 'Orlando,Florida', '', '', '', '14', '', '2', '3', 'Happy birthday,duck and pig.you are six today.');
INSERT INTO `pus_katalog` VALUES ('71', 'Flit dan flita`', 'FIC', '11', 'FIC BIT f', '80', '6', '9796378183', '', '', '1996', '', '', null, 'Jakarta', '', '', '', '12', '', '1', '3', 'Flit adalah seorang kurcaci ,dan Flita adalah sahabat Flit.Flita mengirim surat kepada Flit kalau besok lusa Flita akan berkunjung kerumahnya.');
INSERT INTO `pus_katalog` VALUES ('72', 'Daddy ant`', 'FIC', '11', 'FIC BRO d', '81', '33', '0849977320', '', '', '2001', '', '', null, 'Nashville, Tennessee', '', '', '', '13', '', '2', '3', 'A big guy with a silly problem and a family lesson about.');
INSERT INTO `pus_katalog` VALUES ('73', 'Mommy ant`', 'FIC', '11', 'FIC BRO m', '81', '33', '0849977339', '', '', '2001', '', '', null, '', '', '', '', '13', '', '2', '3', 'A nice lady with a funny habit and a family lesson about ... Eating right.');
INSERT INTO `pus_katalog` VALUES ('74', 'Sid and sam`', 'FIC', '11', 'FIC BUC s', '82', '10', '0153142642', '', '', '1996', '', '', null, 'USA', '', '', '', '27', '', '2', '3', 'Sid saw sam.Sam saw Sid.Please sing ,said sid.');
INSERT INTO `pus_katalog` VALUES ('75', 'Amanda pig on her own`', '813', '16', '813 LEE a', '83', '9', '0439617707', '', '', '1991', '', 0x2F396A2F34414151536B5A4A5267414241514141415141424141442F2F67413851314A4651565250556A6F675A325174616E426C5A7942324D5334774943683163326C755A79424A536B63670D0A536C4246527942324F5441704C4342786457467361585235494430674D54417743762F6241454D414151454241514542415145424151454241514542415145424151454241514542415145420D0A41514542415145424151454241514542415145424151454241514542415145424151454241514542415145424151454241662F6241454D4241514542415145424151454241514542415145420D0A4151454241514542415145424151454241514542415145424151454241514542415145424151454241514542415145424151454241514542415145424151454241662F4141424549414D67410D0A68774D4249674143455145444551482F7841416641414142425145424151454241514141414141414141414141514944424155474277674A4367762F784143314541414341514D44416751440D0A42515545424141414158304241674D4142424546456945785151595455574548496E45554D6F47526F51676A5172484246564C523843517A596E4B4343516F574678675A4769556D4A7967700D0A4B6A51314E6A63344F547044524556475230684A536C4E5556565A5857466C615932526C5A6D646F6157707A6448563264336835656F4F456859614869496D4B6B704F556C5A61586D4A6D610D0A6F714F6B7061616E714B6D7173724F3074626133754C6D367773504578636248794D6E4B3074505531646258324E6E6134654C6A354F586D352B6A7036764879382F5431397666342B66722F0D0A7841416641514144415145424151454241514542414141414141414141514944424155474277674A4367762F78414331455141434151494542414D454277554542414142416E6341415149440D0A4551514649544547456B4652423246784579497967516755517047687363454A497A4E53384256696374454B46695130345358784678675A4769596E4B436B714E5459334F446B36513052460D0A526B644953557054564656575631685A576D4E6B5A575A6E61476C7163335231646E64346558714367345346686F6549695971536B3553566C7065596D5A71696F36536C7071656F716171790D0A733753317472653475627243773854467873664979637253303954563174665932647269342B546C3575666F36657279382F5431397666342B66722F3267414D41774541416845444551412F0D0A4150374F4B696D424B357A2B66352F3071576D737537484F4D562F6A756675427A6278376D7A2B764830352F7A334E456475374E7650365A342F7237653250626E6561335275762B503538300D0A43335164656662722B74613839587A2B3541593651766E2B654F522B6D6635442F475A59632F5474324839663835725657506233364850312F6C3755375950552F702F6857514758354A62320D0A4A39502F414E522F536E2F5A76622F502F6656615778665439542F6A536C51324F7674696744506133334C2B502B52365A362F683630317266642F4350664A2F57744F6967444F2B796A64320D0A36394F2F2B4876307837393664396D483977666B66384B7630335976702B702F78712B64396C2B502B5947613172322F542B57632F7742425450736839422B592F77414B3136627358302F550D0A2F77434E612B333876772F3449474F31726A322F7A3236442F5072564F53313876503776502B522F6A58536246395031502B4E5179526F792B764F50352B772F7A39614B645466543566716A0D0A5032666E2B482F424F4D754952782F712F7743575038382B755078344B30726D4942334862497A36396666506674525859735470722B502F4141546E396D2B362F45366D69696F7070504C2F0D0A414D2B2B50382F58743172797A73483731396630502B464F727870766A68384A573866512F4335506964344466346C795333455558772F6A385736442F77414A6C4E396A7450746C35396B380D0A5066627637512F346C316A6158656F482F6957644D597135716E786B2B4633682F7741566162344738512F456A77486F6E6A6656503750693076776E724869335162487856716639723358320D0A505366736E683639767637527666375276736632542F304665666576552F73764E503458396D35702F774244542B6D5A65307065583348712B39665839442F685471387638576646373458650D0A41623754644E38632F45587750344D314C5859684C6F326E654B5046756736486661782F705832502F6955326D7458326D6168652F77436E586638415A324E50507255506944343466422F770D0A6E34713066774834712B4B6E772F384144666A6278426461665961463454317A78626F4F6C6549395A754E59757673656B32756B365465337731433976395276727130302F53662B677436560D0A6A5479764E4B6E384C4C63302B516530706558334871314C7954366B3177666A44346E6644333465773263336A2F7835344C3844513668396F2B7758486A4478526F4868573376425A2F38410D0A4833396A2F74712B30305876396E6670786D6A55506968384E394630665250456D742F454C77506F2F6876784A396E6C384F65494E553857614470576836384C79312B32576E396B367465330D0A33396E36312F334475754F6D4B50374C7A5370537731576C6C756166376150326C4B6E7662304F376F72796D2B2B506E774B30323975644E762F6A4E384937432F733562694B3673377A346C0D0A2B4462472B7337697A2F342B375737744C3358503751736A333644754F4F61366E784838515041336848525966456E6976786E3454384D6547376A3750396C385165495045656C36486F64350D0A39742F3439446161746533326D3666652F77426F592F583136626632506D6C50367437584C63302F32332F71562F634831696E2F414E4250396665646252574E3464385465487646326836560D0A346B384D36336F2F69487733726C686236706F506944513736313158537459302B3835744C72534E5773762B4A666557482F5551303750364773487846385650686A345231464E4B38572F450D0A58774834563157534B336C693076784A347930485137366133764D665A4D326D7458326D366A394B6A4435666A3852562B7130734E2F745A46544555716638414638394C39665537656D37310D0A396630502B4663544A38545068307668745047622B505042616544376958796F7647456E696A51662B45566D754F6E32582F6849546648547A2B47703831444838545068314E34587576484D0D0A506A7A77572F676D7A467839703859782B4B4E422F77434557732F73664633397238512F6268702F2F6C542F414472622B783866374C2F6B57356F48316D6E356E6655312F756E38503569760D0A4F76427678672B464878444D502F434166453734662B4E6E755074486C522B452F4757672B4935357673662F4142392F364A6F743971582F414344665848624831394659664C6A303666682F0D0A3961754445595046594F72374C465962366B6255366C4B702F433337722B7636387A6E373337772F442B564654586F2F75666E2F4150582F4150722F414A356F725A5572725A767A576867620D0A542F645034667A465A576F544A45727537786F6B662B746B6B2F35592F54362F6F4B31582B3666772F6D4B3537564C57327649626D7A76496265347337794B34746271337549765067764C620D0A482B6C327433616450317A3134726D772F7366612F76504933716466385836732F6E4F2F626F385A654F5A6669427076376476677A52374F2F77444148374E2F78753066516642486954532F0D0A4765677A322F6972542F687664586D6A2F4550532F77446848724C2F414971443764347A76727634782B442F414F305037542F737656644B2F774345537A6E705831702B3270384E664166370D0A593178384337627748346E307538315878523846766A523852766856724768367A61324771366C71466E646642505750443131704E324C372F6B4F616469373144534D6638677278566157470D0A722F38414D4E31537631425434582F4446744C545250384168585867502B7849372F384174534C522F7744684466432F396B773668396C2B7866326F644A2B772F77426E2F627673502F45760D0A2F7444734B75575077763841687870397A7056357076773938443246356F662F41434272797A384A61445933326A2F36566558762F4570764C4B782F7443792F303637752F77446B48636A370D0A5A66353976334C2F414969686C64502F4146627134584C633077574C34592F74544B38727A542F684C2F35466561663879764E447876714662792F442F4D2F6E7038556158385337723479660D0A3845772F696A2B302F633658442B3044385150692F7744442F537646476A79526632562F5950676A77683973732F43663276773972582F457730572B385A583133713378423857663853762F0D0A414A477278682F5A412F354676537139732F344B61615834322B50692F4557352B474E747063336837396C50542F442F414E712B494F6E2B4B5043396A636546666A687246313462386566610D0A37753076662B4B677666384168444C485366686C7A70334F6C48562F4676384162422F346C7466747A716E777A2B4858695456463176784A344138442B496459696874346F7458317A776C6F0D0A4F7136722F6F597861453674653250396F5A3037307A3954546F666858384C6F3750574C425068703850343750784A4C62335776576366677A777635477658466E6466624C53363157302B770D0A3476723737626A55502B4A68395061757A2F694D47562F327077336E5039696637586B75562F32582F5A662F41416C2F32582F77715A702F616E2F71722F34537961655631665A596D6B666E0D0A6434322B4B5877302F62462F344A2F2F4141782B4B6D766632484470767851316E396E2B313855787958576C775833672F774155654A5069313444384E2F454C51625337766638416B4336350D0A703139642B4966442F542F6B46633836506976696A542F687A386166324B2F69393845503253396568732F69662B7964385450326B66685072507756317A554976332F77783144522F694E6F0D0A2F6953373076536674763841784C2F374431482F4145762B312F422F39702F3855727174352F612F672F3841346F375574553072532F337348776A2B4536364C2F77414932666870384F2F2B0D0A45656B762F7743325A664434384565462F7743773574592B7969302F74542B79667350396E2F6276735038417A45502B51723172356A317A39704C77663479316A347165442F4148775431440D0A34302B4876325A395530653638656172464C344E307251394338592B4776384169704C545166683961654A37372F6964654F50426C6A7050396F6450432B6C61562F6F48396A36742F7741540D0A4C53366A68666A5432644C4D737279484A507276443339715A706D6E396C35702F5A662F41416C2F32702F794B2F374C7A542F6F615A582F414F5A516A4559662F6E376966362F412F5072770D0A697677717550384167734A2B305070766A622F68413574457550325A50474672346A732F456E39672F77426C5461662F41477038452F3757746457744C302F326639682B7866612F3757366E0D0A2F6A2F7235342F5A783851654E76476E774F2B4D58374D66684C5370504676676A346F2F744C58476C66733861482F616E686653726A546668503444384C365034772B4E757165434C7678700D0A6661623466732F43756E654B725477393450306B352F73722F684B7647477666325038413867327630582B494837576E3748396A3850664250783754396D79332B4B6E77332B4B6D7636766F0D0A312F3430385066437234596135346A306678686F393172482F436236443473384A36316644786A652B4B7644746A34653851366871773037544E5547712F3250662F325071327161762F5A650D0A6C617039526644627835384550696438517445682B485877713848363970566E384C2F422F774152764276786F30505276687A506F6333672F77415358586954522F443172345475374B2B2F0D0A3454477950323777393468302F774473372B7A4E4C2F737237474B2B772F316B782B5435583966785843576166564D466C65562F386A544E4D722F73764B383034582F39366E39715A702F790D0A4B2F38416B616632576333733656543931395A50686E2F676A76384145784C6634522F456A396B37784A6332566834382F5A622B4A6E696A77355965462F375A744E5776725034622B4D4E550D0A7650456E684F3174507356392F70762F4141686D755866697A34662F41472F54752F687577724A2F344B5858756D36502B30392F77546F315762524A50454E7A702F3751576A33562F6F656C0D0A51364450726D6F366639712F3053312B796131666162702F662F69552F77426F366E705A2F43763136304834572F44547774715839742B4666683138502F446575655863577638416248682F0D0A775A3458305056667339352F783932333972364C59366271482F45785048584146522B49506862384D6646756F5071766933346266442F785071766C5152533670346B3848654639623158370D0A505A2F38656C723972316D78314C5550735038414C48474B2F4F735034675A4E682B504D793474705A4A6D6E31544F73727A542F4149532F2B70706D6D562F32586D68332F55367673734E530D0A712F313150776A76766772385776444E722B3374385950456E7736742F67622B7A6C38564E4C38442F774443422F4350584C2F776150375938595766786B7337302F456137384A2B433737780D0A4A6F4868692B31487772642F3265502B4A6D64563158375A3661634B2B55664275734A4434472F344934654366697644622F3841444B6D7365457668394C346F54555A6257443463586E69670D0A66384A68396B7466472F38417A442F73502F436366384B79302F567637522F346C58396B336C6870477366385366784A716C66314C367A344638453639346674764375742B445043657565470D0A4E50384137503841734868765750446D6C36723463732F37482F3542483254536232782F732B7A2F414C4F342F736E2B6C594E31384866684C7150676D352B48562F384144483466335067430D0A386C754A6272774E4A344F30482F684470726938783972752F77446848767350396E2F6E706E303976703848343059576E675071755079542F6D61663879762F414A6C65562F32582F5A65560D0A2F774464554D616D5631616C5832744C2B7675507A303050396F48775A6366384642766870384764562F5A34384E61443864592F684C38514C43312B4A486850346F61567175683650384E370D0A79313843654D50454F6C3364705A65422F44656F6131666662725477372F5A4F6E36694D2F77444965352F36436E366E313437344E2F5A362B412F773776625055764166775A2B462F677A560D0A645075726A554C445650446667507776704F7132656F586D6C2F32506433567071316C592F77426F594F68336433702F2F594B343731374658343578686E4756357869737471354E687330770D0A58314C4B2F7743792F774468552F384135706D68367545703161644C39365A4638754D48762F6B66722F5769726C794F4166702B66663841544646664E30663463666E2B687437507A2F442F0D0A41494A5A6637702F442B597242757676666638416E2F44322F722B503871336E2B3666772F6D4B7762725972507A6E2F4144363863632F6E394F4D4B657A3966304E4373712F6334332B6E360D0A39522B412B6E57726B625A3437486B66582F503871724C39324C2F50635659355139756E2B665430725144546A5A3971506A767A2F7744587A2F3841722F484E5846566D3744384D342F782F0D0A4B767841385858586A5055502B436D58787638414358672F78703462734E48742F77426C72555045657165482F48477665504C3377725A3668655776674F7A3162564C5477396F766A6A77330D0A702B693635396831613748396F442F6B4666624C3856385965446646317A4E2B79482B7862346E314C3471337358697278682B32353477384C2B4B50466E6954346F6550494C44557643342B0D0A4D6E396A2F77426C2B4C4C762F684F4E4E314339384436646F6470704F6E6632662F616D6C2F3841457136652F7743783566345031637777755734722F57542F4148332B792F38416D562F390D0A44544B38307A542F414E355A3431544E505A31665A66566A2B70586238327A594E2F58743664507A39732B31666E4A6F33374A66786A2B4450694C39714C2F685150696E345A7634532F61630D0A315455664756315A2F456A2F4149544B78315834622F4544574E4C752F446572613970502F434D574F7057486966512F37442F736E2F695836682F77692B716632726F31682F784E2F77446B0D0A4B5A2B4A2F7742744456744B2B477637436D7032666837346B573666477A777638532F412F6950346C66384143702F693134796E506872786A38534C5738764E57384C2B487645502F4356480D0A554C4C51745273644A2F346C50682F7846346D2F3542566E2F612F2F41424B2F37533539582F59312B4C5775654D76323676326850426E676E784A343038416641337766344430654B58396E0D0A763432612F7231393852707669426558586876374A3852766837705069665850456C2F6F76676254374730385761667133396E654A76374B2F7457387350384169553861587174642B54384A0D0A357A772F6B4F6435396C655A665863702F77435A706C65615A582F794E50374C7A544B2F374C2F39576E2F4357465445557352395770565436542B442F7743772F7744384B522B482F77437A0D0A39384B2F4446393458385A2B46666833385166696838522F6933716E692B4C5537472B38656178385650432F6A7A773134682F736E773959324F7061665A57492F77434533752F374A3037550D0A6454482F41424B7448734E49352F35436F3666396D58396A50522F32572F693538616645506750574A503841685633784D3062776566446E677534757455382F775472476A36393438316A780D0A4461365461482F6958325768366A2F776C6C70714A2F73372B792F3756315837662F62476B2F32776455315456664239633854586E78412F344B4D654A50673138654E53764E4E2B4576682F0D0A344933486954344E2B453952385361703456384B2B5050464A315477332F776B4F765864705A58326D3666346E317677376F56337133396B6A555037552F73722F542F37482F354675766D6E0D0A7748706678732F61532F5A722F6262384A65472F694C3855352F4448776A2B4B766969302F5A422B4D47682F4548786C592B4B745338503265672F6250454F67365234333058584E4E3144340D0A6736483464483254542F43656F616A716570343157372F736A2B31762B4A622F414D53763250712F4647615A586961576163536655734A6E575635582F616E2F41416C2F384A662F41426C470D0A616632706C66384133564D727A542F73562F3841435763662B792B312F645962552F6658752F3048386A54506B2F327630722B574C34522F4854396F54785634382B45586A4F7730543473770D0A2B47503276506856346F2F5A613062524E562B4A667847767643766876396F6A773370666876773534732B4D6E6832302F774345702F346B766858773734343850654E39512F7444547638410D0A6961367234562B7761766F2F396C6A702B695037563377502B4B3968385176675034442F414757766A5A3853504176785838502F4141622B4A486A66527637592B4B486A4C784A4238534E590D0A2B442B7666422B7A306D3138622B4876452F69725576442B7466384143523250697678442F612F396F365A2F785666327A2F696361747066396D365871756C2B4A6A5043502B7938307732540D0A597269544B2F72654E2F74542F6D562F3943762F414A476E397166394373366637552F356666567636372F3843352B784A3266394E66772F2B7638413070685861682F442B6661767A5A2F340D0A4A362F4648786E38634C72396F48782F3853664376695477423852644838622B442F41666A4C7750716E696A78527176687A515046476A2F414135384E336E69776543504432745833396E360D0A4C6F666950584C762F68495037503841374D307256644B4E3566365272482F494E72394A7476792B2F582F36335450547436312B64635363503165483830784F5456635439647865434F2F440D0A316672464C3274786A4B5478397A387A2B6F7A2F41452F78536C4B37655079704B2B567846542B6C2F58792B38375376503875374A34342F6D422F53696D5476774D64756D66312F6E52576C0D0A4C3446382F7741774C44394239663647756675482F6550382F58333976312F794F3164412F5166582B68726D627038732B652F2F414F6F667279617A7739502B6E2F587A2B34565370374B2B0D0A7233484273624539442B65443664762F414B3374576848735A763538662F5739422B6C66456E3757663755477666733236663841434C2F68466668644A385776452F78632B4A6476384E50440D0A6E687533385857336736662B324C335372793874502B4A7465364871576E2F3854472F4E7070332F41424D66374C782B646557584837574837626471304B4A2F7754753851334C334837714C0D0A3750384174426644692B2F662F7744626C6F662B514F4F7466734843666750346C38635A4E68732B3463795436376C4F4E2F366D6D5635582F774169762F73615A6F664A5A70787877356B2B0D0A4B2B71342F452F3757666F504E384E666876666168714771332F67447750656174716E326A2B314E5176504357677A33327066624C583748642F61376F3250396F5876396F325062327A78550D0A482F436D66672F4C436C7450384A2F68684A4448396F2F30642F683934584D482B6D5946332F7A412F774470313665783434785877504A2B314E2B33685A72436C7A2F77547031424A726B5A0D0A387638413461522B48416E2F414F33542F69522B6E2B6567504E2F384E792F746B7861396265486B2F7743436448696938315738693143574F33302F342B2F446D6638413438376F3264332F0D0A414D77502F6E2B745038697673385039472F78392F774359584C662F4144614D722F38416E6F65552F455467696E2F764F4B74352F77426C356F2F7765566E3650772F4258344F52616650700D0A555077702B4636615663332F4150624E3170582F414167666859325575726931476A663270396B476869772B334778744C54547A7150582B7937543656757038502F41467472656D2B4A34500D0A41766843333851364A5966324E6F33694332384C614442726D6A3650396C2B782F77426C3656712F3248376659325032482F69582F77426E36666A363138494C2B30722B33724644444A632F0D0A3845334E63672B30444555592F61572B45732F372F77424C762F5165422F3841583639612B5964552F77434373487876735A4C7947332F59563153352F732B2F754C433676592F32677641550D0A2B6C6632685A3835746275793050384136644F33355674672F6F312F53427A6A393168636B2B752F3933526C66365A6F5A3568346C38435A5865726D655A7241762F71614C2B7A502F5376360D0A2F492F5A58785A344438422B4F6265327466472F677A776E34777474506C383231742F466E687A532F456346706339667456702F62566A715832492F542F38415630476E365870756B574E6C0D0A70576C616259615670566846396C734E4C734C5332734E4C7372662F414A396253307376394173624833343572386274552F344B50667465614C716B4F6C61722F7741452B726947387650730D0A2F77426753503841614838475477616C397374624F38732F374A752F2B45562F732B392F74437875375455662B4A646A304664746266743166746E33567939736E2F424F6A78422B372B30470D0A4B522F6A373444673837374563586646376F65662B5875302F7744417A6E474F5370394666783970345844653134622F414E6B2F374B6A4B2F7744353647502F41424654674F7057396C537A0D0A762F612F3673667070703377332B48326B322F6869323072775234503032323845582B6F332F676D33732F446D6C515165443952316931764C50567272773969782F346B3137714E6A7132720D0A4456547078423158375A6635373431726A776A345675746674504674353461384E3350696E54375734734C44785463614470552F6950546450357A61576E694837442F614E6C596A3758646E0D0A2B7A7A7166635937312B656C6A2B31422B337A7131725A336D6D2F38453264634E72655265642F706E3753337776735A2F774430687950386D74572B2F61612F626E304854377A5574622F340D0A4A7936344C61792B7A2B622F4147582B3074384A62366562742F6F6C6E39692F6D66714F6C6562552B6A763430302F347557662B62526C662F774139443161664748446D497065317059702F0D0A2B47764D2F75322B662F446E3335592B4839423076557462316A546448307577316A784A4A7038766954564C4B7774594C3758726A523758374661585772586E2F4C372F414764592F7744450D0A76306E2B3065665831476C2F482F774C2B74666D31346A2F4147777632772F44646D6C7A662F3841424D333475584B53665A2F2B515A386276684C71762F48352F7742655A50512B33714B380D0A7731442F41494B4F6674473657737961722F7754632B4E6C684E484C396C6C6A7550695834442F342B41502B505566385350676476383572622F6957667875786E37332F4146622B752F38410D0A64305A582F77445051354D52346B6347344F72374C465A3339532F4D2F5736542B392F4C38534D667233394B6A7235522F59342F616454397266345233507855486750556668764E70336A660D0A78503444762F436571617A612B4937367A31447730624D3364316436725A574F6D6A6E3758673863437A4F54583164583450784A6B6561634C357A6D5751357A68767157625A4C2F414D4A650D0A615A57666335666A4D4C6D6D46772B5077474A2B75595047666462583876384168696C654D516F786A746E38364B53362B6344302F58743965352F4B69764F706641766E2B5A3146786C33440D0A482B6638347245766F663841504858385066762B507457375764714833462B6F2F7257464F70382F31386E3569716466385836732F4C4C397671507A66695A2F775439746A4C4844396F2F610D0A2B3850785258442F41504C47342F73732B2F3841302B6631723762312B48787434642B4A4549384A582B6E32656961686F326E2F414E715361357065716135354E7A5A326F2F30545362542B0D0A334E4E302B797664522B79663868442B7A5038416E2F384137597235522F624B743743362B4E2F2F41415478532F38414C386D503972545435663841535038415535732F42743565326E622F0D0A414B6450666E6E6E466670504A3467304750574E4E30656237504E63336C7263537858682B797A324D4832502F6C3175377631503566312F30703846385A56772F6842776C5370663956522F0D0A367444384B346B79756C6A4F493879712F774459722F3841565836457567365A59616E5A6150717434677562797A2B305378584832727A2F41436269382F342B2F77446C2B2F7A6A487258470D0A6546396538475750784138626548726138743331577A315454377161534F55367235503973615764592B795864332F7A426638416965576E694C2F69582F707858625361313450384636545A0D0A6F392F702B6C615648645739686178787935672B30586C312F6F6E50502F4C39642F7A397138632B452F67665A38517669523852644865383072532F474773334832533373355362485572660D0A522F3841513754564C757A76547158397466326A2F70656F615471476E6638414D4B764F3166712B54347972694D4C6D564C46596E2F6138466C65562F7744435765506D465032654B7933320D0A57472B752F7744436F612F37522F6A54784A34562B4658697050683770576F654966486D736158506F336850533944734C7256645568316A57503841512F3765785A5A2B7857476E574E33640D0A3667622F414C616F62482F6F4A5A7238522F4350374F5037516C72344631354A506735385145314B507835424670656C33476C2F76377A542F774468446673663971482F41453750324854720D0A342B762F4143465237382F734238612F6864613348694250484E37385950464877306554516266533955764E5031332B79744B765073597650374A74662B59623974767674313331376662420D0A2B50794C4E645466454A7445384B32483757506A50776B3935716E694336734E5A302F7854716C395065572B6A3276324C53644C3161377374633033374466616A39722F414C513162772F7A0D0A6A3748394B2F582F41412B34347748442B4277325459444535582F61754E7A525A6E6D662F43586D7265562F325666662B793950374C3762752B727473666966695277486A2B4C4D30784F630D0A342F445A702F5A4F5335582F4147586C66396C35706C662F4141716632702F324E5038413371656839652F73302B4476454F7466426E7766702F7876384458476C654E7448735037427572500D0A58497257652B75394F30632F597644327166364631767A6F663258542F77446959393948762F5376592F486E684F35314B7A7474453848332B6C366234686A7466743268663268612B6659320D0A66324F3673377A375664326E573973662B4A5661442F363166482F7777384E2B4D2F67586366457538317A34782F4548343136626566384143506D32693859654B4E55674F6D2F32502F776B0D0A6C356A53667474397158324F783148375861616671326F663853762F414A412F41723669384936745A364E71506837786872304E6C7055337841746266776C5952783339317173454F6F57650D0A71617872476B3276327637442F774178452F327350552F5937444F612B5034727234716C6A73797A525A6C624B663755762F304B38725639662B45745A725A3964756D33512F5175433665460D0A7035586C75417135622F7772594C4B38722F74542B3150374C7A544E502B36702F5A662F41434E4432434C5362795051375377536133747453743474506C6C6B742F384151624762554C4F360D0A732F746E2F486C2F7934366A6666612F3861383330333472663239347573504465673656716B7966622F454672722B6F61706F4E317055476D2F3841434E3358396A335A74667474392F70760D0A396F3331332F784B645130372B314E4B2F774244762B6331382F66472F77446137384E66443638314B32384661744A34703132347454595773422B79542B46644E6E2B31633670616D792F350D0A4456396A6A2F6F45313150374B2F6A437838586644582F684C64566833367A346276745830435855504B74667445326B665A644831673270744C492F3268652F32643972366632594F2F38410D0A592F61767962443857634C2F414F73655A5A582F414C376D33396C2F32706D6E2F55722F414C4C2F414F686F66742B6365472F475758384A5A6278625677333969385059334E4D7279764B2F0D0A2B706E762F77416976717578375638514E51734E4C6A75646268307133753956302F3841732B7775727A564A664930717A30385858327937753833762F4576766639414E332F3841574A46660D0A4D666A37573750785A3454314457483154772F72443650385666374C30473330505272725370394E747A7065736638414572315837622F782B332B6F6D30732F2B4A68332B783248617672480D0A78704D6C393462755A76384168474C6678685A79577476662F774268796170613656504E396A2F3079312F342F66384169586D2B2F774350512F384145772F47766B4B525047486A54776A6F0D0A466E70766744574C4F32765047397A346F38556170346B316E77764472757066593761383063577470704F69332B70666262372F414575302F77434A68714F7036587058396C5765662B4A700D0A6A6E376E68504C3675497A374A4D2B2F74764E50374A77582F55302F34532F36366E355278706D464C2F567A4F38722F414C4E2F32764735582F3356503755506D2F3841344A473343586E370D0A4E3378467555686B74764D2F61672B4F4576324F5345515477663841453030662F526276395035562B706C666D462F7753686A534834422F46345170386E2F44576E3751486C53663839762B0D0A4A396F2F30362F6E2F543950612F7A4C386638412F6B386E482F384132552F366E376C77482F79523344582F41474B2F305A6E33625067647565656366342F795057696E58433776756533360D0A6658366E725258354F6658463673692B507935376A2B66582B746139596D6F3954396636316E543266722B674835722F414C62476E32477266474C2F41494A39615671714735734E512F61760D0A302F3756622F3841506250686657507A2F4C363136703436306532384B2F454738384B365A71756E3650595845756A36784462792F77426C2F62707637592B32586572616F4465324F7061680D0A2F774166332B676154676632566A333472795839747A553950305834306638414250485574532B537A742F327239503832542F6E6A3973384D58746E2F774333663456366434383859654A390D0A537650456E78362B48757336586F396A63664455364470586D2B47507476694D36665A693831693031547844397473645331437A2F77424F4F66374F303754447176537636797A4469796C770D0A3339483367436C2F72626D6E4265625A316D6D615A586C65615A582F414D4B6D616638414930506B6367792B6C6D6E4757642B3179332B32734A67762B5A586D6E2F5972743666315939496A0D0A384236444E7258684B522F454D6D71332F774461476F58387568336C316F4D3838326E3265673678655866324F307372445464512F77434A6466384132516533327A4F613979754C756634570D0A2F4166554C7A5248307532765042667735314336734C6A784C467176396C57656F61506F4F4C533638512F5972372B3050374430362B3431622B7A682F6176396C562B433377562B4C5878520D0A2F61472B494767367234323137542F47666A4C784A344D7350446C31702F68714B36673072546643396E7231355A2F454C5162762B786643762F456C305055624730744E512F35476253394B0D0A3158566279773165765566684C385066693938544E4C38632F434C7739385266696834563169333853654950446E69693838595333552F68762F68572B6A3356355A65487442752F2B4C56360D0A6150452F2B672F3254702B6B2F77426F2B4F6334316A58762B51706F2B6D6A2B3150732B442B4F502B4964384A5A336C66475847332B756D625A4C2F414D5A522F616D616632582F4147702F0D0A7771663869764B2F374C2F7451394C4D4F4238426A4F4B4D4E5371346E2B7866727638415A663841616E2F43582F776C2F77426C2F774459302F3841775766542F77415A7646312F2B3252380D0A462F456E672B353048772B2F68577A31377766663248785138422B4B4C58784A384F6637597339653066522F3741744E572F3547442F684B762B4A74642B494E57303755664450396C6156340D0A56764E412F77434A742F6247702F384145722B6166486E7735385966732B707075672B496445303756744E6B734A39553062564C4F772F745778467665585832793774644A753732782F342F0D0A744F2B312F77426E2B33596638544B7565677576696A2B7A76722F686A396A445376482F414962306677547147766150724F7336353462384C2F38414538304766784A64576433643276684B0D0A302B772F36462F776A743961576E69482F6B475A31622B32422F592F2F49537236543865522F4569343854585077662B49763753306E69534F7A693065574C54342F427668652B2B3266624C0D0A713873375336737A2F7741497271576F614C726E2B695866397261667032706A2F7741716466625A506A4F462F47796C687372796269332F41465934337875562F7742715A586C65616632700D0A2F5A65615A582F314B2F374C4F624435782F784C3378762F414B305A706B6E2F41424548676A4F73722F73762F684C312F774345762B31502B52702F5A6561487848384A763276666A4472500D0A7850307A52504150674478472F77414F38616659654F504548694F553333685437426543382B32576F744C4B3946676233547248374A7148396E6E2F41496D6F315738735037482F414F59700D0A2F617675483754587871386266467A77442F777253773176562F424D2B6E332B6E617A70656F6158646632562F77416566327A375A61336E2F434D574F6D36683968314779753775775038410D0A784D2F2B5877666837782F77726179384C324D326A336E79586D4E586975724F4F586D62555037552F7743517061634437466D787537532F476E6E2F414A2F4C4446664A667849304B5477370D0A4E70756C5731354A63334E7861694B4B383153582F6965586E32502F41492B377256762B5162692B786E756364362F4765494F4A4F4D7548384C6965457157642F77433548393238463548340D0A5663635A3968754D763955737277574C7876384177715A5831663841304E4D72762B7639492B58763262664366782B31792B315877543471304855504574356F656C2F38553572466E4C352F0D0A2F435332396E64586E2F4572306D37782F615039682B484E452F736E476F366A2F7741676E53683272397376326466324C6646586862533954316A787434353855615071586953583766662B0D0A4639443136372F73717A754C7A2F6C36744D33324C4B2B30376E542F414F7A782F77412B646741612B5A763242375335746669746F6B4B4A493974484C722B7166614C6D367572374E7465610D0A46346B76627638413075392F744C7464326E2B67636632547058626A6E36692F344B4766746D61352B7A6C3464384766447234524A62366C38652F6A426638413258776C484A596632722F770D0A6A66682B7A75724F7A752F4648396B6A2F6A397674537672753038502B453950314C2F695666327265582B726E2B31502B4562315453712F63766F39344F6C2F59325A5A70674D742F77434D0D0A68346E2F414F45764E4D307A542F6F5635582F582F436F667A48394C7A4F4D35786E475757384A5663792F347850686A4B2F375579764B38722F36476D61663944542F6F6161663869732B6B0D0A2F4548374E3976346B6D6D65352B49587841746F4C694B434B4B7A73396531537867732F73667239697638412F5050664E654F654A5032546643756E72637876346E2B496C2F6566385444570D0A62575334385A654B4C66794F625148532F77446B4F63347A375639592F445750784A34522B472F677A537669623432506A507874702B673666612B4C664746785957756C66323934672B792F0D0A385461372B79614A592F3265662B67666A2F707A3756736178346B384E7877693575622B7A65463757344D556E2B7639754F6E3444765837786C2B65592F4431634E537066376F6678356D6D0D0A56345770686354562B732F557357666C782F7753697330306E34422F4672536F586B6E54532F32722F6A785952535845766E7A2F414F6836706F2F2F41423933662F4C373666706B642F30360D0A723879502B4356647859584877542B4E6A36624E3971732F2B47772F326950737478782B2F747637653066374A2F6E76583662312F6C393949442F6B386E4839582F717144397334472F354A0D0A484A502B78572F795255757875475437667A4E4654536A49326E3135373950622F5053697679756C374C6B52395037507A2F442F41494A4C57467158562F722F4145466274595770594F38640D0A522F3841577A2F5775576E732F583944512F4A542F6770743479663463335837476E784A54523566456A2B432F77427158772F7250396878335832482B307673666866574C33374C39722B770D0A366E39687A396B352F4F766C72346D2F487A77786666446A786838624568765041336947547876702F6879312B4564763479304856667366323236732F746571665A507433687678685A574F0D0A6E57463371326F6638697A2F4147562F33434B2B74503841677068612F61496632503841656C764D6E2F445748672B4B5837514450422F706E686678685A32672B6E662B74666E52486F38500D0A7733764531503841614E38427957633275614E724555736D7357486866584A2F456E69437A7574482F77424B384A326E677638413567662B6C386A5566374B30722F544C446E302F306B384C0D0A2F4466676A78412B6A37774268654D73546D6D5335546B76486D615A706D6E46482F43582F5A655635586C662F493079764E5037557A542F4149532F37552F36476E2F436F667A64785278520D0A786C6B666958696372344E79332F57664635316C66396C35586C65562F774449307A544E502F7757644A38416632784C62554C794854744B2B464878597564593169573474664565712B462F0D0A693164574F6C6150623266327938744E55316137737643756D36665A66326A59326C332F414D68482F6E7A3664713743542F67714A384E2F4438312F445A2F44723970422F4C3158374C4C5A0D0A782F4644532F492F74437A75767356332F706D443974782F304550384D31385A33486A62524950696C2F62486744776634673850654966454633625265434E5030692F757248784865572B6A0D0A2F6250746472704F6B2B47502B687A73662B59667149315453763841512F38416B4C663279612F5362347966734C2B4666456C6E384D66486E6A7A786E5A2F43585239592B4833672F5339550D0A384D58476A61586658305069445750746E695456744C744C7357492B78583476727656745031622B7A644D2F356337442F6F47484842672F6F2F384130654F4C4D35346B7A6E4B386B7A544F0D0A7545762B5A582F786C4761634C35582F414D6A542F68557A542B31502B52582F414D69762F6D562F325766715046482F41424548677643384A5A4E78626966374634737A722F68557A544B380D0A7279762F41466F346F79762F4149532F2B45764B383034582F774352702F3356444E2B472F77447755462B487678692B49486858775A632B4366476D6D3248694457663747746646486A44340D0A6F57762B686D3874627A2F5372713076644330332F516639452F732F2F695A616D6630726F64482F414737504466776F2B4D586A6257502B464736683471747448313778526F326A6135702F0D0A697A53374765382F736536476A326C313465745073506954542F73503247302F346C50396E616E6A565037592F77436F6C7835583434385366736F2F4266786434742B476E686A34563658340D0A3438566546356450693855584563326C7761484350456D6C326572326D6C576E2F49533143397366734E3361663854442B7A50374B2F74556E523948726C72373475614A38564E55385065460D0A6668646F6E673734562F454B33734C66565042756F6170612B655A764848675058763841684D5043666866776E646A2B7A645073722F786E66576E396E61742F776B576C2F77426C6172396A0D0A734E49352F77435156583650773334622F523938452B493837346A3444784F615A31692F39562F39562F384156652B614C2F68552F74542F4149564D302F7454663079732F6D2B707835786C0D0A3467592F4C65484D2B2F73764A667157616632702F616D61663953762F6D562F3257612F6962396F532F384167313851764350692F77434D4878493850367834642F616E6D31443474576E680D0A2F77414A332B71654B7645667765754E592B782F5A4E4C385136543975314878422F7769763245326D6E663267447065426F2B4E48306E2F41496C702F745453386154654C6648306B3273660D0A42797A6A2B504F7058476E3668716E687A7776384C2F69446F4F712B493959742F774451374F377566736C37593662662B474C482F6D4961742F776B576D663853724766374A3472356A75740D0A61384B364C344C2B4B506837346461566561396F2F774153506A3934482F34574471477361582F5A5878772B4150696A784A6458757361746161547131372F784C37322B302B78744E572B480D0A2B6B2F3877725376746E3972365070502F457A7233547864384666416E374D32692F4354782F38417332366C34372B4766787A2B4D6D732F456A777659654F4A49727253744A6D2B452B6A360D0A585A336E697A2F684C506837346E7666456C6872577565497237374A71476B36687032706156705839712F594E5830662B7976374E4F6678476E6C66432B59566379782F4565536658634A2F0D0A7A4E502B52702F776C2F38414D722F34532F38416F6166384B682F6F58773378357876542F73544A65434D792F77434D682F345338727976544B2F2B46544B2F2B52706C6639715A586D6E2F0D0A4141715A586D6E396C2F384149302F3546656E2F41454E502B526F646A38507667622F77764C777A347A3853654650482F774153504166782B2F5A7A384A61786633587776733956385565420D0A3539482B4C4635716C352F5A4F6C367465442B7A6451316F6164592B45395836366E2F5A57712B4B727A776C6A2F695436642F5A56666D442F77414E562F744961372B305634712B4C3931710D0A76397366464877587064766F48686A562F694C612F62702F68376348564C507733705631704F6B61332F784C7A6665486237567457763841537638416849736158705771367866367672482F0D0A4143446356396461783865726E34422B454C44537641486D65472F454B5839767250696A346B61704C706339394E2F792B617464617461613166663854725139522F3054554E4A2F3454502B0D0A7939562F30503841346B352F356D6F2B5861543861726E346B2F457A776A632B4A394E38502B4A39652B4C6C2F702B69365834686B384A615834472F34544333765038416A3075727637442F0D0A414D4A4A71477466326A2F79447A714839702F32562F5A5633663841396A2F3867332B31612F5865442B504F4573727962453558776C6C76397463512F774443582F776C35586C65616632580D0A2F77414B6E2F4D722F74542F414E576E2F4D72506E754F5043506A7A4D4F4B5039615045484D76715842482F41417166384B6E4647615A582F72522F5A65562F386A544E4D7234582F7743700D0A702F7A4B38722F35476E396C2F7744493050535032666632744E4B2F5A37385261622B30562B302F34672F61412B4C766A2F556271346C3048554C6A343361704234566874377931765074640D0A70642B45374C2B30762B456E35753776554E57302F7744346C66685853542F7A43656D50306431762F6771556D7457384E3534652B45586A5453744E50396E367064616863654B50444538380D0A4F6E6178616D387450736D502B676A2F414E677A507431727A72784E2B776634532B49486750774E344438517736705A3233674B3138324B343850786632562B2F76502B51736639432F35630D0A64522B312F774449503731323377742F5A4C2B487667507852655764742F776B6D70654962654C52374457624F3076394C31582B77644F306A375A3462384A2F386674392F61482F41424D660D0A736C702F784D4E52307A2B7973692F2F414F6F585839412B4A6E482F4149532B436556354A785278356876396B78762F41416C2F32586C6639715A702F5A65616632582F4147702F324B37640D0A6C356E2B656C5045635A654946584D736D345878502B355A706D6E2F41434E502B45764B2F7743792F774331502B45762F71616632702F5A5A332F2F41415237316C4E652F5A6C2B497576650D0A544A625072483755487877315357336B6C2F66772F624E553065382B79336654746439763535782B723166476637476677503048396E44777638522F68586F506954575046566E71507851380D0A512F46714B3831693174594C367A742F6970396A766637422B3132522F732B394F6E58326B58682F74442F69576358646A6E474258325A582B5050693578526B3348486944786278627735690D0A66727644334647616632706C662F597250374F3454792F465A5877356B6D4178582B39344C4B37663138766B4D666F50722F513055503048312F6F614B2F4E54364D6657467142482B6662720D0A57375746714337327A33493666722F6E384B30703750312F51443871662B436D6C353968307638415A437633654E45732F77427354346269575354482F514238596671656E7039427A5835790D0A2F774442557133385365494E412B472F6972525044326F576567366671756F3276397161506458586E365A62336C315A336C333972744266663266396731472B744C542B312F3841727A2F730D0A666A2B30712B2F502B437349526668372B7A4D6A766D47342F61352B4731724C2B362F3667506A44706A50726A366E38756431537773626A773744705869464C5055726150532F4B756F377A0D0A392F42786A6A39656672582B7A5030512B473842785234425A62674D662F756D4E7A544E502F566F667842343063595A707758346F59624E4D722F3376425A582F774269763866386A345A2F0D0A344A582F4142632B452B7357507864314C347532486837777834683848793239397066784D754C443744422F77692B73666266736E68653031613973644E2B78663264396B7539512F77436F0D0A722F6248577633642B4A58777A76384134706643657A30657A687433314C374C62367A6F46356358516E73667446357066583758362F36582F507658354261502B775834502B4C586A72552F0D0A465770654C2F456D6D2B466645476C366661792B423766466A3449744C657A74667364336136547050324561662F785558585639514F6D6632727176327A36562B35476A61786F6E777838490D0A364A346268755935744E384C3644702B6A5773666D6965662B7A3948746254523753312F38416254333748697630376A6A67664155386D7733434E582F62634A6A663841684C2F73764B2F2B0D0A45763841482F6D566E4E7766346B6530346F2F3469446863546D6D437A624266384B6E39715A702F777166384B6E2F64557A542B314D3050353276326F76325A766A4870766A795077546F6E0D0A77633861366C4E486F332F43522F384143795042656A66327234553856584635396A733776514C76562F734F6D36685A58326E2F4147547271503841334278587856346F2B42767861384E7A0D0A4A443468384D654B4E492B7A2F77436C526632686F327157506D2F592F77445450745670646A2B7A656E70707736397A583961647838574E48754265584F7065586257647646636365622F720D0A753338754350787234442F62442F6261384D664372776A71576966446561333158346B654A4C44554C574B53326C382F5366424F6E336E2B682F3239713170307662372F414B464F772F36430D0A762F594E46666A2B4D3848384277766B4F4A713073546D6D53345442663944542F6855504B343834342F3138346F78504675507A4C4B76375778762F41454B38722F73762F6B566E345076380D0A5A72445566434E7434412B49586869383032386A697439423062343066447557363050346A616234663169352B326174612B4C4C537976744E302F346E636638676E2B3063663256312F736E0D0A5642573963512B47504558694C77463464384B2F744C65452F4550687A51347645477161662F77737A52764876673633384833466E6F4E6E5A326E2F4142356638655775616A39722F7743510D0A6870326D66387766384B38453144566E3852616C4E4444356B30336D2F77436957386B76326965592F77412B2F707A394B2F63373968762F41494A757A61586661483854766A336F397673730D0A3472665764422B485678462B2F764C6A2F6A38733772785A6164624B78503841304C342F3543326361782F304374552B4779764B3866694B767373722F7742692B752F32582F324B2F7743790D0A38724C79666A5469504756634E53712F3762692F2B46542F414956502B46542B31503841685579762B792F37557A544E502B686F64742F77542F38413245626D346D2B4C762F4456486854770D0A333477384E2F45433630652F2B462B6C3670346330765664446874394848327A2B337644332F43542F77427065494C332B30663757476F5A314853394C2F745853732F3868542F6D462F6E310D0A2B306C2B773738654E503841327576482B6D2B475959376D32765047523154774872746E662F3841434F77615034662B79326573654537725362542F414A43476932506879787537547739700D0A502F434F2F7744494B315852372F38417363312F5575762F41416B6D6C366C71577057646E346631564C7958547859572B7153335546396F50325070396B75374B7834736654542F415069560D0A6739395735726D3130587844714869782F4665742F7744434C7A586B6C68623658447145656A58583237523948732F746C324C58536674743971576E383331336436682F61476F365A716E2F0D0A41422B656C667276422B582F414F7139584530726658634A2F774372544E4C483658784A784A6D6D6559584466375439647A622B792F374C2F774346542B314D302F34532F77446B566E776C0D0A2B303938472F326A664558375066774E543461613363616C385176426468702F2F4331624F793857363934483158786871476A2B462F3748752F736C336F754E502B3366384A78616632682F0D0A784D522F5A5835477648503257666833385A766A52346F315877662B314C384C7647466E34503066526A4661654D50486D7658552F6A2F5464592F346B39356161443465385757563971576F0D0A654A2F436F376E55662B515671316E2F4147766F2F7258317038664E612F61362F7743452B75552F5A70314C77487176686A522F43576A6A5650423271585868662B323750784265585773660D0A613955757A65324F70616865324F6F325032552F38777648324B2F2F41422B697632635A766A72713377373032382F614B3050776670587849733955754C58375234532B3166596453302F2F0D0A414550374A716C336158762F41423558332F48336E2B7A6A774C5048544E664E347A4B384C6D4766504F63566B6E4647437A624266387A542B31502B45764E502B36582F4147706D6E2F71720D0A79732B7A70357056772F41662B712B467A7667504F754873622F7A532F774471766D6E2B74475635702F304E5037552F73764B2F2F56706D6D566E79702F77544F764E566D2B462F782F734C0D0A2F574E5931697A384A2F74682F744165435043386D75617071757254366234503848362F6F2B6A2B487442744C75397674534273644F73662B4A66704F6E35395065763063723836662B43610D0A616C6668332B30736D2F6538663763333756455576342B4D725031376532653334312B69316635726550474870596678613432705958446655734A2F61682B71384866386B336C762F59722F0D0A414D78722F645034667A4646442F645034667A4646666A70394F4F7246314350633253503635482B65653250797261724F764F7634442B5971716454325148354F2F38414255377739347A310D0A6A34572F413356764266773338632F45366277662B307438502F475776614838503942752F456575512B482F4141336F506A4338753772374A5A386A2F6C30302F774474442F6B46663272650D0A574853766A71543438654B706A7666396A763841624543584556763532506842716B2F2F414C6666302F58702F5172356633506B2F6C2F6E6A72394D64735661545A752B627A4F6E36652F740D0A2F7744583734722B7666427636586E4566673377626875457342776C6C656459542B315037552F74544E4D307A542F6D614834787835344A354434675A7A2F616D61596E4E4D45667A7936480D0A2B31523851744431477A68314C396B6A39735237622F5657736C7638473955676E7337662F7030745074782B336532663531304F71667459654E7463576150522F77426C62397378376E7A620D0A694B306B7566677472336E7A663875662B6C2F36642F7A3438667258394138503376376D4F33703739542F2B733166583573377563644F33583659394B2F56502B4B686E4648746672582F450D0A4C75462F72663841324E4D305069662B4A582B462F5A6579705A336D682F4B6838557669742B314C3472314B385454503259503270374477396366364A4670386E777131364366482F5432500D0A545566355638333348774F2B4D6678527366473135346B2B48586A7A344A336E672F51494E5673492F695A34543154513748787471477336395A3264706F4E706433762F41423566326459330D0A64337148396F2F3854542F6C77306E502F4579722B304D41444743563579546748365936392F57755438632B41504350784B304F54777A347A3069323172535A4A424D4C4F346C7559504A750D0A426D7A482B6C5766582F6A367765506F66586D34732F614163573857634F5A6C77766975414F463846684D62722F616E2F51712F366D6E39664D3775462F6F7965483254352F6C75615A7A690D0A63307A724B64466D65574E70633257573257752F727630545034362F3258664376784F2B432F78553054346861332B7A6638612F487333685056504E746637442B4658696A78487058396F660D0A38656639716154642F5950375031722B7A7638416B49615471476E66327070582F495072393366442F77447755477562645868316A396B5839744466484C62483752482B7A7872333737502F0D0A41472F6476782F6E58367165483941303777356F326D3644704670485936526F6C7462365A706C6E484941746C5957654261594855446A6A4A4A347A394E386F6A452F503034794F66382F580D0A3638446A507975562F544D7135586C654779756C3458634C7466384151302F74544E5037557A542B7636374866677641544A737678574971355A78486D69777232542B6679327464644C37750D0A7A7638416C7471502F42527251624E626C496632535032344C314A5039564A4A2B7A787230482F4C31312F342F7653764B39482F414F43704868687646646E632B4A2F6774385649664147710D0A44374C70656E2B4839472F747A347077367839712B78326D6D6174384A2F7348396F6662762B6774702F3841776B32713672705832503841346E476B38312B7A705545344570427765504E4A0D0A50366A6A322F5476586A476E66733766426E5366694C6366466D772B483267572F774151727536754C365478495937747267616865443746646170613270766A70396E6661674F503752734E0D0A4E4C4871535735506C5A70394C7A50737757572F3258776E6C65532F5573302F3456502B465235702F616E2F41464B372F77444D72312B5835483662776C34653842355868754A46786268630D0A7A346F78574E7974726864715563732F73764E62722F68547A524C584E4F743732613261317576797838492F746966732F774477352B4C336A44346F365638475032384C622F684A497266790D0A2F42397438417647646A34562F77424474667358326E5672542B32782F62643739757539583141366871502F41442B64502B4A627064657A5366384142574C344E7952373466326550327A480D0A2F652F76664C2B4157716675626A2F7765656E5830376D763152784C742F31736D4D39664D482B6366686A507655544354764A4B52312F316F2F7058736638414533644B663862773479742B0D0A582B7447612F38417A71506C6166686736663841433469662F6872692F7742626E356E6638457757316A55506733386166465773654666466E673950486E37585037514878423062512F476D0D0A673358685858423466385961396F2B7361546458576B3375662B584737396550395036642F7742484B306E5754766748734144775031362B6F7A2F4C47652F336A2B48386858386E636563550D0A56654E4F4C6337346F713462366C2F6257616632702F5A5A2B6D5A566C2F38415A6D417732422B73665850715866662B74534E2F756E3850356969686C335935786969766A54305231554C7A0D0A702B492F6B4B763152764275567A39667A342F77497A51426C6E37792F7744417635564B726266353864763838564379457437642F62482B6665724D63663841337831352F50762F414A36450D0A697567443441386566744C585077552F61733859654876486E69337868725077346B2B43337776312F7741472F4476772F774346394C317A56627A346B2B5050486E784930653774644A2B780D0A6148707669433973662B45562B4876396F66384145783150476C59762F5453394B506661782B33353843394462784A444462664554583953384E3670345830752F774248384E2B45763756310D0A796166786A6461786F2B6B334E70705832372B304C49663235704E33346631582F684976374B31625374563636543178367733374E2F77667650456E6A6E78687175673670723369483469580D0A58683636316E554E633855654B4E566E30332F68443772574C7A7739612B4237762B335037513846324F6E5833694C784471476B6166344D2F73762F41496D7573582F2F414545717A4C7A390D0A6B4C396D33554E546D3153382B452F6839722B3475594C7158375066362F42597733466E717435346B48325053624C584270316C2F7741547A567276784166374F303045617265582B7238360D0A75774E666F74504D50446D705379332B314D74346F2B742F32586C662F49722F414C4C7973384C36766E4E50367A374C2B792F6C2F583966636545667444667441654D50686E726E774E2B4D0D0A4769654D4E6375666746385A5042766A447776463458743942384C7761722F77746A7868384F662B45772F5A3875744A753733513953314379767647643961617434502F414F456631452F380D0A6A567248684C502F4144464E4A31544B384F2F384642506858384E50685870733378613856655050694E347738463668636543666972347738482F446D327672482F684D50446667337868340D0A7738576137396B384D6638414576737643756E575077392B494F6F61542F5A774F712F32563462502F45702F74672F38545437443137776E384776682F7744446A77786F2F6954537644326C0D0A664450345A332F676537384C32657352585771325068585550422B715766384177723236306E37622F61576F666276446D75663253644A357A70524E6A3246664A32716541763841676E4C710D0A576C7663617234653842336E683778526636785947547A76486B2F68793831442B792F486D6A36746F4E6F62472B2F34522B792F346B666A66346861662F776A2B6E6A2B79744C3072784A720D0A334744587135505534587A544B384E68635677336D6D4E2B705A70622B314D722F722F6F566D4F49703471686976613073546C6576646631366E3062386450473369335164572F5A765477660D0A346F6B30545466486E7834384C2B43504645647670656736722F6276672F562F42766A7A784A396C2F77434A3159366C39697A66654537544F6F36646A5663586C2F575438545032302F67440D0A3849764748694C774E34323853617246726E672F53394831547854487066687A564E637364482F345353307662767737705633643265514E623852574E702F784B654D48375A6F576B3678710D0A756C2F326C706639715A486A4C78702B7958342B7450423974347838562B4839566838422B4B4C655877516E3976654D744B767442385957666862574C793075374D614C666162714832372F0D0A41495258536645502F45774F662B4A566161396E6A2B314B346E2F6847663244394C76726251376C50422F39712F456A53395031372B7A3951316E786C6661723432742F486D76654A4C7A770D0A397275722F6262375574513172584E5231793738516E776E722F694D2F7744435661562F79434E482F73732F325858486C2B543558374C4466327A6B6E46482B78663841517279762F7161660D0A386A542B3150384173566C34697656662B36346E4B2B36732F4C312B372B6B6448652F742B2F4172546F626D3565332B4B467A485A614E714776585832443461613750396A302F52394238530D0A654A4E5775736E6B2F77426E614834543851366A6E54383657644C30652F4F6A6E564B794C582F67704A2B7A42652F384933396D317678706350347075745A734E4C6A7376416D76617263660D0A326A3462313778486F2F69485337762B78663753466C726D6E663841434F33656F6174702B5037564F6B336D6736766F3431542B30744C72336544396D58344857336A4452664836664433540D0A70764733682B77754E4C7350456C35716D7633327166594C323138535764352F613933653635714A31736168592B4C66466D6E36727148694C2B314D2F774272332F7A444E5664502F5A512F0D0A5A33306A5264483048773938492F4333685853744431516139706348684F4F36384B7A32656F6A77746F2F674D33663276777A65366271474E5238456154705068375662416E2B7A4E57306D0D0A7973644A3164546A356E54786E68662F414E4354696A792F345663722F723778756C6E4B567672475757375766703672377931384450326A2F68762B3050622B4B357668352F776C6B4C2B440D0A4E5674394D31367A385765457455384858324C7937316D7A744C6D7A744E617A39747364517676442B7236654C2F706E523738415972336C6D322F55313556384C766752384A2F67773273530D0A664450776662654658385152616661367A396E31545872372B306F4E4875645A76625437582F62562F7152794C37784471332F45772F36664F654D56363032786C503841423250497A2B6D4D0D0A673578307234374F4B6D54663270696637422F74542B79662B706F7A30634E375770532F326E2F6572644C61656E3964697578334C78316B39656662322F7A6D714576337A2B50387A576B790D0A374D6B4442485139657648657332582F414A5A2F38432F396D727870374C312F526E6352305555567841465562722B502F64465871676D5864783766314E414748756B582F5038415042782B0D0A64654D2F48373430573377452B465069543471582B6A3348694732384E793650462F776A396E662F4147485664594E3572316E5A33647270502B67366C39743177324E33643668704F6E342F0D0A346D7632502B7941644C2F3543746536746237573950384136334F63662F7148706D73665766434F67362F4E6F6C7A72656D32392F632B4739552F746E514C69535736382F5464592B79336C0D0A6E2F616C6E39692F356676734E336436662F322B582F766A306372784746772B507731584E4D4E3964776868695061314B58376F2B4F664748375A4674345A38584C6F4F6E654572505750440D0A336A445166672F716E77612B496B6E696A795042336A7A555069707231355A326E68653775374C5139533144777872663968326C333477384A2F384149553072785670566E66342F7376574E0D0A4E4F6C56712F4250397275623473654A72627748715067653338482B504E4C2F414F466F66384A6C3459756645643150505A616634443855576668767739346F384A3364376F656D2F7744430D0A542B422F694A2F7066396B2B494D6157644B3158534E65306A574E4A477361625876756E2F4172345136567058396957667738384F4A6F30662F434C2B5670636C70396F7362502F414951500D0A56503841684A50412F77426B744C3350324C2F68444E6350396F65457A70332F414343645547644834795271365438482F68666F6439704F7036563446385032657136486F50696A773570570D0A735232486E36725A2B482F47477132666954785A6F4E7071393454714230507846726C7061366A71326E2F39425847726E7658323154505044373668395670634E357039622F36476E3971660D0A3953765538716E517A6E2B4C395A2F7237763673664875692F744B617838656465316A3449663841436B2F44397A3435307651662B46672B4B50412F7845385561396F64686F2F682F5239550D0A384E336E68375374572B322B422F37512F774345715069713774422F784C744D315477722F5A576A32486937522F466D716150346B3075764C39552B4E33672B3231627862384E394E2F5A640D0A302F587451384A364E2B31523852763744742F464776574F6836397248774831377733344438576638496E64337668582B7A7233585047646A3857645750384161476E642F7744695561782F0D0A7945744C7237797466326450676E59576D6D326468384F7444734530762F6A77764C4F58564C48565962662B7A4E4830653730762F6849624B2B2F3453442B772F7743772F44326B366566440D0A2F7744616E396B6A537448734E492F736E2F6957365857766F5077532B4666686A784462654C644238453650707669537A6A385952577571572F32767A6F62667835716C6E72486A653174500D0A7474392F5A332F465258326B3654714772482F714432482F41454461396A2F584467334231663841684C79544E4D462F3839502F4141364750396D592B702F46784E6A387866442F414F30420D0A2B7A726565432F695834322B48767748384C2B4A394B2B46392F72462F77434B4C6A77763438385477547A32343154773334442B4758696E5362762B772F37513176384134577234563862360D0A747150685055502B51722F5A576A36397047645572317257766A42384E2F682F3469384E367A34322F5A31735044642F702F777630667852384B7646456576367039682B306150346F3859570D0A66676A34632B49663761384B3662714867727856714F682B4537767842345450694C544D663272397638492F38686A2B7968716E326B503265666768483453316A77486266445477765965440D0A2F454668345030665764443075772F736D79314C522F41662F496A3656642F5966374E483248773662542F695536663178774D314650384173382F4265366A385651366A38503841533962680D0A3863513666612B4C597645462F723369502B3372665239562F746A535037564F74582B70663664707574326C7271476C61686A2B31644C5047527A58542F7278776C55712F76634E785239550D0A2F774378706D6E2F41434B2F2F44702F324E4350374978332F4C722B792F6B6E2F5835487A3134672F626F732F424F752B49644B38572F447134303354644B74666A424670666969333857320D0A747834637650465077663841486D732B4478345838513366396836622F774149782F7773533938506638556E34672F346D6D6C66327265324868485750374C316E55744C2F745232716674780D0A77326E673648782F5965442F414176715769332B6A2F452F583941384C336E784D74644B2B4A75753650384143722F684A4C507844716D6B2B46502B4556314933746A714F756545377654390D0A4A302F546A716D71365750734F72617870476C6A2F69566158372F65667333664172564C54786259617A384E394431697738636158346730667862702B7353367071746A72326E2B4D4E652F0D0A3454447844613364706533327061662F414D544C78562F785548396F64663756464D316E396D583443654972693875645A2B48576A336E396F447851627544376672316A59772F384A3561320D0A646E343375725453624C584E4E302B79767647646A61326F3856332B6E615A706639726638786A4F436138326E6E6E68702F30546561662F41494C2F415044702F58597034664F4F75492F380D0A6C2F344A347434722F626554774E716E7775306E785038414333554C4F342B4B6D6A66454878486F326E79654B507350694F62542F41666A3334622B424470656B2B452F452F6858773334680D0A3172785634695078437450454F6B2B442F77437A4E4C31582B793948314376764276343049792F2B663535376670587A727248374C7677413852367862654974652B48576E3639346B302B580D0A555A644C38516178716E696A56646330696657502B4562764C7537306E5672335850375130572B2B3365435043576F6632687032702F327270582F434E324230662B7A4B3931302B326830320D0A7873394E7476744832617A744C6531694E786458563950396E732F2B6675387666395076632F3841515131483639547A383978426A4F46385A6863742F73484C6671574C2F77435A6F642B440D0A70342B6E567848316E2B753233396454536B615062782F502F7744582F7744583666544E6C2B2B66782F6D616D6B6B2B7079667A2F774472662F57347172587956537074703876315A3667550D0A556F5864782B65656C4654443456382F7A41536969697351473746395031502B4E4778665439542F4149305555414F6F6F6F6F414B4B4B4B75653639503159425252525244642B6E366F416F0D0A6F6F7030396E362F6F41555555566D41556F5864782B6446465844642B6E366F42386A6558397A362B2F5048552F6A37394F31464646646953537367502F2F5A0D0A27, null, 'New York', '', '', '', '48', '23 cm', '2', '3', 'Amanda pig loves her big brother, Olivers. But he has to go to school. Amanda has to play all alone and it\'s just no fun without Oliver.');
INSERT INTO `pus_katalog` VALUES ('76', 'Follow the polar bears`', 'FIC', '11', 'FIC BLA f', '85', '9', '0439206413', '', '', '2000', '', '', null, 'USA', '', '', '', '1', '', '2', '3', 'Polar bears her.Polar bears there.come,let\'s follow the polar bears.');
INSERT INTO `pus_katalog` VALUES ('77', 'Young cam jansen and the missing cookie`', 'FIC', '11', 'FIC ADL y', '84', '34', '0140380507', '', '', '1998', '', '', null, 'USA', '', '', '', '32', '', '2', '3', 'Cam jansen can find a mystery anywhere,even in the school lunchroom.');
INSERT INTO `pus_katalog` VALUES ('78', 'Keluarga tikus`', 'FIC', '11', 'FIC ACK k', '86', '6', '9796378205', '', '', '1996', '', '', null, 'Jakarta', '', '', '', '1', '', '1', '3', 'Di suatu pedesaan hiduplah 7 ekor keluarga tikus pada awalnya mereka hidup tenteram dan damai tetapi ditempat itu sekarang ada seekor kucing.');
INSERT INTO `pus_katalog` VALUES ('79', 'A plump and perky turkey`', '813', '16', '813 BAT a', '88', '9', '0439417988', '', '', '2002', 'CRISPINO, Francesca', '', null, 'New York', '', '', '', '34', '23 cm', '2', '3', 'No turkey for thanksgiving. How about luring one to town. But what happens when the plump and perky turkey is smarter than the townstolk.');
INSERT INTO `pus_katalog` VALUES ('80', 'My cowboy boots`', 'FIC', '11', 'FIC BOW m', '89', '35', '9780310715740', '', '', '2008', '', '', null, 'Michigan', '', '', '', '32', '15 Cm', '2', '3', 'What kind of fun can a little girl have in her new red cowboy boots.');
INSERT INTO `pus_katalog` VALUES ('81', 'Sometimes`', 'FIC', '11', 'FIC BAK s', '87', '10', '0153293489', '', '', '0', '', '', null, 'Orlando,Florida', '', '', '', '1', '22 Cm', '2', '3', 'Sometimes i am happy,sometimes i am sad.I like who i am.');
INSERT INTO `pus_katalog` VALUES ('82', 'Mud pie annie`', 'FIC', '11', 'FIC BUC m', '90', '35', '9780310715726', '', '', '2008', '', '', null, 'Michigan', '', '', '', '32', '15 Cm', '2', '3', 'Flowers sprinkled on a mud pie,yummy.At least mud pie annie thinks it\'s delicious.');
INSERT INTO `pus_katalog` VALUES ('83', 'Little david and his best friend`', 'FIC', '11', 'FIC BOW l', '89', '35', '9780310717102', '', '', '2010', '', '', null, 'Michigan', '', '', '', '32', '15 cm', '2', '3', 'Little davids best friend Jon is the king\'s son.Together they have lotsof adventures,like best friend do.');
INSERT INTO `pus_katalog` VALUES ('84', 'Franklin\'s valentines`', 'FIC', '11', 'FIC BOU f', '91', '9', '0590130013', '', '', '1998', '', '', null, 'Toronto,Canada', '', '', '', '1', '19 Cm', '2', '3', 'Franklin could count to ten and back again.He knew the days of the week,the monthof the year and the holidays in every season.');
INSERT INTO `pus_katalog` VALUES ('86', 'At the circus`', 'FIC', '11', 'FIC BYR a', '92', '0', '0753701898', '', '', '1999', '', '', null, 'London,England', '', '', '', '3', '16 Cm', '2', '1', 'Clycing monkeys,dancing bears,prancing zebra.Everywhere you look there\'ssomething to delight you.');
INSERT INTO `pus_katalog` VALUES ('87', 'Diggy dog`', 'FIC', '11', 'FIC BAI d', '95', '0', '0864116799', '', '', '1997', '', '', null, 'Litho,Queensland', '', '', '', '24', '15 Cm', '2', '3', 'Diggy dog loved digging,digging everywhere.He dug holes in carpets.He dug holes in chairs.');
INSERT INTO `pus_katalog` VALUES ('88', 'Granny roma`', 'FIC', '11', 'FIC BLA g', '78', '28', '9788175965263', '', '', '2007', '', '', null, 'New Delhi', '', '', '', '16', '14', '2', '3', 'Granny Roma is a grandmother with a difference.You will love her clothes, be amazed at what she eats and cheer for her in a race.');
INSERT INTO `pus_katalog` VALUES ('89', 'Dragon tales`', 'FIC', '11', 'FIC BRO d', '97', '27', '037581311x', '', '', '2001', '', '', null, 'Toronto', '', '', '', '4', '21 Cm', '2', '1', 'Zak and Wheezie have lots of fun together.');
INSERT INTO `pus_katalog` VALUES ('90', 'Morning mr.ted`', 'FIC', '11', 'FIC BOW m', '89', '35', '0310700604', '', '', '2000', '', '', null, 'China', '', '', '', '5', '18 Cm', '2', '1', 'The sun peeks in my window,i wiggle out of bed.Morning outmeal, morning juice, morning mr.Ted.');
INSERT INTO `pus_katalog` VALUES ('91', 'Arthur\'s pet business`', 'FIC', '11', 'FIC BRO a', '98', '0', '0590067702', '', '', '1990', '', '', null, 'New York', '', '', '', '0', '19 Cm', '2', '3', 'You\'ve been looking at puppies for months.');
INSERT INTO `pus_katalog` VALUES ('92', 'It could have been worse`', 'FIC', '11', 'FIC BEN i', '99', '21', '1854304461', '', '', '1998', '', '', null, 'London', '', '', '', '13', '26 Cm', '2', '3', 'Mouse is on his way hime, when he falls and lands with a bump.');
INSERT INTO `pus_katalog` VALUES ('93', 'Arthur\'s teacher moves in`', 'FIC', '11', 'FIC BRO a', '98', '9', '0439321689', '', '', '2000', '', '', null, 'New York', '', '', '', '0', '19 Cm', '2', '3', 'It was friday afternoon and arthur was relaxing.');
INSERT INTO `pus_katalog` VALUES ('94', 'Giggle, giggle, quack`', 'FIC', '11', 'FIC CRO g', '100', '0', '', '', '', '2002', '', '', null, 'USA', '', '', '', '1', '20 Cm', '2', '3', 'Farmer Brown was going on vacation.He left his brother, Bob, in charge of the animals.');
INSERT INTO `pus_katalog` VALUES ('95', 'My grandma and grandpa`', 'FIC', '11', 'FIC ARL m', '34', '39', '9789795154075', '', '', '2008', '', '', null, 'Jakarta', '', '', '', '23', '20 Cm', '5', '3', 'The series tell touching yet funny stories of a little girl named janet and the other members of her family.');
INSERT INTO `pus_katalog` VALUES ('96', 'Wolf`', 'FIC', '11', 'FIC BLO w', '101', '9', '0439291607', '', '', '2001', '', '', null, 'New York', '', '', '', '1', '21 Cm', '2', '3', 'after walking for many days,a wolf wandered into a quiet little town.');
INSERT INTO `pus_katalog` VALUES ('98', 'Elmo\'s guessing game about colors`', 'FIC', '11', 'FIC Ben e', '103', '41', '1593944519', '', '', '0', '', '', null, 'Ashland', '', '', '', '4', '15 Cm', '2', '1', 'Do you want to play a guessing game with elmo,Elmo is thinking of a color.');
INSERT INTO `pus_katalog` VALUES ('99', 'Big bird\'s guessing game about shapes`', 'FIC', '11', 'FIC BEN b', '102', '41', '1593944519', '', '', '0', '', '', null, 'Ashland', '', '', '', '4', '15 Cm', '2', '1', 'will you play a guessing game with me,You will that\'s great.Let\'s the started.I\'m thinking of something that is shaped like a circle.');
INSERT INTO `pus_katalog` VALUES ('100', 'Grover\'s guessing game about animals`', 'FIC', '11', 'FIC BEN g', '102', '41', '1593944519', '', '', '0', '', '', null, 'Ashland', '', '', '', '4', '15 Cm', '2', '1', 'Would you like to play a guessing with yours truly,i will tell you a little bit about an animal and you will try to guess what the animal.');
INSERT INTO `pus_katalog` VALUES ('101', 'Home for a bunny`', 'FIC', '11', 'FIC GOL h', '188', '0', '', '', '', '0', '', '', null, 'New York', '', '', '', '12', '17 Cm', '2', '3', 'It was spring.The leaves burst out.the flowers burst out.And robin burst out of their eggs.It was spring.');
INSERT INTO `pus_katalog` VALUES ('102', 'Puppy\'s busy day`', 'FIC', '11', 'FIC BUR p', '104', '43', '', '', '', '1999', '', '', null, 'USA', '', '', '', '3', '19 Cm', '2', '1', 'Puppy loves the garden because there is so much to explore.');
INSERT INTO `pus_katalog` VALUES ('103', 'Biscuit`', 'FIC', '11', 'FIC CAP b', '105', '10', '0153142669', '', '', '1996', '', '', null, 'USA', '', '', '', '26', '14 Cm', '2', '3', 'This is Biscuit , Biscuit is small , Biscuit is Yellow.');
INSERT INTO `pus_katalog` VALUES ('104', 'I love you blue kangaroo`', 'FIC', '11', 'FIC CLA i', '106', '44', '9789791349017', '', 'Lulu Wijaya', '2007', '', '', null, 'Jakarta', '', '', '', '0', '22 Cm', '5', '3', 'Lily dan kangguru adalah sahabat selamanya.Setiap malam kangguru Biru tidur nyenyak dalam pelukan Lily.Dia adalah milik Lily.Tapi keadaan berubah ketika mainan-mainan baru berdatangan dirumah mereka.Sepertinya sudah tidak ada tempat lagi untuk Kanggu');
INSERT INTO `pus_katalog` VALUES ('105', 'What shall we do, Blue kangaroo`', 'FIC', '11', 'FIC CLA w', '106', '44', '9789791349024', '', 'Lulu Wijaya', '2007', '', '', null, 'Jakarta', '', '', '', '1', '22 Cm', '5', '3', 'Lily dan Kangguru Biru bersahabat.Tiap kali Lily tidak tahu harus berbuat apa,dia selalu bertanya kepada Kangguru Biru,tapi Kangguru Biru tidak selalu tahu jawabannya.');
INSERT INTO `pus_katalog` VALUES ('106', 'Parents\' night`', 'FIC', '11', 'FIC CAM p', '107', '10', '015327574x', '', '', '0', '', '', null, 'Orlando, Florida', '', '', '', '8', '14 Cm', '2', '3', 'We are artists, We draw big picture.');
INSERT INTO `pus_katalog` VALUES ('107', 'Pepe finds his home`', 'FIC', '11', 'FIC BAT p', '108', '10', '0153230649', '', '', '0', '', '', null, '', '', '', '', '16', '14 Cm', '2', '3', 'Pepe likes adventure.One day he sneaked into the family car and went to the market.');
INSERT INTO `pus_katalog` VALUES ('108', 'Gone fishing`', 'FIC', '11', 'FIC FLE g', '109', '28', '978815964723', '', '', '2007', '', '', null, 'New Delhi', '', '', '', '16', '14 Cm', '2', '3', 'Fred and Bill like fishing.Today they are in for a big surprise.');
INSERT INTO `pus_katalog` VALUES ('109', 'Working hard`', 'FIC', '11', 'FIC CAB w', '110', '10', '015322978x', '', '', '0', '', '', null, 'Orlando,Florida', '', '', '', '12', '14 Cm', '2', '3', 'Quinn sat by himself.He had a book to read.');
INSERT INTO `pus_katalog` VALUES ('110', 'What a great team`', 'FIC', '11', 'FIC CAM w', '107', '10', '0153275804', '', '', '0', '', '', null, 'Orlando,Florida', '', '', '', '8', '14 Cm', '2', '3', 'Hi,do you want to play.');
INSERT INTO `pus_katalog` VALUES ('111', 'On a raft`', 'FIC', '11', 'FIC CHA o', '111', '10', '0153229764', '', '', '0', '', '', null, 'Orlando,Florida', '', '', '', '8', '14 Cm', '2', '3', 'Rick and Mack want to play.');
INSERT INTO `pus_katalog` VALUES ('112', 'Rainy day pals`', 'FIC', '11', 'FIC CRU r', '112', '10', '0153229667', '', '', '0', '', '', null, 'Orlando,Florida', '', '', '', '12', '14 Cm', '2', '3', 'Nick was at the door Hello nick said Anna come in from the rain.');
INSERT INTO `pus_katalog` VALUES ('113', 'Help`', 'FIC', '11', 'FIC COR h', '113', '10', '0153230479', '', '', '0', '', '', null, 'Orlando,Florida', '', '', '', '16', '14 Cm', '2', '3', 'Raccoon was feeling sad because his engine wouldn\'t run.It wouldn\'t pull his little train.Raccoon could not have fun.');
INSERT INTO `pus_katalog` VALUES ('114', 'Year by year`', 'FIC', '11', 'FIC CAM y', '107', '10', '0153276401', '', '', '0', '', '', null, 'Orlando,Florida', '', '', '', '16', '14 Cm', '2', '3', 'This is me when i was one old.');
INSERT INTO `pus_katalog` VALUES ('115', 'Teddy takes a vacation`', 'FIC', '11', 'FIC CHA t', '111', '10', '0153230878', '', '', '0', '', '', null, 'Orlando, Florida', '', '', '', '16', '14 Cm', '2', '3', 'President Teddy Roosevelt neededa vacation.he had been President for a year and that is a hard job.');
INSERT INTO `pus_katalog` VALUES ('116', 'Rainy day pictures`', 'FIC', '11', 'FIC CAT r', '114', '10', '01532330592', '', '', '0', '', '', null, 'Orlando,Florida', '', '', '', '16', '14 Cm', '2', '3', 'Meg and Mike stared out the window.');
INSERT INTO `pus_katalog` VALUES ('117', 'My birthday`', 'FIC', '11', 'FIC CHI m', '115', '46', '9835025398', '', '', '1999', '', '', null, 'Malaysia', '', '', '', '12', '17 Cm', '2', '3', 'Today is my birthday.\nI get lost of present.');
INSERT INTO `pus_katalog` VALUES ('118', 'Tarian salju`', 'FIC', '11', 'FIC ACK t', '116', '47', '9789790996908', '', '', '2011', '', '', null, 'Jakarta', '', '', '', '12', '22 Cm', '5', '3', 'Strawberry Shortcake dan teman-temannya akan mengadakan pertunjukan seluncur es.Plum pudding adalah penari terbaik.Oleh karena itu ia akan menjadi bintang pertunjukan.tetapi sebelum petunjukan kakinya teluka.Bagaimana pertunjukan dapat berlangsung ta');
INSERT INTO `pus_katalog` VALUES ('119', 'Anak tikus yang ingin menjadi raja`', '823.13', '140', '823.13 MAK a', '117', '48', '9789796874941', '', 'Debora Toety Maklis', '2011', '', '', null, 'Jakarta', '', '', '', '1', '16,5 Cm', '4', '3', 'Dikebun belakang rumah Pak Sudin,di sebuah lubang besar,tinggal keluarga besar tikus.');
INSERT INTO `pus_katalog` VALUES ('120', 'Do not drop your jelly bean`', 'FIC', '11', 'FIC COW d', '118', '49', '0864117698', '', '', '2007', '', '', null, 'Litho,Queensland', '', '', '', '24', '16 Cm', '2', '3', 'Do not drop your jelly beans.\nPlease, do not drop your jelly beans.');
INSERT INTO `pus_katalog` VALUES ('121', 'Thomas & friends : Belajar bentuk`', '510', '28', '510 ROO t', '119', '47', '9789790996410', '', 'Michael Tobing', '2010', 'Ayu Prameswary', '', null, 'Jakarta', '', '', '', '1', '21 Cm', '1', '3', 'Buku ini adalah bagian dari seri yang dibuat dengan bantuan spesialis pendidikan untuk mempersiapkan anak sebelum masuk sekolah.');
INSERT INTO `pus_katalog` VALUES ('122', 'Marco\'s magic pictures`', '590', '141', '590 STA m', '120', '0', '9781782442653', '', '', '2013', '', '', null, 'China', '', '', '', '4', '20', '2', '1', 'Marco likes purple beetle, a brown ant and...');
INSERT INTO `pus_katalog` VALUES ('123', 'This little angel`', 'FIC', '11', 'FIC LYE t', '121', '20', '9781409311348', '', '', '0', '', '', null, 'New Zealand', '', '', '', '0', '18 Cm', '2', '1', 'This little angel name is june.\nHer golden harp plays a beautiful tune.');
INSERT INTO `pus_katalog` VALUES ('124', 'Miss mary mack`', 'FIC', '11', 'FIC HOB m', '122', '9', '0439040221', '', '', '1999', '', '', null, 'New York', '', '', '', '15', '22 cm', '2', '1', 'If you\'ve always wanted to know the full story behind the mysterious Miss mary mack,open this book,book,book,and take a look,look,look.');
INSERT INTO `pus_katalog` VALUES ('125', 'My first look at touch`', '611.8', '95', '611.8 YOR m', '123', '13', '0679806237', '', '', '1990', '', '', null, 'New York', '', '', '', '9', '21 Cm', '2', '1', 'My first look at is a stunning series of photographic picture books for the very young.');
INSERT INTO `pus_katalog` VALUES ('126', 'What is in the box`', 'FIC', '11', 'FIC DIA w', '124', '10', '0153230118', '', '', '0', '', '', null, 'Orlando,Florida', '', '', '', '8', '14 Cm', '2', '3', 'Look,pop..\nI got a box.\nDon\'t lift the top.');
INSERT INTO `pus_katalog` VALUES ('127', 'You\'re my little bunny`', 'FIC', '11', 'FIC FRE y', '40', '21', '9781848950375', '', '', '2010', '', '', null, 'London', '', '', '', '8', '22 Cm', '2', '1', 'Little bunny is a charming and playful bundle of fun.Join him on a day full of bouncing and cuddles with his mummy.');
INSERT INTO `pus_katalog` VALUES ('128', 'This little builder`', 'FIC', '11', 'FIC LYE t', '121', '20', '9781409311355', '', '', '0', '', '', null, 'New Zealand', '', '', '', '4', '18 Cm', '2', '1', 'This little builder\'s name is matt.Tap his shiny safety hat.');
INSERT INTO `pus_katalog` VALUES ('129', 'Hadiah musim semi`', 'FIC', '11', 'FIC CEC h', '125', '47', '9789790996885', '', 'Windrati Hapsari', '2012', 'Ayu Prameswari', '', null, 'Jakarta', '', '', '', '15', '22 Cm', '5', '3', 'Orange blossom membuat dan mengantarkan semua pesanan pada hari pertama musim semi di kota Berry Bitty.Strawberry Shortcake dan teman-temannya menawarkan bantuan,tapi orenge blossom ingin melakukan semuanya sendiri.');
INSERT INTO `pus_katalog` VALUES ('130', 'Puppy love`', 'FIC', '11', 'FIC FOR p', '126', '51', '9781743526903', '', '', '2013', '', '', null, 'Australia', '', '', '', '11', '25 Cm', '2', '3', 'Little Paws supposed to be the perfect present,but he can\'t stay out of trouble.');
INSERT INTO `pus_katalog` VALUES ('131', 'In the city`', 'FIC', '11', 'FIC DAN i', '127', '10', '0153229527', '', '', '0', '', '', null, '', '', '', '', '8', '14 Cm', '2', '3', 'I sell hot dogs in the city park.\nDo you want one.');
INSERT INTO `pus_katalog` VALUES ('132', 'Mummy\'s shopping bag`', 'FIC', '11', 'FIC DAV m', '128', '46', '9830007928', '', '', '2004', '', '', null, 'Selangor,Malaysia', '', '', '', '32', '17 Cm', '2', '3', 'Mummy\'s shopping bag is so big that anything can fit into it.');
INSERT INTO `pus_katalog` VALUES ('133', 'Sport will try`', 'FIC', '11', 'FIC DAN s', '127', '10', '0153229497', '', '', '0', '', '', null, 'Orlando,Florida', '', '', '', '8', '14 Cm', '2', '3', 'Sport saw the big dogs.');
INSERT INTO `pus_katalog` VALUES ('134', 'Moby the mouse`', 'FIC', '11', 'FIC DAV m', '128', '23', '9830007901', '', '', '2004', '', '', null, 'Selangor,Malaysia', '', '', '', '16', '17 Cm', '2', '3', 'This is moby the mouse.\nMoby is a very special mouse because he has a very long tail.');
INSERT INTO `pus_katalog` VALUES ('135', 'Angela\'s pet giraffe`', 'FIC', '11', 'FIC DAV a', '128', '23', '9830007936', '', '', '2004', '', '', null, 'selangor,Malaysia', '', '', '', '30', '17 Cm', '2', '1', 'Angela is little girl with short red hair.She has a very special friend who is so tall that sometimes you can hardly see his head.');
INSERT INTO `pus_katalog` VALUES ('136', 'Jan has a doll`', 'FIC', '11', 'FIC EAR j', '129', '10', '0153229446', '', '', '0', '', '', null, 'China', '', '', '', '8', '14 Cm', '2', '3', 'Look in the here, look in the wall...');
INSERT INTO `pus_katalog` VALUES ('137', 'Bruno\'s first action words`', 'FIC', '11', 'FIC EAR b', '130', '53', '9812330968', '', '', '0', '', '', null, 'Singapore', '', '', '', '24', '22 Cm', '2', '3', 'Children are asked to find bruno and his friends on each spread to see what they are doing.');
INSERT INTO `pus_katalog` VALUES ('138', 'Cilio di rumah penyihir cilik`', 'FIC', '11', 'FIC HER c', '131', '54', '9792613056', '', '', '2006', 'J Chrys Wardjoko', '', null, 'Malang', '', '', '', '18', '24 Cm', '1', '3', 'Teman - teman namaku Cilio. Sekarang, Cilio akan mengajak teman - teman ke rumah penyihir cilik. Di sana, kita akan berpetualang bersama dan nanti teman-temanakan tahu bahwa membaca bisa asyik bersama Cilio..');
INSERT INTO `pus_katalog` VALUES ('139', 'Jack bermain bola`', 'FIC', '11', 'FIC EAR j', '129', '47', '9796887991', '', '', '2001', '', '', null, 'Jakarta', '', '', '', '1', '22 Cm', '5', '1', 'Jack mangajak Teddy bermain bola, saat menendang bolanya terlempar jauh, bantu Jack menemukan bolanya ya...');
INSERT INTO `pus_katalog` VALUES ('140', 'Jack di hari yang hujan`', 'FIC', '11', 'FIC ELG j', '132', '47', '9796888025', '', '', '2003', '', '', null, 'Jakarta', '', '', '', '1', '22 Cm', '5', '1', 'Jack, hari ini sangat cerah jangan lupa membawa botol minummu.Sinar matahari bisa membuatmu cepat haus.');
INSERT INTO `pus_katalog` VALUES ('141', 'Jack bermain otopet`', 'FIC', '11', 'FIC ELG j', '132', '47', '9796888009', '', '', '2003', '', '', null, 'Jakarta', '', '', '', '1', '22 Cm', '5', '1', 'Halo Jack bermain apa kita sekarang...\nMain otopet yuk,ajak Jack..\nDapatkah kamu membantu Jack menemukan otopetnya.');
INSERT INTO `pus_katalog` VALUES ('142', 'All the things i did today`', 'FIC', '11', 'FIC FLO a', '133', '10', '0153275847', '', '', '0', '', '', null, 'Orlando,Florida', '', '', '', '12', '15 Cm', '2', '3', 'It\'s morning..\nI wake up\nI eat my breakfast\nI drink my juice');
INSERT INTO `pus_katalog` VALUES ('143', 'Sing for the king`', 'FIC', '11', 'FIC FRE s', '134', '10', '0153230169', '', '', '0', '', '', null, 'Orlando,Florida', '', '', '', '12', '15 Cm', '2', '3', 'The fish and the tadpoles eat.A plump tadpoleis the king.Everyone sing.');
INSERT INTO `pus_katalog` VALUES ('144', 'Slim grows up`', 'FIC', '11', 'FIC FRE s', '134', '10', '0153229829', '', '', '0', '', '', null, 'Orlando,Florida', '', '', '', '8', '15 Cm', '2', '1', 'Farnk swam from long pond to see his friend slim.');
INSERT INTO `pus_katalog` VALUES ('145', 'Pet day`', 'FIC', '11', 'FIC FLO p', '135', '10', '0153230134', '', '', '0', '', '', null, 'Orlando, Florida', '', '', '', '12', '15 Cm', '2', '3', 'It was pet day at west end park.');
INSERT INTO `pus_katalog` VALUES ('146', 'Drummer hoff`', 'FIC', '11', 'FIC EMB d', '136', '55', '0689815093', '', '', '1997', '', '', null, 'New York', '', '', '', '26', '16 Cm', '2', '3', 'Drummer hoff fired it off.');
INSERT INTO `pus_katalog` VALUES ('147', 'Cock a doodle doo`', 'FIC', '11', 'FIC EAR c', '130', '53', '9812332049', '', '', '0', '', '', null, 'Singapore', '', '', '', '24', '13 Cm', '2', '3', 'It was very quiet on the farm.Farmer brown and all of the animals were fast a sleep.');
INSERT INTO `pus_katalog` VALUES ('148', 'Bears are big`', 'FIC', '11', 'FIC FRE b', '134', '10', '0153229632', '', '', '0', '', '', null, 'Orlando,Florida', '', '', '', '12', '15 Cm', '2', '3', 'a big bears came by here.It was looking for food.');
INSERT INTO `pus_katalog` VALUES ('149', 'Ask Mr.bear`', 'FIC', '11', 'FIC FLA a', '137', '0', '0153142693', '', '', '0', '', '', null, 'Singapore', '', '', '', '32', '18 Cm', '2', '3', 'Once there was a boy named Danny.\nOne day Danny\'s mother had a birthday.');
INSERT INTO `pus_katalog` VALUES ('150', 'Cliffrod the weather dog`', 'FIC', '11', 'FIC FRY c', '138', '9', '0439394481', '', '', '2002', '', '', null, 'New York', '', '', '', '1', '15 Cm', '2', '1', 'Cliffrod and his friends get all kids of weather on birdwell island.Now you can make the sun shine or dress Clifford for the snow with reusabl, fun vinyl peel and play pieces.');
INSERT INTO `pus_katalog` VALUES ('151', 'My friend, boots`', 'FIC', '11', 'FIC GIN m', '139', '10', '0153230142', '', '', '0', '', '', null, 'China', '', '', '', '12', '14 Cm', '2', '3', 'Boots is my new pet.We are friends.\nAs a puppy, boots stayed with Beth smith.');
INSERT INTO `pus_katalog` VALUES ('152', 'Side by side`', 'FIC', '11', 'FIC GAR s', '140', '10', '', '', '', '0', '', '', null, '0153229942', '', '', '', '12', '14 Cm', '2', '3', 'In only two days i\'ll meet my granny for the first time.');
INSERT INTO `pus_katalog` VALUES ('153', 'Family life then and now`', 'FIC', '11', 'FIC GAR f', '140', '10', '0153230282', '', '', '0', '', '', null, 'China', '', '', '', '16', '14 Cm', '2', '3', 'Why family life now quite different from long ago.It is because of things that have been invented.They have made many hard jobs quite simple.');
INSERT INTO `pus_katalog` VALUES ('154', 'Jessica`', 'FIC', '11', 'FIC HEN j', '141', '0', '0590463802', '', '', '1989', '', '', null, 'USA', '', '', '', '1', '18 Cm', '2', '3', 'Ruthie Simms didn\'t have a dog.\nShe didn\'t have a cat\'\nor a brother,or a sister.But Jessica was the next best things.');
INSERT INTO `pus_katalog` VALUES ('155', 'Han and juan are friends`', 'FIC', '11', 'FIC GOL h', '142', '10', '0153276339', '', '', '0', '', '', null, '', '', '', '', '16', '14 Cm', '2', '3', 'Han likes to swim,Juan likes to hike.They both like to bike.Han and juan are friends.');
INSERT INTO `pus_katalog` VALUES ('156', 'Little pig at the state fair`', 'FIC', '11', 'FIC GAL l', '143', '10', '015323038x', '', '', '0', '', '', null, 'China', '', '', '', '16', '14 Cm', '2', '3', 'Today is the big day,June and a little pig go to the State fair.');
INSERT INTO `pus_katalog` VALUES ('157', 'Smoothie stoberina`', 'FIC', '11', 'FIC HAI s', '144', '56', '9789791411677', '', '', '2009', '', '', null, 'Jakarta', '', '', '', '24', '21 Cm', '4', '3', 'Sebentar lagi akan ada sebuah festival di kota Lala.Bu Anna ingin anak-anak memanfaatkannya untuk mengumpulkan dana.Nantinya dana itu akan digunakan untuk penambahan koleksi buku diperpustakaan sekolah.');
INSERT INTO `pus_katalog` VALUES ('158', 'Taman bermain yang menyenangkan`', 'FIC', '11', 'FIC INT t', '145', '0', '', '', '', '0', '', '', null, '', '', '', '', '32', '15 Cm', '1', '3', 'Billy sangat besar,Billy dan teman-temannya sangat gembira mereka bermain di taman bermain.');
INSERT INTO `pus_katalog` VALUES ('159', 'Play ball`', 'FIC', '11', 'FIC HOW p', '146', '10', '015322942x', '', '', '0', '', '', null, 'China', '', '', '', '8', '14 Cm', '2', '3', 'They can play Zack is here now.');
INSERT INTO `pus_katalog` VALUES ('160', 'Howie wants to play`', 'FIC', '11', 'FIC HEN h', '147', '35', '9780310716044', '', '', '2008', '', '', null, 'Michigan', '', '', '', '32', '15,5 Cm', '2', '3', 'Clang, bang, clatter, crash. Howie want to play. But what a mess he makes.With Emma\'s help, Howie learn an important lesson.');
INSERT INTO `pus_katalog` VALUES ('161', 'Bob the builder dizzy\'s bird watch`', 'FIC', '11', 'FIC INC b', '148', '9', '0439341051', '', '', '2001', '', '', null, 'New York', '', '', '', '22', '15,5 Cm', '2', '3', 'Can dizzy take care of a bird\'s nest while bob work on a job.Find out in this simple story with a big surprise.');
INSERT INTO `pus_katalog` VALUES ('162', 'I want to be....`', 'FIC', '11', 'FIC HEN i', '149', '41', '1593941692', '', '', '2003', '', '', null, 'China', '', '', '', '8', '15 Cm', '2', '1', 'I want to be the a bumblebee and make some honey in the tree.');
INSERT INTO `pus_katalog` VALUES ('163', 'Muppet babies i want to have...`', 'FIC', '11', 'FIC HEN m', '149', '41', '1593941692', '', '', '2003', '', '', null, 'China', '', '', '', '8', '15 cm', '2', '1', 'I want to have a leopard\'s spots so i could play connect the dots.');
INSERT INTO `pus_katalog` VALUES ('164', 'Don\'t laugh,joe`', 'FIC', '11', 'FIC KAS d', '150', '44', '9789791534161', '', 'Lulu Wijaya', '1997', '', '', null, 'Jakarta', '', '', '', '32', '22 Cm', '5', '3', 'Mother Possum dearly loved her little son Joe, but he was always giggling. Lately his giggling made her worry.');
INSERT INTO `pus_katalog` VALUES ('165', 'My house`', 'FIC', '11', 'FIC JEN m', '151', '58', '0516244981', '', '', '1990', '', '', null, 'New York', '', '', '', '29', '20 Cm', '2', '3', 'Once a reader can recognize and identify the 16 words used to tell this story.');
INSERT INTO `pus_katalog` VALUES ('166', 'Molly mouse goes shopping`', 'FIC', '11', 'FIC KOE m', '152', '1', '084310628x', '', '', '1981', '', '', null, 'Singapore', '', '', '', '20', '14,5 Cm', '2', '3', 'Molly mouse has a house with a bright double door in a wall at the back of a big downtown store.');
INSERT INTO `pus_katalog` VALUES ('167', 'Muppet babies i want to see...`', 'FIC', '11', 'FIC HEN m', '149', '41', '1593941692', '', '', '2003', '', '', null, 'China', '', '', '', '8', '15 Cm', '2', '1', 'I want to see the man in the moon, Waltzing with a big baboon.');
INSERT INTO `pus_katalog` VALUES ('168', 'Who will play with me`', 'FIC', '11', 'FIC KHA w', '153', '59', '9971055953', '', '', '1991', '', '', null, 'Singapore', '', '', '', '14', '15 Cm', '2', '3', 'Will you play with me, \nwill you be my friend..');
INSERT INTO `pus_katalog` VALUES ('169', 'Cindy\'s cellar`', 'FIC', '11', 'FIC KLE c', '39', '10', '0153229950', '', '', '0', '', '', null, 'China', '', '', '', '12', '13,5 Cm', '2', '3', 'Cindy always did like surprises, Once she found a special door in the cellar.');
INSERT INTO `pus_katalog` VALUES ('170', 'Johnny appleseed`', 'FIC', '11', 'FIC KEL j', '19', '9', '0590426168', '', '', '1989', '', '', null, 'USA', '', '', '', '36', '20 Cm', '2', '3', 'John\'s first years were hard. His father left the family to fight in the revolutionary War, and his mother and his baby brother both died before his second birthday.');
INSERT INTO `pus_katalog` VALUES ('171', 'I love my little storybook`', 'FIC', '11', 'FIC JER i', '154', '9', '0439449642', '', '', '2002', '', '', null, 'New York', '', '', '', '24', '23 Cm', '2', '3', 'There\'s magic forest in my storybook, where all my favorite flowers and ferns and mushrooms grow. My special friends are there. I say hello.');
INSERT INTO `pus_katalog` VALUES ('172', 'You are precious`', 'FIC', '11', 'FIC LEM y', '155', '60', '', '', '', '2004', '', '', null, '', '', '', '', '24', '21 Cm', '4', '3', 'Robby adalah seorang anak laki-laki yang tidak taat pada orang tua, karena takut menghadapi orang tuanya Bobby bersama sepupunya yang bernama Rudy dan Reni kabur dari rumah.');
INSERT INTO `pus_katalog` VALUES ('173', 'Kaila sakit gigi`', 'FIC', '11', 'FIC LIS k', '156', '47', '9789790994270', '', '', '2012', 'Edith Natasha', '', null, 'Jakarta', '', '', '', '22', '22 Cm', '1', '3', 'Gigi Kaila sakit karna lupa menggosok gigi, mama bilang, Kaila harus kedokter gig.\nAwalnya kaila takut, tapi ternyata bu dokter baik.');
INSERT INTO `pus_katalog` VALUES ('174', 'Nami sakit cacar`', 'FIC', '11', 'FIC LIS n', '156', '47', '9789790994300', '', '', '2012', 'Edith Natasha', '', null, 'Jakarta', '', '', '', '22', '22 Cm', '1', '3', 'Saat bangun tidur, mataku panas dan sulit dibuka. Kepalaku pusing. Tenggorokanku sakit dan kering. Aku tidak masuk sekolah. Badanku muncul bintik-bintik merah dan terasa gatal, ternyata Nami sakit cacar.');
INSERT INTO `pus_katalog` VALUES ('175', 'Amanda pig on her own`', 'FIC', '11', 'FIC LEE a', '0', '9', '0439617707', '', '', '1991', '', 0x2F396A2F34414151536B5A4A5267414241514141415141424141442F2F67413851314A4651565250556A6F675A325174616E426C5A7942324D5334774943683163326C755A79424A536B63670D0A536C4246527942324F5441704C4342786457467361585235494430674D54417743762F6241454D414151454241514542415145424151454241514542415145424151454241514542415145420D0A41514542415145424151454241514542415145424151454241514542415145424151454241514542415145424151454241662F6241454D4241514542415145424151454241514542415145420D0A4151454241514542415145424151454241514542415145424151454241514542415145424151454241514542415145424151454241514542415145424151454241662F4141424549414D67410D0A68774D4249674143455145444551482F7841416641414142425145424151454241514141414141414141414141514944424155474277674A4367762F784143314541414341514D44416751440D0A42515545424141414158304241674D4142424546456945785151595455574548496E45554D6F47526F51676A5172484246564C523843517A596E4B4343516F574678675A4769556D4A7967700D0A4B6A51314E6A63344F547044524556475230684A536C4E5556565A5857466C615932526C5A6D646F6157707A6448563264336835656F4F456859614869496D4B6B704F556C5A61586D4A6D610D0A6F714F6B7061616E714B6D7173724F3074626133754C6D367773504578636248794D6E4B3074505531646258324E6E6134654C6A354F586D352B6A7036764879382F5431397666342B66722F0D0A7841416641514144415145424151454241514542414141414141414141514944424155474277674A4367762F78414331455141434151494542414D454277554542414142416E6341415149440D0A4551514649544547456B4652423246784579497967516755517047687363454A497A4E53384256696374454B46695130345358784678675A4769596E4B436B714E5459334F446B36513052460D0A526B644953557054564656575631685A576D4E6B5A575A6E61476C7163335231646E64346558714367345346686F6549695971536B3553566C7065596D5A71696F36536C7071656F716171790D0A733753317472653475627243773854467873664979637253303954563174665932647269342B546C3575666F36657279382F5431397666342B66722F3267414D41774541416845444551412F0D0A4150374F4B696D424B357A2B66352F3071576D737537484F4D562F6A756675427A6278376D7A2B764830352F7A334E456475374E7650365A342F7237653250626E6561335275762B503538300D0A43335164656662722B74613839587A2B3541593651766E2B654F522B6D6635442F475A59632F5474324839663835725657506233364850312F6C3755375950552F702F6857514758354A62320D0A4A39502F414E522F536E2F5A76622F502F6656615778665439542F6A536C51324F7674696744506133334C2B502B52365A362F683630317266642F4350664A2F57744F6967444F2B796A64320D0A36394F2F2B4876307837393664396D483977666B66384B7630335976702B702F78712B64396C2B502B5947613172322F542B57632F7742425450736839422B592F77414B3136627358302F550D0A2F77434E612B333876772F3449474F31726A322F7A3236442F5072564F53313876503776502B522F6A58536246395031502B4E5179526F792B764F50352B772F7A39614B645466543566716A0D0A5032666E2B482F424F4D754952782F712F7743575038382B755078344B30726D4942334862497A36396666506674525859735470722B502F4141546E396D2B362F45366D69696F7070504C2F0D0A414D2B2B50382F58743172797A73483731396630502B464F727870766A68384A573866512F4335506964344466346C795333455558772F6A385736442F77414A6C4E396A7450746C35396B380D0A5066627637512F346C316A6158656F482F6957644D597135716E786B2B4633682F7741566162344738512F456A77486F6E6A6656503750693076776E724869335162487856716639723358320D0A505366736E683639767637527666375276736632542F304665666576552F73764E503458396D35702F774244542B6D5A65307065583348712B39665839442F685471387638576646373458650D0A41623754644E38632F45587750344D314C5859684C6F326E654B5046756736486661782F705832502F6955326D7458326D6168652F77436E586638415A324E50507255506944343466422F770D0A6E34713066774834712B4B6E772F384144666A6278426461665961463454317A78626F4F6C6549395A754E59757673656B32756B365465337731433976395276727130302F53662B677436560D0A6A5479764E4B6E384C4C63302B516530706558334871314C7954366B3177666A44346E6644333465773263336A2F7835344C3844513668396F2B7758486A4478526F4868573376425A2F38410D0A4833396A2F74712B30305876396E6670786D6A55506968384E394630665250456D742F454C77506F2F6876784A396E6C384F65494E553857614470576836384C79312B32576E396B367465330D0A33396E36312F334475754F6D4B50374C7A5370537731576C6C756166376150326C4B6E7662304F376F72796D2B2B506E774B30323975644E762F6A4E384937432F733562694B3673377A346C0D0A2B4462472B7337697A2F342B375737744C3358503751736A333644754F4F61366E784838515041336848525966456E6976786E3454384D6547376A3750396C385165495045656C36486F64350D0A39742F3439446161746533326D3666652F77426F592F583136626632506D6C50367437584C63302F32332F71562F634831696E2F414E4250396665646252574E3464385465487646326836560D0A346B384D36336F2F69487733726C686236706F506944513736313158537459302B3835744C72534E5773762B4A666557482F5551303750364773487846385650686A345231464E4B38572F450D0A58774834563157534B336C693076784A347930485137366133764D665A4D326D7458326D366A394B6A4435666A3852562B7130734E2F745A46544555716638414638394C39665537656D37310D0A396630502B4663544A38545068307668745047622B505042616544376958796F7647456E696A51662B45566D754F6E32582F6849546648547A2B47703831444838545068314E34587576484D0D0A506A7A77572F676D7A467839703859782B4B4E422F77434557732F73664633397238512F6268702F2F6C542F414472622B783866374C2F6B57356F48316D6E356E6655312F756E38503569760D0A4F76427678672B464878444D502F434166453734662B4E6E755074486C522B452F4757672B4935357673662F4142392F364A6F743971582F414344665848624831394659664C6A303666682F0D0A3961754445595046594F72374C465962366B6255366C4B702F433337722B7636387A6E373337772F442B564654586F2F75666E2F4150582F4150722F414A356F725A5572725A767A576867620D0A542F645034667A465A576F544A45727537786F6B662B746B6B2F35592F54362F6F4B31582B3666772F6D4B3537564C57327649626D7A76496265347337794B34746271337549765067764C620D0A482B6C327433616450317A3134726D772F7366612F76504933716466385836732F6E4F2F626F385A654F5A6669427076376476677A52374F2F77444148374E2F78753066516642486954532F0D0A4765677A322F6972542F687664586D6A2F4550532F77446848724C2F414971443764347A76727634782B442F414F305037542F737656644B2F774345537A6E705831702B3270384E664166370D0A593178384337627748346E307538315878523846766A523852766856724768367A61324771366C71466E646642505750443131704E324C372F6B4F616469373144534D6638677278566157470D0A722F38414D4E31537631425434582F4446744C545250384168585867502B7849372F384174534C522F7744684466432F396B773668396C2B7866326F644A2B772F77426E2F627673502F45760D0A2F7444734B75575077763841687870397A7056357076773938443246356F662F41434272797A384A61445933326A2F36566558762F4570764C4B782F7443792F303637752F77446B48636A370D0A5A66353976334C2F414969686C64502F4146627134584C633077574C34592F74544B38727A542F684C2F35466561663879764E447876714662792F442F4D2F6E7038556158385337723479660D0A3845772F696A2B302F633658442B3044385150692F7744442F537646476A79526632562F5950676A77683973732F43663276773972582F457730572B385A583133713378423857663853762F0D0A414A477278682F5A412F354676537139732F344B61615834322B50692F4557352B474E747063336837396C50542F442F414E712B494F6E2B4B5043396A636546666A687246313462386566610D0A37753076662B4B677666384168444C485366686C7A70334F6C48562F4676384162422F346C7466747A716E777A2B4858695456463176784A344138442B496459696874346F7458317A776C6F0D0A4F7136722F6F597861453674653250396F5A3037307A3954546F666858384C6F3750574C425068703850343750784A4C62335776576366677A777635477658466E6466624C53363157302B770D0A3476723737626A55502B4A68395061757A2F694D47562F327077336E5039696637586B75562F32582F5A662F41416C2F32582F77715A702F616E2F71722F34537961655631665A596D6B666E0D0A6434322B4B5877302F62462F344A2F2F4141782B4B6D766632484470767851316E396E2B313855787958576C775833672F774155654A5069313444384E2F454C51625337766638416B4336350D0A703139642B4966442F542F6B46633836506976696A542F687A386166324B2F69393845503253396568732F69662B7964385450326B66685072507756317A554976332F77783144522F694E6F0D0A2F6953373076536674763841784C2F374431482F4145762B312F422F39702F3855727174352F612F672F3841346F375574553072532F337348776A2B4536364C2F77414932666870384F2F2B0D0A45656B762F7743325A664434384565462F7743773574592B7969302F74542B79667350396E2F6276735038417A45502B51723172356A317A39704C77663479316A347165442F4148775431440D0A34302B4876325A395530653638656172464C344E307251394338592B4776384169704C545166683961654A37372F6964654F50426C6A7050396F6450432B6C61562F6F48396A36742F7741540D0A4C53366A68666A5432644C4D737279484A507276443339715A706D6E396C35702F5A662F41416C2F32702F794B2F374C7A542F6F615A582F414F5A516A4559662F6E376966362F412F5072770D0A697677717550384167734A2B305070766A622F68413574457550325A50474672346A732F456E39672F77426C5461662F41477038452F3757746457744C302F326639682B7866612F3757366E0D0A2F6A2F7235342F5A783851654E76476E774F2B4D58374D66684C5370504676676A346F2F744C58476C66733861482F616E686653726A546668503444384C365034772B4E757165434C7678700D0A6661623466732F43756E654B725477393450306B352F73722F684B7647477666325038413867327630582B494837576E3748396A3850664250783754396D79332B4B6E77332B4B6D7636766F0D0A312F3430385066437234596135346A306678686F393172482F436236443473384A36316644786A652B4B7644746A34653851366871773037544E5547712F3250662F325071327161762F5A650D0A6C617039526644627835384550696438517445682B485877713848363970566E384C2F422F774152764276786F30505276687A506F6333672F77415358586954522F443172345475374B2B2F0D0A3454477950323777393468302F774473372B7A4E4C2F737237474B2B772F316B782B5435583966785843576166564D466C65562F386A544E4D722F73764B383034582F39366E39715A702F790D0A4B2F38416B616632576333733656543931395A50686E2F676A76384145784C6634522F456A396B37784A6332566834382F5A622B4A6E696A77355965462F375A744E5776725034622B4D4E550D0A7650456E684F3174507356392F70762F4141686D755866697A34662F41472F54752F687577724A2F344B5858756D36502B30392F77546F315762524A50454E7A702F3751576A33562F6F656C0D0A51364450726D6F366639712F3053312B796131666162702F662F69552F77426F366E705A2F43763136304834572F44547774715839742B4666683138502F446575655863577638416248682F0D0A775A3458305056667339352F783932333972364C59366271482F45785048584146522B49506862384D6646756F5071766933346266442F785071766C5152533670346B3848654639623158370D0A505A2F38656C723972316D78314C5550735038414C48474B2F4F735034675A4E682B504D793474705A4A6D6E31544F73727A542F4149532F2B70706D6D562F32586D68332F55367673734E530D0A712F313150776A76766772385776444E722B3374385950456E7736742F67622B7A6C38564E4C38442F774443422F4350584C2F776150375938595766786B7337302F456137384A2B433737780D0A4A6F4868692B31487772642F3265502B4A6D64563158375A3661634B2B55664275734A4434472F344934654366697644622F3841444B6D7365457668394C346F54555A6257443463586E69670D0A66384A68396B7466472F38417A442F73502F436366384B79302F567637522F346C58396B336C6870477366385366784A716C66314C367A344638453639346674764375742B445043657565470D0A4E50384137503841734868765750446D6C36723463732F37482F3542483254536232782F732B7A2F414C4F342F736E2B6C594E31384866684C7150676D352B48562F384144483466335067430D0A386C754A6272774E4A344F30482F684470726938783972752F77446848767350396E2F6E706E303976703848343059576E675071755079542F6D61663879762F414A6C65562F32582F5A65560D0A2F774464554D616D5631616C5832744C2B7675507A303050396F48775A6366384642766870384764562F5A34384E61443864592F684C38514C43312B4A486850346F61567175683650384E370D0A79313843654D50454F6C3364705A65422F44656F6131666662725477372F5A4F6E36694D2F77444965352F36436E366E313437344E2F5A362B412F773776625055764166775A2B462F677A560D0A645075726A554C445650446667507776704F7132656F586D6C2F32506433567071316C592F77426F594F68336433702F2F594B343731374658343578686E4756357869737471354E687330770D0A58314C4B2F7743792F774468552F384135706D68367545703161644C39365A4638754D48762F6B66722F5769726C794F4166702B66663841544646664E30663463666E2B687437507A2F442F0D0A41494A5A6637702F442B597242757676666638416E2F44322F722B503871336E2B3666772F6D4B7762725972507A6E2F4144363863632F6E394F4D4B657A3966304E4373712F6334332B6E360D0A39522B412B6E57726B625A3437486B66582F503871724C39324C2F50635659355139756E2B665430725144546A5A3971506A767A2F7744587A2F3841722F484E5846566D3744384D342F782F0D0A4B767841385858586A5055502B436D58787638414358672F78703462734E48742F77426C72555045657165482F48477665504C3377725A3668655776674F7A3162564C5477396F766A6A77330D0A702B693635396831613748396F442F6B4666624C3856385965446646317A4E2B79482B7862346E314C3471337358697278682B32353477384C2B4B50466E6954346F6550494C44557643342B0D0A4D6E396A2F77426C2B4C4C762F684F4E4E314339384436646F6470704F6E6632662F616D6C2F3841457136652F7743783566345031637777755734722F57542F4148332B792F38416D562F390D0A44544B38307A542F414E355A3431544E505A31665A66566A2B70586238327A594E2F58743664507A39732B31666E4A6F33374A66786A2B4450694C39714C2F685150696E345A7634532F61630D0A315455664756315A2F456A2F4149544B78315834622F4544574E4C752F446572613970502F434D574F7057486966512F37442F736E2F695836682F77692B716632726F31682F784E2F77446B0D0A4B5A2B4A2F7742744456744B2B477637436D7032666837346B573666477A777638532F412F6950346C66384143702F693134796E506872786A38534C5738764E57384C2B487645502F4356480D0A554C4C51745273644A2F346C50682F7846346D2F3542566E2F612F2F41424B2F37533539582F59312B4C5775654D76323676326850426E676E784A343038416641337766344430654B58396E0D0A763432612F7231393852707669426558586876374A3852766837705069665850456C2F6F76676254374730385761667133396E654A76374B2F7457387350384169553861587174642B54384A0D0A357A772F6B4F6435396C655A665863702F77435A706C65615A582F794E50374C7A544B2F374C2F39576E2F4357465445557352395770565436542B442F7743772F7744384B522B482F77437A0D0A39384B2F4446393458385A2B46666833385166696838522F6933716E692B4C5537472B38656178385650432F6A7A773134682F736E773959324F7061665A57492F77434533752F374A3037550D0A6454482F41424B7448734E49352F35436F3666396D58396A50522F32572F693538616645506750574A503841685633784D3062776566446E677534757455382F775472476A36393438316A780D0A4461365461482F6958325768366A2F776C6C70714A2F73372B792F3756315837662F62476B2F32776455315456664239633854586E78412F344B4D654A50673138654E53764E4E2B4576682F0D0A344933486954344E2B453952385361703456384B2B5050464A315477332F776B4F765864705A58326D3666346E317677376F56337133396B6A555037552F73722F542F37482F354675766D6E0D0A7748706678732F61532F5A722F6262384A65472F694C3855352F4448776A2B4B766969302F5A422B4D47682F4548786C592B4B745338503265672F6250454F67365234333058584E4E3144340D0A6736483464483254542F43656F616A716570343157372F736A2B31762B4A622F414D53763250712F4647615A586961576163536655734A6E575635582F616E2F41416C2F384A662F41426C470D0A616632706C66384133564D727A542F73562F3841435763662B792B312F645962552F6658752F3048386A54506B2F327630722B574C34522F4854396F54785634382B45586A4F7730543473770D0A2B47503276506856346F2F5A613062524E562B4A667847767643766876396F6A773370666876773534732B4D6E6832302F774345702F346B766858773734343850654E39512F7444547638410D0A6961367234562B7761766F2F396C6A702B695037563377502B4B3968385176675034442F414757766A5A3853504176785838502F4141622B4A486A66527637592B4B486A4C784A4238534E590D0A2B442B7666422B7A306D3138622B4876452F69725576442B7466384143523250697678442F612F396F365A2F785666327A2F696361747066396D365871756C2B4A6A5043502B7938307732540D0A597269544B2F72654E2F74542F6D562F3943762F414A476E397166394373366637552F356666567636372F3843352B784A3266394E66772F2B7638413070685861682F442B6661767A5A2F340D0A4A362F4648786E38634C72396F48782F3853664376695477423852644838622B442F41666A4C7750716E696A78527176687A515046476A2F414135384E336E69776543504432745833396E360D0A4C6F666950584C762F68495037503841374D307256644B4E3566365272482F494E72394A7476792B2F582F36335450547436312B64635363503165483830784F5456635439647865434F2F440D0A316672464C3274786A4B5478397A387A2B6F7A2F41452F78536C4B37655079704B2B567846542B6C2F58792B38375376503875374A34342F6D422F53696D5476774D64756D66312F6E52576C0D0A4C3446382F7741774C44394239663647756675482F6550382F58333976312F794F3164412F5166582B68726D627038732B652F2F414F6F667279617A7739502B6E2F587A2B34565370374B2B0D0A7233484273624539442B65443664762F414B3374576848735A763538662F5739422B6C66456E3757663755477666733236663841434C2F68466668644A385776452F78632B4A6476384E50440D0A6E687533385857336736662B324C335372793874502B4A7465364871576E2F3854472F4E7070332F41424D66374C782B646557584837574837626471304B4A2F7754753851334C334837714C0D0A3750384174426644692B2F662F7744626C6F662B514F4F7466734843666750346C38635A4E68732B3463795436376C4F4E2F366D6D5635582F774169762F73615A6F664A5A70787877356B2B0D0A4B2B71342F452F3757666F504E384E666876666168714771332F67447750656174716E326A2B314E5176504357677A33327066624C583748642F61376F3250396F5876396F325062327A78550D0A482F436D66672F4C436C7450384A2F68684A4448396F2F30642F683934584D482B6D5946332F7A412F774470313665783434785877504A2B314E2B33685A72436C7A2F77547031424A726B5A0D0A387638413461522B48416E2F414F33542F69522B6E2B6567504E2F384E792F746B7861396265486B2F7743436448696938315738693143574F33302F342B2F446D6638413438376F3264332F0D0A414D77502F6E2B745038697673385039472F78392F774359584C662F4144614D722F38416E6F65552F455467696E2F764F4B74352F77426C356F2F7765566E3650772F4258344F52616650700D0A555077702B4636615663332F4150624E3170582F414167666859325575726931476A663270396B476869772B334778744C54547A7150582B7937543656757038502F41467472656D2B4A34500D0A41766843333851364A5966324E6F33694332384C614442726D6A3650396C2B782F77426C3656712F3248376659325032482F69582F77426E36666A363138494C2B30722B33724644444A632F0D0A3845334E63672B30444555592F61572B45732F372F77424C762F5165422F3841583639612B5964552F77434373487876735A4C7947332F59563153352F732B2F754C433676592F32677641550D0A2B6C6632685A3835746275793050384136644F33355674672F6F312F53427A6A393168636B2B752F3933526C66365A6F5A3568346C38435A5865726D655A7241762F71614C2B7A502F5376360D0A2F492F5A58785A344438422B4F6265327466472F677A776E34777474506C383231742F466E687A532F456346706339667456702F62566A715832492F542F38415630476E365870756B574E6C0D0A70576C616259615670566846396C734E4C734C5332734E4C7372662F414A396253307376394173624833343572386274552F344B50667465614C716B4F6C61722F7741452B726947387650730D0A2F77426753503841614838475477616C397374624F38732F374A752F2B45562F732B392F74437875375455662B4A646A304664746266743166746E33567939736E2F424F6A78422B372B30470D0A4B522F6A373444673837374563586646376F65662B5875302F7744417A6E474F5370394666783970345844653134622F414E6B2F374B6A4B2F7744353647502F41424654674F7057396C537A0D0A762F612F3673667070703377332B48326B322F6869323072775234503032323845582B6F332F676D33732F446D6C515165443952316931764C50567272773969782F346B3137714E6A7132720D0A4456547078423158375A6635373431726A776A345675746674504674353461384E3350696E54375734734C44785463614470552F6950546450357A61576E694837442F614E6C596A3758646E0D0A2B7A7A7166635937312B656C6A2B31422B337A7131725A336D6D2F38453264634E72655265642F706E3753337776735A2F774430687950386D74572B2F61612F626E304854377A5574622F340D0A4A7936344C61792B7A2B622F4147582B3074384A62366562742F6F6C6E39692F6D66714F6C6562552B6A763430302F347557662B62526C662F774139443161664748446D497065317059702F0D0A2B47764D2F75322B662F446E3335592B4839423076557462316A546448307577316A784A4A7038766954564C4B7774594C3758726A523758374661585772586E2F4C372F414764592F7744450D0A76306E2B3065665831476C2F482F774C2B74666D31346A2F4147777632772F44646D6C7A662F3841424D333475584B53665A2F2B515A386276684C71762F48352F7742655A50512B33714B380D0A7731442F41494B4F6674473657737961722F7754632B4E6C684E484C396C6C6A7550695834442F342B41502B505566385350676476383572622F6957667875786E37332F4146622B752F38410D0A64305A582F77445051354D52346B6347344F72374C465A3339532F4D2F5736542B392F4C38534D667233394B6A7235522F59342F616454397266345233507855486750556668764E70336A660D0A78503444762F436571617A612B4937367A31447730624D3364316436725A574F6D6A6E3758673863437A4F54583164583450784A6B6561634C357A6D5751357A68767157625A4C2F414D4A650D0A615A57666335666A4D4C6D6D46772B5077474A2B75595047666462583876384168696C654D516F786A746E38364B53362B6344302F58743965352F4B69764F706641766E2B5A3146786C33440D0A482B6638347245766F663841504858385066762B507457375764714833462B6F2F7257464F70382F31386E3569716466385836732F4C4C397671507A66695A2F775439746A4C4844396F2F610D0A2B3850785258442F41504C47342F73732B2F3841302B6631723762312B48787434642B4A4549384A582B6E32656961686F326E2F414E715361357065716135354E7A5A326F2F30545362542B0D0A334E4E302B797664522B79663868442B7A5038416E2F384137597235522F624B743743362B4E2F2F41415478532F38414C386D503972545435663841535038415535732F42743565326E622F0D0A414B6450666E6E6E466670504A3467304750574E4E30656237504E63336C7263537858682B797A324D4832502F6C3175377631503566312F30703846385A56772F6842776C5370663956522F0D0A367444384B346B79756C6A4F493879712F774459722F3841565836457567365A59616E5A6150717434677562797A2B305378584832727A2F41436269382F342B2F77446C2B2F7A6A487258470D0A6546396538475750784138626548726138743331577A315454377161534F55367235503973615764592B795864332F7A426638416965576E694C2F69582F707858625361313450384636545A0D0A6F392F702B6C615648645739686178787935672B30586C312F6F6E50502F4C39642F7A397138632B452F67665A38517669523852644865383072532F474773334832533373355362485572660D0A522F3841513754564C757A76547158397466326A2F70656F615471476E6638414D4B764F3166712B54347972694D4C6D564C46596E2F6138466C65562F7744435765506D465032654B7933320D0A57472B752F7744436F612F37522F6A54784A34562B4658697050683770576F654966486D736158506F336850533944734C7256645568316A57503841512F3765785A5A2B7857476E574E33640D0A3667622F414C616F62482F6F4A5A7238522F4350374F5037516C72344631354A506735385145314B507835424670656C33476C2F76377A542F774468446673663971482F41453750324854720D0A342B762F4143465237382F734238612F6864613348694250484E37385950464877306554516266533955764E5031332B79744B765073597650374A74662B59623974767674313331376662420D0A2B50794C4E645466454A7445384B32483757506A50776B3935716E694336734E5A302F7854716C395065572B6A3276324C53644C3161377374633033374466616A39722F414C513162772F7A0D0A6A3748394B2F582F41412B34347748442B4277325459444535582F61754E7A525A6E6D662F43586D7265562F325666662B793950374C3762752B727473666966695277486A2B4C4D30784F630D0A342F445A702F5A4F5335582F4147586C66396C35706C662F4141716632702F324E5038413371656839652F73302B4476454F7466426E7766702F7876384458476C654E7448735037427572500D0A58497257652B75394F30632F597644327166364631767A6F663258542F77446959393948762F5376592F486E684F35314B7A7474453848332B6C366234686A7466743268663268612B6659320D0A66324F3673377A375664326E573973662B4A5661442F363166482F7777384E2B4D2F67586366457538317A34782F4548343136626566384143506D32693859654B4E55674F6D2F32502F776B0D0A6C356A53667474397158324F783148375861616671326F663853762F414A412F41723669384936745A364E71506837786872304E6C7055337841746266776C5952783339317173454F6F57650D0A71617872476B3276327637442F774178452F327350552F5937444F612B5034727234716C6A73797A525A6C624B663755762F304B38725639662B45745A725A3964756D33512F5175433665460D0A7035586C75417135622F7772594C4B38722F74542B3150374C7A544E502B36702F5A662F41434E4432434C5362795051375377536133747453743474506C6C6B742F384151624762554C4F360D0A732F746E2F486C2F7934366A6666612F3861383330333472663239347573504465673656716B7966622F454672722B6F61706F4E317055476D2F3841434E3358396A335A74667474392F70760D0A396F3331332F784B645130372B314E4B2F774244762B6331382F66472F77446137384E66443638314B32384661744A34703132347454595773422B79542B46644E6E2B31633670616D792F350D0A4456396A6A2F6F45313150374B2F6A437838586644582F684C64566833367A346276745830435855504B74667445326B665A644831673270744C492F3268652F32643972366632594F2F38410D0A592F61767962443857634C2F414F73655A5A582F414C376D33396C2F32706D6E2F55722F414C4C2F414F686F66742B6365472F475758384A5A6278625677333969385059334E4D7279764B2F0D0A2B706E762F77416976717578375638514E51734E4C6A75646268307133753956302F3841732B7775727A564A664930717A30385858327937753833762F4576766639414E332F3841574A46660D0A4D666A37573750785A3454314457483154772F72443650385666374C30473330505272725370394E747A7065736638414572315837622F782B332B6F6D30732F2B4A68332B783248617672480D0A78704D6C393462755A76384168474C6678685A79577476662F774268796170613656504E396A2F3079312F342F66384169586D2B2F774350512F384145772F47766B4B525047486A54776A6F0D0A466E70766744574C4F32765047397A346F38556170346B316E77764472757066593761383063577470704F69332B70666262372F414575302F77434A68714F7036587058396C5765662B4A700D0A6A6E376E68504C3675497A374A4D2B2F74764E50374A77582F55302F34532F36366E355278706D464C2F567A4F38722F414C4E2F32764735582F3356503755506D2F3841344A473343586E370D0A4E3378467555686B74764D2F61672B4F4576324F5345515477663841453030662F526276395035562B706C666D462F7753686A534834422F46345170386E2F44576E3751486C53663839762B0D0A4A396F2F30362F6E2F543950612F7A4C386638412F6B386E482F384132552F366E376C77482F79523344582F41474B2F305A6E33625067647565656366342F795057696E58433776756533360D0A6658366E725258354F6658463673692B507935376A2B66582B746139596D6F3954396636316E543266722B674835722F414C62476E32477266474C2F41494A39615671714735734E512F61760D0A302F3756622F3841506250686657507A2F4C363136703436306532384B2F454738384B365A71756E3650595845756A36784462792F77426C2F62707637592B32586572616F4465324F7061680D0A2F774166332B676154676632566A333472795839747A553950305834306638414250485574532B537A742F327239503832542F6E6A3973384D58746E2F774333663456366434383859654A390D0A537650456E78362B48757336586F396A63664455364470586D2B47507476694D36665A693831693031547844397473645331437A2F77424F4F66374F303754447176537636797A4469796C770D0A3339483367436C2F72626D6E4265625A316D6D615A586C65615A582F414D4B6D616638414930506B6367792B6C6D6E4757642B3179332B32734A67762B5A586D6E2F5972743666315939496A0D0A384236444E7258684B522F454D6D71332F774461476F58387568336C316F4D3838326E3265673678655866324F307372445464512F77434A6466384132516533327A4F613979754C756634570D0A2F4166554C7A5248307532765042667735314336734C6A784C467176396C57656F61506F4F4C533638512F5972372B3050374430362B3431622B7A682F6176396C562B433377562B4C5878520D0A2F61472B494767367234323137542F47666A4C784A344D7350446C31702F68714B36673072546643396E7231355A2F454C5162762B786643762F456C305055624730744E512F35476253394B0D0A3158566279773165765566684C385066693938544E4C38632F434C7739385266696834563169333853654950446E69693838595333552F68762F68572B6A3356355A65487442752F2B4C56360D0A6150452F2B672F3254702B6B2F77426F2B4F6334316A58762B51706F2B6D6A2B3150732B442B4F502B4964384A5A336C66475847332B756D625A4C2F414D5A522F616D616632582F4147702F0D0A7771663869764B2F374C2F7451394C4D4F4238426A4F4B4D4E5371346E2B7866727638415A663841616E2F43582F776C2F77426C2F774459302F3841775766542F77415A7646312F2B3252380D0A462F456E672B353048772B2F68577A31377766663248785138422B4B4C58784A384F6637597339653066522F3741744E572F3547442F684B762B4A74642B494E57303755664450396C6156340D0A56764E412F77434A742F6247702F384145722B6166486E7735385966732B707075672B496445303756744E6B734A39553062564C4F772F745778467665585832793774644A753732782F342F0D0A744F2B312F77426E2B33596638544B7565677576696A2B7A76722F686A396A445376482F414962306677547147766150724F7336353462384C2F38414538304766784A64576433643276684B0D0A302B772F36462F776A743961576E69482F6B475A31622B32422F592F2F49537236543865522F4569343854585077662B49763753306E69534F7A693065574C54342F427668652B2B3266624C0D0A713873375336737A2F7741497271576F614C726E2B695866397261667032706A2F7741716466625A506A4F462F47796C687372796269332F41465934337875562F7742715A586C65616632700D0A2F5A65615A582F314B2F374C4F624435782F784C3378762F414B305A706B6E2F41424548676A4F73722F73762F684C312F774345762B31502B52702F5A6561487848384A763276666A4472500D0A7850307A52504150674478472F77414F38616659654F504548694F553333685437426543382B32576F744C4B3946676233547248374A7148396E6E2F41496D6F315738735037482F414F59700D0A2F617675483754587871386266467A77442F777253773176562F424D2B6E332B6E617A70656F6158646632562F77416566327A375A61336E2F434D574F6D36683968314779753775775038410D0A784D2F2B5877666837782F77726179384C324D326A336E79586D4E586975724F4F586D62555037552F7743517061634437466D787537532F476E6E2F414A2F4C4446664A667849304B5477370D0A4E70756C5731354A63334E7861694B4B383153582F6965586E32502F41492B377256762B5162692B786E756364362F4765494F4A4F4D7548384C6965457157642F77433548393238463548340D0A5663635A3968754D763955737277574C7876384177715A5831663841304E4D72762B7639492B58763262664366782B31792B315877543471304855504574356F656C2F38553572466E4C352F0D0A2F435332396E64586E2F4572306D37782F615039682B484E452F736E476F366A2F7741676E53683272397376326466324C6646586862533954316A787434353855615071586953583766662B0D0A4639443136372F73717A754C7A2F6C36744D33324C4B2B30376E542F414F7A782F77412B646741612B5A763242375335746669746F6B4B4A493974484C722B7166614C6D367572374E7465610D0A46346B76627638413075392F744C7464326E2B67636632547058626A6E36692F344B4766746D61352B7A6C3464384766447234524A62366C38652F6A426638413258776C484A596632722F770D0A6A66682B7A75724F7A752F4648396B6A2F6A397674537672753038502B453950314C2F695666327265582B726E2B31502B4562315453712F63766F39344F6C2F59325A5A70674D742F77434D0D0A68346E2F414F45764E4D307A542F6F5635582F582F436F667A48394C7A4F4D35786E475757384A5663792F347850686A4B2F375579764B38722F36476D61663944542F6F6161663869732B6B0D0A2F4548374E3976346B6D6D65352B49587841746F4C694B434B4B7A73396531537867732F73667239697638412F5050664E654F654A5032546643756E72637876346E2B496C2F6566385444570D0A62575334385A654B4C66794F625148532F77446B4F63347A375639592F445750784A34522B472F677A537669623432506A507874702B673666612B4C664746785957756C66323934672B792F0D0A385461372B79614A592F3265662B67666A2F707A3756736178346B384E7877693575622B7A65463757344D556E2B7639754F6E3444765837786C2B65592F4431634E537066376F6678356D6D0D0A56345770686354562B732F557357666C782F7753697330306E34422F4672536F586B6E54532F32722F6A785952535845766E7A2F414F6836706F2F2F41423933662F4C373666706B642F30360D0A723879502B4356647859584877542B4E6A36624E3971732F2B47772F326950737478782B2F747637653066374A2F6E76583662312F6C393949442F6B386E4839582F717144397334472F354A0D0A484A502B78572F795255757875475437667A4E4654536A49326E3135373950622F5053697679756C374C6B52395037507A2F442F41494A4C57467158562F722F4145466274595770594F38640D0A522F3841577A2F5775576E732F583944512F4A542F6770743479663463335837476E784A54523566456A2B432F77427158772F7250396878335832482B307673666866574C33374C39722B770D0A366E39687A396B352F4F766C72346D2F487A77786666446A786838624568765041336947547876702F6879312B4564763479304856667366323236732F746571665A507433687678685A574F0D0A6E57463371326F6638697A2F4147562F33434B2B74503841677068612F61496632503841656C764D6E2F445748672B4B5837514450422F706E686678685A32672B6E662B74666E52486F38500D0A7733764531503841614E38427957633275614E724555736D7357486866584A2F456E69437A7574482F77424B384A326E677638413567662B6C386A5566374B30722F544C446E302F306B384C0D0A2F4466676A78412B6A37774268654D73546D6D5335546B76486D615A706D6E46482F43582F5A655635586C662F493079764E5037557A542F4149532F37552F36476E2F436F667A64785278520D0A786C6B666958696372344E79332F57664635316C66396C35586C65562F774449307A544E502F7757644A38416632784C62554C794854744B2B464878597564593169573474664565712B462F0D0A693164574F6C6150623266327938744E55316137737643756D36665A66326A59326C332F414D68482F6E7A3664713743542F67714A384E2F4438312F445A2F44723970422F4C3158374C4C5A0D0A782F4644532F492F74437A75767356332F706D443974782F304550384D31385A33486A62524950696C2F62486744776634673850654966454633625265434E5030692F757248784865572B6A0D0A2F6250746472704F6B2B47502B687A73662B59667149315453763841512F38416B4C663279612F5362347966734C2B4666456C6E384D66486E6A7A786E5A2F43585239592B4833672F5339550D0A384D58476A61586658305069445750746E695456744C744C7357492B78583476727656745031622B7A644D2F356337442F6F47484842672F6F2F384130654F4C4D35346B7A6E4B386B7A544F0D0A7545762B5A582F786C4761634C35582F414D6A542F68557A542B31502B52582F414D69762F6D562F325766715046482F41424548677643384A5A4E78626966374634737A722F68557A544B380D0A7279762F41466F346F79762F4149532F2B45764B383034582F774352702F3356444E2B472F77447755462B487678692B49486858775A632B4366476D6D3248694457663747746646486A44340D0A6F57762B686D3874627A2F5372713076644330332F516639452F732F2F695A616D6630726F64482F414737504466776F2B4D586A6257502B464736683471747448313778526F326A6135702F0D0A697A53374765382F736536476A326C313465745073506954542F73503247302F346C50396E616E6A565037592F77436F6C7835583434385366736F2F4266786434742B476E686A34563658340D0A3438566546356450693855584563326C7761484350456D6C326572326D6C576E2F49533143397366734E3361663854442B7A50374B2F74556E523948726C72373475614A38564E55385065460D0A6668646F6E673734562F454B33734C66565042756F6170612B655A764848675058763841684D5043666866776E646A2B7A645073722F786E66576E396E61742F776B576C2F77426C6172396A0D0A734E49352F77435156583650773334622F523938452B493837346A3444784F615A31692F39562F39562F384156652B614C2F68552F74542F4149564D302F7454663079732F6D2B707835786C0D0A3467592F4C65484D2B2F73764A667157616632702F616D61663953762F6D562F3257612F6962396F532F384167313851764350692F77434D4878493850367834642F616E6D31443474576E680D0A2F77414A332B71654B7645667765754E592B782F5A4E4C385136543975314878422F7769763245326D6E663267447065426F2B4E48306E2F41496C702F745453386154654C6648306B3273660D0A42797A6A2B504F7058476E3668716E687A7776384C2F69446F4F712B493959742F774451374F377566736C37593662662B474C482F6D4961742F776B576D663853724766374A3472356A75740D0A61384B364C344C2B4B506837346461566561396F2F774153506A3934482F34574471477361582F5A5878772B4150696A784A6458757361746161547131372F784C37322B302B78744E572B480D0A2B6B2F3877725376746E3972365070502F457A7233547864384666416E374D32692F4354782F38417332366C34372B4766787A2B4D6D732F456A777659654F4A49727253744A6D2B452B6A360D0A585A336E697A2F684C506837346E7666456C6872577565497237374A71476B36687032706156705839712F594E5830662B7976374E4F6678476E6C66432B59566379782F4565536658634A2F0D0A7A4E502B52702F776C2F38414D722F34532F38416F6166384B682F6F58773378357876542F73544A65434D792F77434D682F345338727976544B2F2B46544B2F2B52706C6639715A586D6E2F0D0A4141715A586D6E396C2F384149302F3546656E2F41454E502B526F646A38507667622F77764C777A347A3853654650482F774153504166782B2F5A7A384A61786633587776733956385565420D0A3539482B4C4635716C352F5A4F6C367465442B7A6451316F6164592B45395836366E2F5A57712B4B727A776C6A2F695436642F5A56666D442F77414E562F744961372B305634712B4C3931710D0A76397366464877587064766F48686A562F694C612F62702F68376348564C507733705631704F6B61332F784C7A6665486237567457763841537638416849736158705771367866367672482F0D0A4143446356396461783865726E34422B454C44537641486D65472F454B5839767250696A346B61704C706339394E2F792B617464617461613166663854725139522F3054554E4A2F3454502B0D0A7939562F30503841346B352F356D6F2B5861543861726E346B2F457A776A632B4A394E38502B4A39652B4C6C2F702B69365834686B384A615834472F34544333765038416A3075727637442F0D0A414D4A4A71477466326A2F79447A714839702F32562F5A5633663841396A2F3867332B31612F5865442B504F4573727962453558776C6C76397463512F774443582F776C35586C65616632580D0A2F77414B6E2F4D722F74542F414E576E2F4D72506E754F5043506A7A4D4F4B5039615045484D76715842482F41417166384B6E4647615A582F72522F5A65562F386A544E4D7234582F7743700D0A702F7A4B38722F35476E396C2F7744493050535032666632744E4B2F5A37385261622B30562B302F34672F61412B4C766A2F556271346C3048554C6A343361704234566874377931765074640D0A70642B45374C2B30762B456E35753776554E57302F7744346C66685853542F7A43656D50306431762F6771556D7457384E3534652B45586A5453744E50396E367064616863654B50444538380D0A4F6E6178616D387450736D502B676A2F414E677A507431727A72784E2B776634532B49486750774E344438517736705A3233674B3138324B343850786632562B2F76502B51736639432F35630D0A64522B312F774449503731323377742F5A4C2B487667507852655764742F776B6D70654962654C52374457624F3076394C31582B77644F306A375A3462384A2F386674392F61482F41424D660D0A736C702F784D4E52307A2B7973692F2F414F6F585839412B4A6E482F4149532B436556354A785278356876396B78762F41416C2F32586C6639715A702F5A65616632582F4147702F324B37640D0A6C356E2B656C5045635A654946584D736D345878502B355A706D6E2F41434E502B45764B2F7743792F774331502B45762F71616632702F5A5A332F2F41415237316C4E652F5A6C2B497576650D0A544A625072483755487877315357336B6C2F66772F624E553065382B79336654746439763535782B723166476637476677503048396E44777638522F68586F506954575046566E71507851380D0A512F46714B3831693174594C367A742F6970396A766637422B3132522F732B394F6E58326B58682F74442F69576358646A6E474258325A582B5050693578526B3348486944786278627735690D0A66727644334647616632706C662F597250374F3454792F465A5877356B6D4178582B39344C4B37663138766B4D666F50722F513055503048312F6F614B2F4E54364D6657467142482B6662720D0A57375746714337327A33493666722F6E384B30703750312F51443871662B436D6C353968307638415A437633654E45732F77427354346269575354482F514238596671656E7039427A5835790D0A2F774442557133385365494E412B472F6972525044326F576567366671756F3276397161506458586E365A62336C315A336C333972744266663266396731472B744C542B312F3841727A2F730D0A666A2B30712B2F502B437349526668372B7A4D6A766D47342F61352B4731724C2B362F3667506A44706A50726A366E38756431537773626A773744705869464C5055726150532F4B756F377A0D0A392F42786A6A39656672582B7A5030512B473842785234425A62674D662F756D4E7A544E502F566F667842343063595A707758346F59624E4D722F3376425A582F774269763866386A345A2F0D0A344A582F4142632B452B7357507864314C347532486837777834683848793239397066784D754C443744422F77692B73666266736E68653031613973644E2B78663264396B7539512F77436F0D0A722F6248577633642B4A58777A76384134706643657A30657A687433314C374C62367A6F46356358516E73667446357066583758362F36582F507658354261502B775834502B4C586A72552F0D0A465770654C2F456D6D2B466645476C366661792B423766466A3449744C657A74667364336136547050324561662F785558585639514F6D6632727176327A36562B35476A61786F6E777838490D0A364A346268755935744E384C3644702B6A5773666D6965662B7A3948746254523753312F38416254333748697630376A6A67664155386D7733434E582F62634A6A663841684C2F73764B2F2B0D0A45763841482F6D566E4E7766346B6530346F2F3469446863546D6D437A624266384B6E39715A702F777166384B6E2F64557A542B314D3050353276326F76325A766A4870766A795077546F6E0D0A77633861366C4E486F332F43522F384143795042656A66327234553856584635396A733776514C76562F734F6D36685A58326E2F4147547271503841334278587856346F2B42767861384E7A0D0A4A443468384D654B4E492B7A2F77436C526632686F327157506D2F592F77445450745670646A2B7A656E70707736397A583961647838574E48754265584F7065586257647646636365622F720D0A753338754350787234442F62442F6261384D664372776A71576966446561333158346B654A4C44554C574B53326C382F5366424F6E336E2B682F3239713170307662372F414B464F772F36430D0A762F594E46666A2B4D3848384277766B4F4A713073546D6D53345442663944542F6855504B343834342F3138346F78504675507A4C4B76375778762F41454B38722F73762F6B566E345076380D0A5A72445566434E7434412B49586869383032386A697439423062343066447557363050346A616234663169352B326174612B4C4C537976744E302F346E636638676E2B3063663256312F736E0D0A5642573963512B47504558694C77463464384B2F744C65452F4550687A51347645477161662F77737A52764876673633384833466E6F4E6E5A326E2F4142356638655775616A39722F7743510D0A6870326D66387766384B38453144566E3852616C4E4444356B30336D2F77436957386B76326965592F77412B2F707A394B2F63373968762F41494A757A61586661483854766A336F397673730D0A3472665764422B485678462B2F764C6A2F6A38733772785A6164624B78503841304C342F3543326361782F304374552B4779764B3866694B767373722F7742692B752F32582F324B2F7743790D0A38724C79666A5469504756634E53712F3762692F2B46542F414956502B46542B31503841685579762B792F37557A544E502B686F64742F77542F38413245626D346D2B4C762F4456486854770D0A333477384E2F45433630652F2B462B6C3670346330765664446874394848327A2B337644332F43542F77427065494C332B30663757476F5A314853394C2F745853732F3868542F6D462F6E310D0A2B306C2B773738654E503841327576482B6D2B475959376D32765047523154774872746E662F3841434F77615034662B79326573654537725362542F414A43476932506879787537547739700D0A502F434F2F7744494B315852372F38417363312F5575762F41416B6D6C366C71577057646E346631564C7958547859572B7153335546396F50325070396B75374B7834736654542F415069560D0A6739395735726D3130587844714869782F4665742F7744434C7A586B6C68623658447145656A58583237523948732F746C324C58536674743971576E383331336436682F61476F365A716E2F0D0A41422B656C667276422B582F414F7139584530726658634A2F774372544E4C483658784A784A6D6D6559584466375439647A622B792F374C2F774346542B314D302F34532F77446B566E776C0D0A2B303938472F326A664558375066774E543461613363616C385176426468702F2F4331624F793857363934483158786871476A2B462F3748752F736C336F754E502B3366384A78616632682F0D0A784D522F5A5835477648503257666833385A766A52346F315877662B314C384C7647466E34503066526A4661654D50486D7658552F6A2F5464592F346B39356161443465385757563971576F0D0A654A2F436F376E55662B515671316E2F4147766F2F7258317038664E612F61362F7743452B75552F5A70314C77487176686A522F43576A6A5650423271585868662B323750784265585773660D0A613955757A65324F70616865324F6F325032552F38777648324B2F2F41422B697632635A766A72713377373032382F614B3050776670587849733955754C58375234532B3166596453302F2F0D0A414550374A716C336158762F41423558332F48336E2B7A6A774C5048544E664E347A4B384C6D4766504F63566B6E4647437A624266387A542B31502B45764E502B36582F4147706D6E2F71720D0A79732B7A70357056772F41662B712B467A7667504F754873622F7A532F774471766D6E2B74475635702F304E5037552F73764B2F2F56706D6D566E79702F77544F764E566D2B462F782F734C0D0A2F574E5931697A384A2F74682F744165435043386D75617071757254366234503848362F6F2B6A2B487442744C75397674534273644F73662B4A66704F6E35395065763063723836662B43610D0A616C6668332B30736D2F6538663763333756455576342B4D725031376532653334312B69316635726550474870596678613432705958446655734A2F61682B71384866386B336C762F59722F0D0A414D78722F645034667A4646442F645034667A4646666A70394F4F7246314350633253503635482B65653250797261724F764F7634442B5971716454325148354F2F38414255377739347A310D0A6A34572F413356764266773338632F45366277662B307438502F475776614838503942752F456575512B482F4141336F506A4338753772374A5A386A2F6C30302F774474442F6B46663272650D0A574853766A71543438654B706A7666396A763841624543584556763532506842716B2F2F414C6666302F58702F5172356633506B2F6C2F6E6A72394D64735661545A752B627A4F6E36652F740D0A2F7744583734722B7666427636586E4566673377626875457342776C6C656459542B315037552F74544E4D307A542F6D614834787835344A354434675A7A2F616D61596E4E4D45667A7936480D0A2B31523851744431477A68314C396B6A39735237622F5657736C7638473955676E7337662F7030745074782B336532663531304F71667459654E7463576150522F77426C62397378376E7A620D0A694B306B7566677472336E7A663875662B6C2F36642F7A3438667258394138503376376D4F33703739542F2B733166583573377563644F33583659394B2F56502B4B686E4648746672582F450D0A4C75462F72663841324E4D305069662B4A582B462F5A6579705A336D682F4B6838557669742B314C3472314B385454503259503270374477396366364A4670386E777131364366482F5432500D0A545566355638333348774F2B4D6678527366473135346B2B48586A7A344A336E672F51494E5673492F695A34543154513748787471477336395A3264706F4E706433762F41423566326459330D0A64337148396F2F3854542F6C77306E502F4579722B304D41444743563579546748365936392F57755438632B41504350784B304F54777A347A3069323172535A4A424D4C4F346C7559504A750D0A426D7A482B6C5766582F6A367765506F66586D34732F614163573857634F5A6C77766975414F463846684D62722F616E2F51712F366D6E39664D3775462F6F7965483254352F6C75615A7A690D0A63307A724B64466D65574E70633257573257752F727630545034362F3258664376784F2B432F78553054346861332B7A6638612F487333685056504E746637442B4658696A78487058396F660D0A38656639716154642F5950375031722B7A7638416B49615471476E66327070582F495072393366442F77447755477562645868316A396B5839744466484C62483752482B7A7872333737502F0D0A41472F6476782F6E58367165483941303777356F326D3644704670485936526F6C7462365A706C6E484941746C5957654261594855446A6A4A4A347A394E386F6A452F503034794F66382F580D0A3638446A507975562F544D7135586C654779756C3458634C7466384151302F74544E5037557A542B7636374866677641544A737678574971355A78486D69777232542B6679327464644C37750D0A7A7638416C7471502F42527251624E626C496632535032344C314A5039564A4A2B7A787230482F4C31312F342F7653764B39482F414F43704868687646646E632B4A2F6774385649664147710D0A44374C70656E2B4839472F747A347077367839712B78326D6D6174384A2F7348396F6662762B6774702F3841776B32713672705832503841346E476B38312B7A705545344570427765504E4A0D0A50366A6A322F5476586A476E66733766426E5366694C6366466D772B483267572F774151727536754C365478495937747267616865443746646170613270766A70396E6661674F503752734E0D0A4E4C4871535735506C5A70394C7A50737757572F3258776E6C65532F5573302F3456502B465235702F616E2F41464B372F77444D72312B5835483662776C34653842355868754A46786268630D0A7A346F78574E7974726864715563732F73764E62722F68547A524C584E4F743732613261317576797838492F746966732F774477352B4C336A44346F365638475032384C622F684A497266790D0A2F42397438417647646A34562F77424474667358326E5672542B32782F62643739757539583141366871502F41442B64502B4A627064657A5366384142574C344E7952373466326550327A480D0A2F652F76664C2B4157716675626A2F7765656E5830376D763152784C742F31736D4D39664D482B6366686A507655544354764A4B52312F316F2F7058736638414533644B663862773479742B0D0A582B7447612F38417A71506C6166686736663841433469662F6872692F7742626E356E6638457757316A55506733386166465773654666466E673950486E37585037514878423062512F476D0D0A673358685858423466385961396F2B7361546458576B3375662B584737396550395036642F7742484B306E5754766748734144775031362B6F7A2F4C47652F336A2B48386858386E636563550D0A56654E4F4C6337346F713462366C2F6257616632702F5A5A2B6D5A566C2F38415A6D417732422B73665850715866662B74534E2F756E3850356969686C335935786969766A54305231554C7A0D0A702B492F6B4B763152764275567A39667A342F77497A51426C6E37792F7744417635564B726266353864763838564379457437642F62482B6665724D63663841337831352F50762F414A36450D0A697567443441386566744C585077552F61733859654876486E69337868725077346B2B43337776312F7741472F4476772F774346394C317A56627A346B2B5050486E784930653774644A2B780D0A6148707669433973662B45562B4876396F66384145783150476C59762F5453394B506661782B33353843394462784A444462664554583953384E3670345830752F774248384E2B45763756310D0A796166786A6461786F2B6B334E70705832372B304C49663235704E33346631582F684976374B31625374563636543178367733374E2F77667650456E6A6E78687175673670723369483469580D0A58683636316E554E633855654B4E566E30332F68443772574C7A7739612B4237762B335037513846324F6E5833694C784471476B6166344D2F73762F41496D7573582F2F414545717A4C7A390D0A6B4C396D33554E546D3153382B452F6839722B3475594C7158375066362F42597733466E717435346B48325053624C584270316C2F7741547A567276784166374F303045617265582B7238360D0A75774E666F74504D50446D705379332B314D74346F2B742F32586C662F49722F414C4C7973384C36766E4E50367A374C2B792F6C2F583966636545667444667441654D50686E726E774E2B4D0D0A4769654D4E6375666746385A5042766A447776463458743942384C7761722F77746A7868384F662B45772F5A3875744A753733513953314379767647643961617434502F414F456631452F380D0A6A567248684C502F4144464E4A31544B384F2F384642506858384E50685870733378613856655050694E347738463668636543666972347738482F446D327672482F684D50446667337868340D0A7738576137396B384D6638414576737643756E575077392B494F6F61542F5A774F712F32563462502F45702F74672F38545437443137776E384776682F7744446A77786F2F6954537644326C0D0A664450345A332F676537384C32657352585771325068585550422B715766384177723236306E37622F61576F666276446D75663253644A357A70524E6A3246664A32716541763841676E4C710D0A576C7663617234653842336E683778526636785947547A76486B2F68793831442B792F486D6A36746F4E6F62472B2F34522B792F346B666A66346861662F776A2B6E6A2B79744C3072784A720D0A334744587135505534587A544B384E68635677336D6D4E2B705A70622B314D722F722F6F566D4F49703471686976613073546C6576646631366E3062386450473369335164572F5A765477660D0A346F6B30545466486E7834384C2B43504645647670656736722F6276672F562F42766A7A784A396C2F77434A3159366C39697A66654537544F6F36646A5663586C2F575438545032302F67440D0A3849764748694C774E34323853617246726E672F53394831547854487066687A564E637364482F345353307662767737705633643265514E623852574E702F784B654D48375A6F576B3678710D0A756C2F326C706639715A486A4C78702B7958342B7450423974347838562B4839566838422B4B4C655877516E3976654D744B767442385957666862574C793075374D614C666162714832372F0D0A41495258536645502F45774F662B4A566161396E6A2B314B346E2F6847663244394C76726251376C50422F39712F456A53395031372B7A3951316E786C6661723432742F486D76654A4C7A770D0A397275722F6262375574513172584E5231793738516E776E722F694D2F7744435661562F79434E482F73732F325858486C2B543558374C4466327A6B6E46482B78663841517279762F7161660D0A386A542B3150384173566C34697656662B36346E4B2B36732F4C312B372B6B6448652F742B2F4172546F626D3565332B4B467A485A614E714776585832443461613750396A302F52394238530D0A654A4E5775736E6B2F77426E614834543851366A6E54383657644C30652F4F6A6E564B794C582F67704A2B7A42652F384933396D317678706350347075745A734E4C6A7376416D76617263660D0A326A3462313778486F2F69485337762B78663753466C726D6E663841434F33656F6174702B5037564F6B336D6736766F3431542B30744C72336544396D58344857336A4452664836664433540D0A70764733682B77754E4C7350456C35716D7633327166594C323138535764352F613933653635714A31736168592B4C66466D6E36727148694C2B314D2F774272332F7A444E5664502F5A512F0D0A5A33306A5264483048773938492F4333685853744431516139706348684F4F36384B7A32656F6A77746F2F674D33663276777A65366271474E5238456154705068375662416E2B7A4E57306D0D0A7973644A3164546A356E54786E68662F414E4354696A792F345663722F723778756C6E4B567672475757375766703672377931384450326A2F68762B3050622B4B357668352F776C6B4C2B440D0A4E5674394D31367A385765457455384858324C7937316D7A744C6D7A744E617A39747364517676442B7236654C2F706E523738415972336C6D322F55313556384C766752384A2F67773273530D0A664450776662654658385152616661367A396E31545872372B306F4E4875645A76625437582F62562F7152794C37784471332F45772F36664F654D56363032786C503841423250497A2B6D4D0D0A673578307234374F4B6D54663270696637422F74542B79662B706F7A30634E375770532F326E2F6572644C61656E3964697578334C78316B39656662322F7A6D714576337A2B50387A576B790D0A374D6B4442485139657648657332582F414A5A2F38432F396D727870374C312F526E6352305555567841465562722B502F64465871676D5864783766314E414748756B582F5038415042782B0D0A64654D2F48373430573377452B465069543471582B6A3348694732384E793650462F776A396E662F4147485664594E3572316E5A33647270502B67366C39743177324E33643668704F6E342F0D0A346D7632502B7941644C2F3543746536746237573950384136334F63662F7148706D73665766434F67362F4E6F6C7A72656D32392F632B4739552F746E514C69535736382F5464592B79336C0D0A6E2F616C6E39692F356676734E336436662F322B582F766A306372784746772B507731584E4D4E3964776868695061314B58376F2B4F664748375A4674345A38584C6F4F6E654572505750440D0A336A445166672F716E77612B496B6E696A795042336A7A555069707231355A326E68653775374C5139533144777872663968326C333477384A2F384149553072785670566E66342F7376574E0D0A4E4F6C56712F4250397275623473654A72627748715067653338482B504E4C2F414F466F66384A6C3459756645643150505A616634443855576668767739346F384A3364376F656D2F7744430D0A542B422F694A2F7066396B2B494D6157644B3158534E65306A574E4A477361625876756E2F4172345136567058396957667738384F4A6F30662F434C2B5670636C70396F7362502F414951500D0A56503841684A50412F77426B744C3350324C2F68444E6350396F65457A70332F414343645547644834795271365438482F68666F6439704F7036563446385032657136486F50696A773570570D0A735232486E36725A2B482F47477132666954785A6F4E7071393454714230507846726C7061366A71326E2F39425847726E7658323154505044373668395670634E357039622F36476E3971660D0A3953765538716E517A6E2B4C395A2F7237763673664875692F744B617838656465316A3449663841436B2F44397A3435307651662B46672B4B50412F7845385561396F64686F2F682F5239550D0A384E336E68375374572B322B422F37512F774345715069713774422F784C744D315477722F5A576A32486937522F466D716150346B3075764C39552B4E33672B3231627862384E394E2F5A640D0A302F587451384A364E2B31523852763744742F464776574F6836397248774831377733344438576638496E64337668582B7A7233585047646A3857645750384161476E642F7744695561782F0D0A7945744C7237797466326450676E59576D6D326468384F7444734530762F6A77764C4F58564C48565962662B7A4E4830653730762F6849624B2B2F3453442B772F7743772F44326B366566440D0A2F7744616E396B6A537448734E492F736E2F6957365857766F5077532B4666686A784462654C644238453650707669537A6A385952577571572F32767A6F62667835716C6E72486A653174500D0A7474392F5A332F465258326B3654714772482F714432482F41454461396A2F584467334231663841684C79544E4D462F3839502F4141364750396D592B702F46784E6A387866442F414F30420D0A2B7A726565432F695834322B48767748384C2B4A394B2B46392F72462F77434B4C6A77763438385477547A32343154773334442B4758696E5362762B772F37513176384134577234563862360D0A747150685055502B51722F5A576A36397047645572317257766A42384E2F682F3469384E367A34322F5A31735044642F702F777630667852384B7646456576367039682B306150346F3859570D0A66676A34632B49663761384B3662714867727856714F682B4537767842345450694C544D663272397638492F38686A2B7968716E326B503265666768483453316A77486266445477765965440D0A2F454668345030665764443075772F736D79314C522F41662F496A3656642F5966374E483248773662542F695536663178774D314650384173382F4265366A385651366A38503841533962680D0A3863513666612B4C597645462F723369502B3372665239562F746A535037564F74582B70663664707574326C7271476C61686A2B31644C5047527A58542F7278776C55712F76634E785239550D0A2F774378706D6E2F41434B2F2F44702F324E4350374978332F4C722B792F6B6E2F5835487A3134672F626F732F424F752B49644B38572F447134303354644B74666A424670666969333857320D0A747834637650465077663841486D732B4478345838513366396836622F774149782F7773533938506638556E34672F346D6D6C66327265324868485750374C316E55744C2F745232716674780D0A77326E673648782F5965442F414176715769332B6A2F452F583941384C336E784D74644B2B4A75753650384143722F684A4C507844716D6B2B46502B4556314933746A714F756545377654390D0A4A302F546A716D71365750734F72617870476C6A2F69566158372F65667333664172564C54786259617A384E394431697738636158346730667862702B7353367071746A72326E2B4D4E652F0D0A3454447844613364706533327061662F414D544C78562F785548396F64663756464D316E396D583443654972693875645A2B48576A336E396F447851627544376672316A59772F384A3561320D0A646E343375725453624C584E4E302B79767647646A61326F3856332B6E615A706639726638786A4F436138326E6E6E68702F30546561662F41494C2F415044702F58597034664F4F75492F380D0A6C2F344A347434722F626554774E716E7775306E785038414333554C4F342B4B6D6A66454878486F326E79654B507350694F62542F41666A3334622B424470656B2B452F452F6858773334680D0A3172785634695078437450454F6B2B442F77437A4E4C31582B793948314376764276343049792F2B663535376670587A727248374C7677413852367862654974652B48576E3639346B302B580D0A555A644C38516178716E696A56646330696657502B4562764C7537306E5672335850375130572B2B3365435043576F6632687032702F327270582F434E324230662B7A4B3931302B326830320D0A7873394E7476744832617A744C6531694E786458563950396E732F2B6675387666395076632F3841515131483639547A383978426A4F46385A6863742F73484C6671574C2F77435A6F642B440D0A70342B6E567848316E2B753233396454536B615062782F502F7744582F7744583666544E6C2B2B66782F6D616D6B6B2B7079667A2F774472662F57347172587956537074703876315A3667550D0A556F5864782B65656C4654443456382F7A41536969697351473746395031502B4E4778665439542F4149305555414F6F6F6F6F414B4B4B4B75653639503159425252525244642B6E366F416F0D0A6F6F7030396E362F6F41555555566D41556F5864782B6446465844642B6E366F42386A6558397A362B2F5048552F6A37394F31464646646953537367502F2F5A0D0A27, null, 'New York', '', '', '', '48', '15 Cm', '2', '3', 'Amanda pig loves her big brother, Oliver. But he has go to school. Amanda has to play all alone, and it\'s just no fun without Oliver. Can Amanda learn to play by herself.');
INSERT INTO `pus_katalog` VALUES ('176', 'Happy birthday barnabas`', 'FIC', '11', 'FIC LEP h', '158', '35', '9780310715863', '', '', '2008', '', '', null, 'Michigan', '', '', '', '32', '15 Cm', '2', '3', 'Barnabas bear enjoys a birthday tea with one of his friend.');
INSERT INTO `pus_katalog` VALUES ('177', 'Barnabas goes swimming`', 'FIC', '11', 'FIC LEP b', '158', '35', '9780310715849', '', '', '2008', '', '', null, 'Michigan', '', '', '', '32', '15 Cm', '2', '3', 'Barnabas bear and russell raccoon wnat to swim.they ask their friends to come along.');
INSERT INTO `pus_katalog` VALUES ('178', 'Julius fatball and the alley cats`', 'FIC', '11', 'FIC LIM j', '159', '59', '997105583x', '', '', '1998', '', '', null, 'Singapore', '', '', '', '18', '15 Cm', '2', '3', 'Julius fatball and the alley cats.\nWe chase rats,we like to play,We like to fight.');
INSERT INTO `pus_katalog` VALUES ('179', 'Alone time,together time`', 'FIC', '11', 'FIC LEV a', '160', '10', '0153230444', '', '', '0', '', '', null, 'New York', '', '', '', '16', '14 Cm', '2', '3', 'Sometimes it\'s fun to read together.\nSometimes it\'s fun to run across a big meadow.');
INSERT INTO `pus_katalog` VALUES ('180', 'In the city`', 'FIC', '11', 'FIC LEW i', '161', '10', '0153275758', '', '', '0', '', '', null, 'New York', '', '', '', '16', '14 Cm', '2', '3', 'I can see an apartment biulding.\nI can see a skyscrape.');
INSERT INTO `pus_katalog` VALUES ('181', 'Cepat lari tikus`', 'FIC', '11', 'FIC ISH c', '162', '47', '9789790994799', '', 'Widya Ayu Ningrum', '2011', 'Widya Ayu Ningrum', '', null, 'Jakarta', '', '', '', '26', '22 Cm', '5', '3', 'Di suatu siang, tikus ladang dibangunkan suara berisik yang aneh.Suara itu semakin keras..ada sesuatu menuju kearahnya.Tikus ladang harus menyelamatkan diri.');
INSERT INTO `pus_katalog` VALUES ('182', 'Ikuti beruang itu`', 'FIC', '11', 'FIC FRE i', '40', '47', '9789790332300', '', 'Hertriani Agustine', '2008', 'Sindi Meriana', '', null, 'Jakarta', '', '', '', '26', '28 Cm', '5', '3', 'Terlewu sangat suka pada beruang. Ia berharap bisa menangkap seekor beruang, yang paling berbulu dan paling menyeramkan.');
INSERT INTO `pus_katalog` VALUES ('183', 'Meet Kai Lan`', 'FIC', '11', 'FIC MAT m', '163', '47', '9789790990579', '', 'Widyasari', '2011', 'Ayu Prameswari', '', null, 'Jakarta', '', '', '', '22', '22 Cm', '5', '3', 'Hari ini Kai Lan dan teman-teman nya membuat topi dan mengadakan karnaval topi besar. Tapi apa yang terjadi ,saat Hoho meniru topi buatan Rinto dan membuatnya marah.');
INSERT INTO `pus_katalog` VALUES ('184', 'Christmas cats`', 'FIC', '11', 'FIC MAR c', '164', '9', '0590372122', '', '', '1997', '', '', null, 'New York', '', '', '', '0', '20 Cm', '2', '3', 'Christmas cats wrap present. Christmas cats tie bows. Christmas cats sing carols and hang the mistletoe.');
INSERT INTO `pus_katalog` VALUES ('185', 'Mr.rashid the computer salesman`', 'FIC', '11', 'FIC MAN m', '165', '62', '9812087362', '', '', '2001', '', '', null, 'Singapore', '', '', '', '32', '19 Cm', '2', '3', 'Mr.Rashid works in a big computer shop.He is a computer salesman.');
INSERT INTO `pus_katalog` VALUES ('186', 'Alone and together`', 'FIC', '11', 'FIC MAN a', '165', '60', '9812087621', '', '', '2001', '', '', null, 'Singapore', '', '', '', '32', '19 Cm', '2', '3', 'I like to be on my own sometimes.\nI ride my bicycle around the park.\nWhenever i feel like it.');
INSERT INTO `pus_katalog` VALUES ('187', 'Play with me`', 'FIC', '11', 'FIC MAZ p', '42', '23', '9830004961', '', '', '2003', '', '', null, 'Selangor', '', '', '', '24', '19 Cm', '2', '3', 'Princess Shelly loves to play trick. But one day she goes too far and offend some very important people.');
INSERT INTO `pus_katalog` VALUES ('188', 'Widget`', 'FIC', '11', 'FIC MCF w', '166', '44', '9789791349154', '', 'Lulu Wijaya', '2001', '', '', null, 'Jakarta', '', '', '', '32', '21 Cm', '5', '3', 'Widget adalah seorang anjing liar yang kesepian. Suatu hari dia bertemu dengan bi Diggs yang memiliki 6 ekor kucing. Widget ingin tinggal dengan bu Diggs tapi apakah kucing-kucing itu bisa menerimanya.');
INSERT INTO `pus_katalog` VALUES ('189', 'Little lost donkey`', 'FIC', '11', 'FIC MAC l', '167', '33', '0849977525', '', '', '2001', '', '', null, 'Singapore', '', '', '', '1', '20,5 Cm', '2', '3', 'Come listen to my story, although you know it well.For i\'m the donkey Mary rode, and i\'ve a tale to tell.');
INSERT INTO `pus_katalog` VALUES ('190', 'Paw print on the magic sofa`', 'FIC', '11', 'FIC MOU p', '168', '63', '9789810752170', '', '', '2013', '', '', null, 'Singapore', '', '', '', '1', '27 Cm', '2', '3', 'Bump,bump,bump..Eddie\'s sofa is so much fun that all the animals jump right on as they travel around the world.This magical journey is perfect for inspiring a child\'s imagination.');
INSERT INTO `pus_katalog` VALUES ('191', 'Bess and tess`', 'FIC', '11', 'FIC MAN b', '170', '10', '', '', '', '0', '', '', null, 'Orlando', '', '', '', '12', '14 Cm', '2', '3', 'Mark was sad. He had no friend to play with on his granddad\'d farm.');
INSERT INTO `pus_katalog` VALUES ('192', 'Take a tour of my house`', 'FIC', '11', 'FIC MEN t', '171', '10', '', '', '', '0', '', '', null, 'Orlando', '', '', '', '12', '14 Cm', '2', '3', 'This is my kitchen.\nWe can bake cookies.');
INSERT INTO `pus_katalog` VALUES ('193', 'Can\'t sleep`', 'FIC', '11', 'FIC MOE c', '172', '1', '', '', '', '1994', '', '', null, 'Santa Monica', '', '', '', '10', '17 Cm', '2', '3', 'Can\'t sleep squeaked the bat.\nSomebody is watching me.');
INSERT INTO `pus_katalog` VALUES ('194', 'Lost in wonderland`', 'FIC', '11', 'FIC MUL l', '173', '65', '', '', '', '0', '', '', null, '', '', '', '', '20', '21 Cm', '4', '3', 'Hore kita akan pergi ke Wonderland.\nWah ramainya, Banyak sekali orang-orang disini.Ingat anak-anak kalian harus selalu berada dekat papa dan mama.');
INSERT INTO `pus_katalog` VALUES ('195', 'Farmer may\'s mix up`', 'FIC', '11', 'FIC MOR f', '174', '49', '0864114842', '', '', '2007', '', '', null, 'Australia', '', '', '', '24', '16 Cm', '2', '3', 'On a farm on the country lives ms.Margaret May.Who found a horse sleeping in her bed one day.');
INSERT INTO `pus_katalog` VALUES ('196', 'Wish horses`', 'FIC', '11', 'FIC MAR w', '175', '49', '0864118236', '', '', '2007', '', '', null, 'Queensland', '', '', '', '22', '16 Cm', '2', '3', 'If you really believe it with all your heart, and that\'s all you have to do..\nThen yes there can be wishes still and you can make them come true.');
INSERT INTO `pus_katalog` VALUES ('197', 'Sebastian the sports car`', 'FIC', '11', 'FIC MAR s', '175', '20', '0864116780', '', '', '1999', '', '', null, 'Sydney', '', '', '', '24', '15 Cm', '2', '3', 'Sebastian was a brand new sprots car.Very sleek and low to the ground.');
INSERT INTO `pus_katalog` VALUES ('198', 'My family  tree`', 'FIC', '11', 'FIC MAR m', '175', '20', '0864117728', '', '', '1998', '', '', null, 'Queensland', '', '', '', '24', '15 Cm', '2', '3', 'Right at the top of our family tree,\nis Great aunt may who\'s one hundred and three.');
INSERT INTO `pus_katalog` VALUES ('199', 'Who Lives in here`', 'FIC', '11', 'FIC MOW w', '176', '20', '0864114915', '', '', '0', '', '', null, 'Queensland', '', '', '', '24', '15 Cm', '2', '3', 'Who live in here, In a hollow tree, There are hundreds of them buzzing around free.');
INSERT INTO `pus_katalog` VALUES ('200', 'Abc antics`', 'FIC', '11', 'FIC MAR a', '175', '20', '0864119216', '', '', '1999', '', '', null, 'Queensland', '', '', '', '24', '15 Cm', '2', '3', 'Ants up to antics in auntie annie');
INSERT INTO `pus_katalog` VALUES ('201', 'Bob\'s valentine surprise`', 'FIC', '11', 'FIC OST b', '177', '9', '0439441668', '', '', '2002', '', '', null, 'New York', '', '', '', '8', '15 Cm', '2', '1', 'Bob and team are out building a new road and valentine presents keep popping up everywhere.');
INSERT INTO `pus_katalog` VALUES ('202', 'Rock soup`', 'FIC', '11', 'FIC NAY r', '178', '10', '015322956x', '', '', '0', '', '', null, 'Orlando', '', '', '', '8', '14 Cm', '2', '3', 'A man looked for food. He went to every door.');
INSERT INTO `pus_katalog` VALUES ('203', 'Jerry the taxi driver`', 'FIC', '11', 'FIC OSB j', '179', '28', '9788175964686', '', '', '2007', '', '', null, 'New Delhi', '', '', '', '16', '14 Cm', '2', '3', 'Jerry the taxi driver is very friendly and helpful to his passengers.Jerry make sure that everyone remembers their belongings.');
INSERT INTO `pus_katalog` VALUES ('204', 'animal orchestra`', 'FIC', '11', 'FIC ORL a', '180', '66', '0307982874', '', '', '2001', '', '', null, 'China', '', '', '', '1', '17 Cm', '2', '3', 'In animal town it was musical day.The orchestra had gathered to play.');
INSERT INTO `pus_katalog` VALUES ('205', 'Blossom the pony`', 'FIC', '11', 'FIC NOR b', '94', '32', '0755476204', '', '', '2010', '', '', null, 'China', '', '', '', '8', '19,5 Cm', '2', '1', 'Down on the farm lives blossom the pony with her friends all around her she\'s never lonely.');
INSERT INTO `pus_katalog` VALUES ('206', 'Rollo the rabbit`', 'FIC', '11', 'FIC NOR r', '94', '32', '0755476212', '', '', '2010', '', '', null, 'China', '', '', '', '8', '19,5 Cm', '2', '1', 'Rollo lives with his mum and dad, he digs in the mud for what\'s to be had.');
INSERT INTO `pus_katalog` VALUES ('207', 'Ladybird favourite stories for boys`', '813', '16', '813 ARC l', '181', '20', '9781409308775', '', '', '0', '', '', null, 'London', '', '', '', '221', '22 cm', '2', '1', 'Daring adventurers, cunning creatures and wicked villains await in these eight traditional tales, sure to delight all young boys.');
INSERT INTO `pus_katalog` VALUES ('208', 'Gertie\'s great gifts`', '813', '16', '813 PER g', '182', '67', '', '', '', '0', '', '', null, '', '', 'AlphaPets', '', '28', '23 cm', '2', '1', 'Early one morning, Gretie the Grungy goat was sitting on her sofa listening to her favorite radio program.');
INSERT INTO `pus_katalog` VALUES ('209', 'Lizzy at last`', '813', '16', '813 PER l', '18', '67', '', '', '', '0', '', '', null, '', '', 'AlphaPets', '', '28', '23 cm', '2', '1', 'Hooray..Hooray.. it was the AlphaPets library\'s tenth annual fund raiser. All the AlphaPets werw planning special events to celebrate.');
INSERT INTO `pus_katalog` VALUES ('210', 'Sylvester and the sand castle`', '813', '16', '813 PER s', '18', '67', '', '', '', '0', '', '', null, '', '', 'AlphaPets', '', '28', '23 cm', '2', '1', 'One hot summer sunday, some of the AlphaPets decided to go to beach. Sylvester the stubborn squirrel was standing on the corner waiting for Vinnie the vocal vulture to pick him up.');
INSERT INTO `pus_katalog` VALUES ('211', 'Follow me`', 'FIC', '11', 'FIC NAY f', '178', '10', '', '', '', '0', '', '', null, 'China', '', '', '', '8', '14 Cm', '2', '3', 'Cat and bird wanted to eat.');
INSERT INTO `pus_katalog` VALUES ('212', 'Ayahku`', 'FIC', '11', 'FIC STR a', '183', '47', '9789790756939', '', 'F.Fitria A', '0', 'Winny Rachmayanti', '', null, 'Jakarta', '', '', '', '24', '22 Cm', '5', '3', 'Ayahku Suka mendongeng tentang banyak kejadian fantastis.');
INSERT INTO `pus_katalog` VALUES ('213', 'Albert\'s special day`', '813', '16', '813 PER a', '18', '67', '', '', '', '0', '', '', null, '', '', 'AlphaPets', '', '28', '23 cm', '2', '1', 'Albert the absent-minded alligator was fast sleep. Suddenly,....');
INSERT INTO `pus_katalog` VALUES ('214', 'Wendy\'s clubhouse`', '813', '16', '813 PER w', '18', '67', '', '', '', '0', '', '', null, '', '', 'AlphaPets', '', '28', '23 cm', '2', '1', 'One wednesday, the AlphaPets were at Wendy the Wise Woodchuck\'s house looking through books and newspaper.');
INSERT INTO `pus_katalog` VALUES ('215', 'Where do  i live`', 'FIC', '11', 'FIC MON w', '184', '0', '0153275812', '', '', '0', '', '', null, 'New York', '', '', '', '12', '14 Cm', '2', '3', 'I live on a street.');
INSERT INTO `pus_katalog` VALUES ('216', 'one, two, three what can you see`', 'FIC', '11', 'FIC MEN o', '185', '10', '0153275669', '', '', '0', '', '', null, 'New York', '', '', '', '8', '14 Cm', '2', '2', 'I can see one squirrel in the tree');
INSERT INTO `pus_katalog` VALUES ('217', 'Minnie the talking bird`', 'FIC', '11', 'FIC MAN m', '170', '10', '0153230614', '', '', '0', '', '', null, 'New York', '', '', '', '16', '14 Cm', '2', '3', 'There once was a bird named minnie, she lived high up in the city.');
INSERT INTO `pus_katalog` VALUES ('218', 'Big brown bear`', 'FIC', '11', 'FIC MCP b', '186', '10', '0153142650', '', '', '0', '', '', null, 'USA', '', '', '', '18', '16 Cm', '2', '3', 'Bear is big, Bear is brown, Bear goes up, he comes down.');
INSERT INTO `pus_katalog` VALUES ('219', 'Show and tell`', 'FIC', '11', 'FIC MCC s', '187', '10', '0153276347', '', '', '0', '', '', null, 'New York', '', '', '', '16', '14 cm', '2', '3', 'Welcome Sashi,\nThis is your new school, Iam your teacher.\nWe will show you around.');
INSERT INTO `pus_katalog` VALUES ('220', 'My cats`', 'FIC', '11', 'FIC MAN m', '170', '10', '0153229578', '', '', '0', '', '', null, 'New York', '', '', '', '12', '14 Cm', '2', '3', 'This is me,\nThose are my cats.');
INSERT INTO `pus_katalog` VALUES ('221', 'Rainbow hats`', 'FIC', '11', 'FIC MEN r', '185', '10', '0153275782', '', '', '0', '', '', null, 'New York', '', '', '', '8', '14 Cm', '2', '3', 'Ben puts on a yellow hat,\nRosa puts on an orange hat.');
INSERT INTO `pus_katalog` VALUES ('222', 'Ann gets a map`', 'FIC', '11', 'FIC MAN a', '170', '10', '', '', '', '0', '', '', null, 'New York', '', '', '', '12', '14 Cm', '2', '3', 'I am six today, My dad just gave me a map.');
INSERT INTO `pus_katalog` VALUES ('223', 'Touch your nose, wiggle your toes`', 'FIC', '11', 'FIC MEN t', '185', '10', '', '', '', '0', '', '', null, 'New York', '', '', '', '12', '14 Cm', '2', '3', 'Do you know your body parts, here\'s a guessing game to start.');
INSERT INTO `pus_katalog` VALUES ('224', 'Picture a kite`', 'FIC', '11', 'FIC MAN p', '170', '10', '0153229608', '', '', '0', '', '', null, 'New York', '', '', '', '12', '14 Cm', '2', '3', 'Nana, I cant sleep.\nI will help you. Now get into bed.');
INSERT INTO `pus_katalog` VALUES ('225', 'Picture a kite`', 'FIC', '11', 'FIC MAN p', '170', '10', '0153229608', '', '', '0', '', '', null, 'New York', '', '', '', '12', '14 Cm', '2', '3', 'Nana i can\'t sleep,I will help you now get into bed.');
INSERT INTO `pus_katalog` VALUES ('226', 'Annie\'s pictures`', 'FIC', '11', 'FIC MAN a', '170', '10', '', '', '', '0', '', '', null, 'New York', '', '', '', '16', '14 Cm', '2', '3', 'Annie had been waiting all morning for her grandmother to arrive.');
INSERT INTO `pus_katalog` VALUES ('227', 'Rick is sick`', 'FIC', '11', 'FIC MCP r', '186', '10', '015323010x', '', '', '0', '', '', null, 'New York', '', '', '', '8', '14 Cm', '2', '3', 'Rick can not play,Rick is sick.Jack can help, Jack has a cup.');
INSERT INTO `pus_katalog` VALUES ('228', 'Mother goose rhymes`', 'FIC', '11', 'FIC MAG m', '189', '68', '', '', '', '1989', '', '', null, 'USA', '', '', '', '20', '15,5 Cm', '2', '3', 'Old mother goose, when she wanted to wander, would ride through the airon a very fine gander.');
INSERT INTO `pus_katalog` VALUES ('229', 'George\'s farm peek a boo morning`', 'FIC', '11', 'FIC PET g', '190', '2', '0710512805', '', '', '0', '', '', null, 'Indonesia', '', '', '', '8', '15 Cm', '2', '1', 'Who\'s that lying still in bed, It\'s George.');
INSERT INTO `pus_katalog` VALUES ('230', 'Hide and seek`', 'FIC', '11', 'FIC SHA h', '191', '67', '', '', '', '0', '', '', null, 'Los Angeles', '', '', '', '20', '14,5 Cm', '2', '1', 'Danny and debby were playing hide and seek.Danny hid someplace and Debby didn\'t peek.');
INSERT INTO `pus_katalog` VALUES ('231', 'Casey gets her wings`', 'FIC', '11', 'FIC PHI c', '192', '69', '', '', '', '2003', '', '', null, 'Canada', '', '', '', '8', '15 Cm', '2', '1', 'Casey gets her wings is a sweet story about helping others. When Casey wants to learns to fly, Flo the flamingo offers to help.');
INSERT INTO `pus_katalog` VALUES ('232', 'Mimi shops for shoes`', 'FIC', '11', 'FIC CHI m', '115', '23', '9835025444', '', '', '1999', '', '', null, 'Selangor', '', '', '', '12', '17 Cm', '2', '3', 'Mimi wants a new pair of shoes. Mimi and mummy go shopping.');
INSERT INTO `pus_katalog` VALUES ('233', 'Dexter goes to the party`Dexter pergi ke pesta', 'FIC', '11', 'FIC PUT d', '193', '47', '978979033633', '', '', '2009', 'Sindi Meriana', '', null, 'Jakarta', '', '', '', '22', '28 Cm', '5', '3', 'Suatu hari, Dexter sangat gembira karena memndapat undangan ke pesta ulang tahun Momba si Monyet. Selama perjalanan Dexter hanya memikirkantentang pestanyadan ia terus bertanya kepada ibu bebek, seberapa jauh lagi.');
INSERT INTO `pus_katalog` VALUES ('234', 'Rupert to the rescue`', '813', '16', '813 PER r', '182', '67', '', '', '', '0', '', '', null, '', '', 'AlphaPets', '', '28', '23 cm', '2', '1', 'One crisp autumn day, Rupert the resourceful rhinoceros said :This would be the perfect weekend to go camping on rugged ridge mountain.');
INSERT INTO `pus_katalog` VALUES ('235', 'Let\'s go bananas`', 'FIC', '11', 'FIC PAR l', '194', '2', '071513364', '', '', '2003', '', '', null, 'China', '', '', '', '4', '30 Cm', '2', '1', 'I go bananas for all kinds of fruit.\nI\'m the best of the bunchin my yellow suit.');
INSERT INTO `pus_katalog` VALUES ('236', 'Xavier and the laughing xoxos`', '813', '16', '813 PER x', '182', '67', '', '', '', '0', '', '', null, '', '', 'AlphaPets', '', '28', '23 cm', '2', '1', 'One day, some of the AlphaPets went to xavier the x-ploring xenops house.');
INSERT INTO `pus_katalog` VALUES ('237', 'Herbie\'s happy day`', '813', '16', '813 PER h', '182', '67', '', '', '', '0', '', '', null, '', '', 'AlphaPets', '', '28', '23 cm', '2', '1', 'One stormy spring morning, Herbie the happy hamster was preparing a delicious lunch for some of his AlphaPets friends.');
INSERT INTO `pus_katalog` VALUES ('238', 'Saved by the bill`', 'FIC', '11', 'FIC PHI s', '192', '69', '', '', '', '2003', '', '', null, 'Canada', '', '', '', '8', '15 Cm', '2', '1', 'Saved by the bill is a story of two unlikely friends. When Lori the leapfrog finds herself needing help, she learn the importance of always being kind of other.');
INSERT INTO `pus_katalog` VALUES ('239', 'Salt and sand`', 'FIC', '11', 'FIC PET s', '196', '10', '0153276584', '', '', '0', '', '', null, 'New York', '', '', '', '16', '14 Cm', '2', '3', 'A beach is a special place. We can our five senses to explore it.');
INSERT INTO `pus_katalog` VALUES ('240', 'Just in case`', '813', '16', '813 POM j', '195', '10', '0153230711', '', '', '0', '', '', null, 'Orlando', '', '', '', '16', '20 cm', '2', '1', 'Today they were going to the zoo. They had waited a long time for this exciting dat. The two of them spotted the bus.');
INSERT INTO `pus_katalog` VALUES ('241', 'Where\'s my shell`', 'FIC', '11', 'FIC PLA w', '197', '28', '9788175964679', '', '', '2007', '', '', null, 'New Delhi', '', '', '', '16', '14 Cm', '2', '3', 'I made a sandcastle at the beach.');
INSERT INTO `pus_katalog` VALUES ('242', 'Bradley and the great swamp mystery`', '813', '16', '813 PER b', '182', '67', '', '', '', '0', '', '', null, '', '', 'AlphaPets', '', '28', '23 cm', '2', '1', 'One hot summer day, Bradley the brave bear was meeting his AlphaPets friends for a picnic at old great swamp.');
INSERT INTO `pus_katalog` VALUES ('243', 'Delilah\'s delightful dream`', '813', '16', '813 PER d', '182', '67', '', '', '', '0', '', '', null, '', '', 'AlphaPets', '', '28', '23 cm', '2', '1', 'Delilah the demanding duck was president ot the town improvement council.');
INSERT INTO `pus_katalog` VALUES ('244', 'Connie, come home`', '813', '16', '813 PER c', '182', '67', '', '', '', '0', '', '', null, '', '', 'AlphaPets', '', '28', '23 cm', '2', '1', 'One day, connie the cuddly cat was looking for something to do.');
INSERT INTO `pus_katalog` VALUES ('245', 'Let\'s share our toys`', 'FIC', '11', 'FIC PAR l', '194', '0', '', '', '', '2003', '', '', null, 'China', '', '', '', '12', '18 Cm', '2', '1', 'Lisa rode her tricycle in the park while her sister, Erica sat in the sandbox playing with her sand toys.');
INSERT INTO `pus_katalog` VALUES ('246', 'Una cheers us up`', '813', '16', '813 PER u', '182', '67', '', '', '', '0', '', '', null, '', '', 'AlphaPets', '', '28', '23', '2', '1', 'One foggy morning, Una the unhappy unicorn was getting dressed. When she pulled her new blue sweater over the head...');
INSERT INTO `pus_katalog` VALUES ('248', 'Fenton and the magic bag`', '813', '16', '813 PER f', '182', '67', '', '', '', '0', '', '', null, '', '', 'AlphaPets', '', '28', '23 cm', '2', '1', 'Fenton the fearful frog was getting ready to go to the fall fun festival with his AlphaPets friends.');
INSERT INTO `pus_katalog` VALUES ('249', 'Tina tell the truth`', '813', '16', '813 PER t', '182', '67', '', '', '', '0', '', '', null, '', '', 'AlphaPets', '', '28', '23 cm', '2', '1', 'One tuesday morning, Tina the truthful tiger met Katy the kind koala riding on the bus.');
INSERT INTO `pus_katalog` VALUES ('250', 'Vinnie takes a bw`', '813', '16', '813 PER v', '182', '67', '', '', '', '0', '', '', null, '', '', 'AlphaPets', '', '28', '23', '2', '1', 'One day, vinnie the vocal vulture was walking down main street when he saw some of his friends coming down the steps of the AlphaPets concert hall.');
INSERT INTO `pus_katalog` VALUES ('251', 'Queenie\'s secret`', '813', '16', '813 PER q', '182', '67', '', '', '', '0', '', '', null, '', '', 'AlphaPets', '', '28', '23 cm', '2', '1', 'One day, some the AlphaPets went down to the lake to play.');
INSERT INTO `pus_katalog` VALUES ('252', 'Katy\'s surprise`', '813', '16', '813 PER k', '182', '67', '', '', '', '0', '', '', null, '', '', 'AlphaPets', '', '28', '23 cm', '2', '1', 'Kay the kind koala spends most of her afternoons visiting her AlphaPets friends and neighbors.');
INSERT INTO `pus_katalog` VALUES ('253', 'Ollie\'s folly`', '813', '16', '813 PER o', '182', '67', '', '', '', '0', '', '', null, '', '', 'AlphaPets', '', '28', '23 cm', '2', '1', 'One wintry day, as Oliie the obedient ostrich was on his way to Harriet\'s heavenly hamburger hut...');
INSERT INTO `pus_katalog` VALUES ('254', 'Monty see, Monty do`', '813', '16', '813 PER m', '182', '67', '', '', '', '0', '', '', null, '', '', 'AlphaPets', '', '28', '23 cm', '2', '1', 'One monday morning in the month of may, Monty the mimicking mouse was walking down...');
INSERT INTO `pus_katalog` VALUES ('255', 'Ivy can\'t wait`', '813', '16', '813 PER i', '182', '67', '', '', '', '0', '', '', null, '', '', 'AlphaPets', '', '28', '23 cm', '2', '1', 'One sunny spring day, some of the AlphaPets received a letter written in brightly colored ink.');
INSERT INTO `pus_katalog` VALUES ('256', 'Tommy\'s troubles`', 'FIC', '11', 'FIC PHI t', '192', '69', '', '', '', '2003', '', '', null, 'Canada', '', '', '', '8', '15 Cm', '2', '1', 'Tommy\'s trouble is charming story about being different. When the lonely Toucan goes on the adventures');
INSERT INTO `pus_katalog` VALUES ('257', 'Puppy love`', 'FIC', '11', 'FIC PAR p', '194', '12', '1576578909', '', '', '2003', '', '', null, 'China', '', '', '', '8', '17 Cm', '2', '1', 'My little puppy like to play with older dogs who come his way.\nHe Barks and pants, then starts to run.My puppy loves to have some fun.');
INSERT INTO `pus_katalog` VALUES ('258', 'Pigs love mud`', 'FIC', '11', 'FIC POW p', '199', '70', '1855763257', '', '', '2001', '', '', null, 'China', '', '', '', '8', '17 Cm', '2', '1', 'Who loves to wake everybody else up,\nRooster do.');
INSERT INTO `pus_katalog` VALUES ('259', 'Sleep-over mouse`', 'FIC', '11', 'FIC PAC s', '200', '9', '051624499x', '', '', '1994', '', '', null, 'New York', '', '', '', '31', '20 Cm', '2', '3', 'Meet little squeak, He\'s a sleep-over mouse.');
INSERT INTO `pus_katalog` VALUES ('260', 'Little boy blue`', 'FIC', '11', 'FIC PLA l', '201', '71', '0866118683', '', '', '2001', '', '', null, 'New York', '', '', '', '10', '15 Cm', '2', '1', 'Little boy blue come blue your horn.\nThe sheep\'s in the meadow.');
INSERT INTO `pus_katalog` VALUES ('261', 'Vinny\'s new game`', 'FIC', '11', 'FIC PHI v', '192', '69', '', '', '', '2008', '', '', null, 'China', '', '', '', '8', '15 Cm', '2', '1', 'Vinny\'s new game is soccer, but he isn\'t very good at it. Follow along as vinny the hockey puck learns to play a new sport.');
INSERT INTO `pus_katalog` VALUES ('262', 'What a team`', 'FIC', '11', 'FIC PHI w', '192', '69', '', '', '', '2008', '', '', null, 'Canada', '', '', '', '8', '15 Cm', '2', '1', 'Bill the baseball always gets picked last in gym class. With the help of his friend Morgan.');
INSERT INTO `pus_katalog` VALUES ('263', 'Tommy\'s trouble`', 'FIC', '11', 'FIC PHI t', '192', '69', '', '', '', '2003', '', '', null, 'Canada', '', '', '', '8', '15 Cm', '2', '1', 'Tommy\'s trouble is a charming story about being different. When the lonely Toucan goes on an adventure with his new friend.');
INSERT INTO `pus_katalog` VALUES ('264', 'Chitter chatter`', 'FIC', '11', 'FIC Cro c', '202', '72', '0448424541', '', '', '2001', '', '', null, 'New York', '', '', '', '8', '18 Cm', '2', '1', 'A simple message gets a little misunderstood and kind of crazy, as it travels around the farm.Pull the tabs up and down to make the animals chatter away.');
INSERT INTO `pus_katalog` VALUES ('265', 'Beck\'s bunny secret`Rahasia kelinci beck', 'FIC', '11', 'FIC RED b', '203', '4', '9789792261820', '', 'Dini Pandia', '2010', '', '', null, 'Jakarta', '', '', '', '48', '15 Cm', '1', '3', 'Beck punya rahasia. Ia menyembunyikan anak kelinci yang tersesat.Akankah teman-teman perinya akan tau...');
INSERT INTO `pus_katalog` VALUES ('266', 'Talent night`', 'FIC', '11', 'FIC ROS t', '204', '10', '0153229888', '', '', '0', '', '', null, 'New York', '', '', '', '12', '14 Cm', '2', '3', 'Ben bird and fern fox had a plan.They were going to plan a talent night.');
INSERT INTO `pus_katalog` VALUES ('267', 'Counting my friends`', 'FIC', '11', 'FIC RAM c', '205', '10', '0153275863', '', '', '0', '', '', null, 'New York', '', '', '', '12', '14 Cm', '2', '3', 'Here is friend. One friend waves a flag.');
INSERT INTO `pus_katalog` VALUES ('268', 'Travels with dad`', 'FIC', '11', 'FIC REL t', '206', '10', '0153230983', '', '', '0', '', '', null, 'New York', '', '', '', '16', '14 Cm', '2', '2', 'Grace, Jack, and their father were loading their luggageinto the car.');
INSERT INTO `pus_katalog` VALUES ('269', 'Last week, in the creek`', 'FIC', '11', 'FIC RUS l', '207', '28', '9788175964792', '', '', '2007', '', '', null, 'New Delhi', '', '', '', '16', '14 Cm', '2', '3', 'Last week, in the creek, I found ... bottles');
INSERT INTO `pus_katalog` VALUES ('270', 'Ten juicy vegetables`', 'FIC', '11', 'FIC RAD t', '208', '20', '0864117744', '', '', '1998', '', '', null, 'Queensland', '', '', '', '24', '14 Cm', '2', '3', 'Ten juicy vegetables, all tender and sweet, Were growing and growing.');
INSERT INTO `pus_katalog` VALUES ('271', 'What a muddle`', 'FIC', '11', 'FIC RAD w', '208', '20', '0864118171', '', '', '1998', '', '', null, 'Queensland', '', '', '', '24', '15 Cm', '2', '2', 'Most animals you know have fur or a thickish of skin.');
INSERT INTO `pus_katalog` VALUES ('272', 'Little elephant`', 'FIC', '11', 'FIC RIV l', '209', '12', '', '', '', '2003', '', '', null, 'Thailand', '', '', '', '8', '14 Cm', '2', '1', 'Little elephant loves to share. Here she is sitting enjoying the warm jungle sunshine.');
INSERT INTO `pus_katalog` VALUES ('273', 'Goldfish in trouble`', 'FIC', '11', 'FIC RED g', '210', '62', '981208732x', '', '', '2001', '', '', null, 'Singapore', '', '', '', '32', '19 Cm', '2', '3', 'Ravi\'s father came home one day with a surprise gift for him.It was a goldfish in the bowl.');
INSERT INTO `pus_katalog` VALUES ('274', 'Sammy the hungry seagull`', 'FIC', '11', 'FIC RED s', '210', '62', '9812087354', '', '', '2001', '', '', null, 'Singapore', '', '', '', '32', '19 Cm', '2', '3', 'sammy the seagull sat on a cliff. The wind blew his feathers.He was feeling hungry.');
INSERT INTO `pus_katalog` VALUES ('275', 'I want my dummy`Aku mau dotku', 'FIC', '11', 'FIC ROS i', '211', '44', '9789791349055', '', '', '2002', '', '', null, 'Jakarta', '', '', '', '24', '19 Cm', '2', '3', 'Dot si putri kecil berkali-kali hilang. Dia menemukannya ditempat-tempat aneh..di cerobong asap, ditindih anjing, di dalam tong sampah.Semua bilang putri kecil sudah terlalu besar untuk menghisap dot.');
INSERT INTO `pus_katalog` VALUES ('276', 'Dragon land wonderland`', 'FIC', '11', 'FIC ROD d', '212', '27', '0375822399', '', '', '2002', '', '', null, 'New York', '', '', '', '8', '20 Cm', '2', '1', 'It was a bright, sunny day in dragon land, but cassie was feeling sad.');
INSERT INTO `pus_katalog` VALUES ('277', 'Charlie the chick`', 'FIC', '11', 'FIC ROB c', '213', '32', '0755481089', '', '', '2009', '', '', null, 'China', '', '', '', '8', '20 Cm', '2', '1', 'Charlie the chick is feeling lonely and bored and decides to leave his coop to play with his friends.');
INSERT INTO `pus_katalog` VALUES ('278', 'Kindergaten`', 'FIC', '11', 'FIC ROG k', '214', '9', '0439368375', '', '', '2002', '', '', null, 'Singapore', '', '', '', '1', '19,5 Cm', '2', '3', 'On Aa day, we find acorns,\nOn Bb day, we bring in our backpacks\nAnd on Cc day, we change the calender.');
INSERT INTO `pus_katalog` VALUES ('279', 'Fat frogs on a skinny log`', 'FIC', '11', 'FIC RIC f', '215', '9', '0439219388', '', '', '2000', '', '', null, 'New York', '', '', '', '28', '24,5 Cm', '2', '3', 'When ten fat frogs try to squeeze themselves onto the same skinny, wobbly bobbly log...look out.');
INSERT INTO `pus_katalog` VALUES ('280', 'It\'s following me`', 'FIC', '11', 'FIC RAD i', '216', '50', '9781782441700', '', '', '2013', '', '', null, 'China', '', '', '', '24', '25 Cm', '2', '3', 'It\'s behind me in the kitchen, It\'s behind me in the hall, It\'s behind me when i\'m leaping, It\'s behind me when i fall.');
INSERT INTO `pus_katalog` VALUES ('281', 'Aladdin and the magic lamp`Ali baba and the forty thieves', 'FIC', '11', 'FIC SIY a', '217', '23', '9789830051482', '', '', '2012', '', '', null, 'Selangor', '', '', '', '48', '19 Cm', '2', '3', 'One day the man and aladdin went for a walk, they walked to the mountains. It was dark when they reached the mountain.');
INSERT INTO `pus_katalog` VALUES ('282', 'Ruby dan hippo yang berisik`', 'FIC', '11', 'FIC STE r', '218', '0', '9796887924', '', 'Margaretha Hatauruk Eddy, M.B.A', '2003', 'Margaretha Hatauruk Eddy, M.B.A', '', null, 'Jakarta', '', '', '', '22', '22 Cm', '1', '3', 'Hippo sangat berisik, Ruby jadi malu karenanya.Namun ketika si monster pemakan permen menggangu Ruby.');
INSERT INTO `pus_katalog` VALUES ('283', 'Ruby dan si putih yang kotor`', 'FIC', '11', 'FIC STE r', '218', '47', '9796887932', '', 'Margaretha Hutauruk Eddy,M.B.A', '2001', 'Margaretha Hutauruk Eddy,M.B.A', '', null, 'Jakarta', '', '', '', '22', '22 Cm', '1', '3', 'Setiap kali si putih membuat sesuatu berantakan dan kotor, ia selalu menyalahkan yang lain. Namun Ruby memperlihatkan pada si putih bahwa berbohong itu tidak baik.');
INSERT INTO `pus_katalog` VALUES ('284', 'Learn something with pepper`', 'FIC', '11', 'FIC STE l', '219', '73', '9788120768970', '', '', '2012', '', '', null, 'New Delhi', '', '', '', '1', '22 Cm', '2', '3', 'Papper is adept at learning new thing. In this collection of twelve simple.');
INSERT INTO `pus_katalog` VALUES ('285', 'Waktunya bangun, Harimau cilik`', 'FIC', '11', 'FIC SYK w', '220', '21', '9796889226', '', 'Mercy Maida Pajaitan, S.Pd', '2003', 'Margaretha Hutauruk Eddy, MBA', '', null, 'Jakarta', '', '', '', '8', '16,5 Cm', '2', '1', 'Sudah pagi, si harimau cilik tidak sabar lagi ingin bermain bersama teman-temannya.Namun ia harus menyelesaikan beberapa hal terlebih dahulu.');
INSERT INTO `pus_katalog` VALUES ('286', 'Waktunya mandi, harimau cilik`', 'FIC', '11', 'FIC SYK w', '220', '21', '9796889234', '', 'Mercy Maida Panjaitan, S.Pd', '2003', 'Margaretha Hutauruk Eddy, MBA', '', null, 'Jakarta', '', '', '', '8', '16,5 Cm', '1', '1', 'Harimau cilik dan adik kecil sudah harus tidur, Namun mereka kotor sekali.Jadi mereka balap lari untuk cepat-cepat mandi...');
INSERT INTO `pus_katalog` VALUES ('287', 'Waktunya tidur , harimau cilik`', 'FIC', '11', 'FIC SYK w', '220', '21', '9796889218', '', 'Mercy Maida Panjaitan, S.Pd', '2003', 'Margaretha Hutauruk Eddy, MBA', '', null, 'Jakarta', '', '', '', '8', '16,5 Cm', '1', '1', 'Sudah waktunya tidur,Namun si harimau cilik masih bermain.Bukalah lipatan-lipatan untuk melihat bagaimana ia meloloskandiri dari waktu tidur.');
INSERT INTO `pus_katalog` VALUES ('288', 'Waktunya bermain,harimau cilik`', 'FIC', '11', 'FIC SYK w', '220', '21', '979688920x', '', 'Mercy Maida Panjaitan, S.Pd', '2003', 'Margaretha Hutauruk Eddy, MBA', '', null, 'Jakarta', '', '', '', '8', '16,5 Cm', '1', '1', 'Harimau cilik dan teman-temannya bermain petak umpet di hutan.Ada banyak tempat bersembunyi menyenangkan sekali.Namun siapa yang bersembunyi dibalik semak.');
INSERT INTO `pus_katalog` VALUES ('289', 'Katie the mischievous kitten`', 'FIC', '11', 'FIC STU k', '221', '74', '1858306841', '', '', '1988', '', '', null, 'London', '', '', '', '14', '14 Cm', '2', '1', 'Kattie was a mischievous kitten and always made a big mess when she was playing.');
INSERT INTO `pus_katalog` VALUES ('290', 'Benny the naughty bear`', 'FIC', '11', 'FIC STU b', '221', '74', '1858306841', '', '', '1998', '', '', null, 'London', '', '', '', '14', '14 Cm', '2', '1', 'Benny the bear woke up one morning to find that he had been squashed onto the toy shelf in between a doll and a clown.');
INSERT INTO `pus_katalog` VALUES ('291', 'Karen and the little lost kitten`', 'FIC', '11', 'FIC SEY k', '222', '67', '0859531732', '', '', '0', '', '', null, 'Los Angeles', '', '', '', '20', '14,5 Cm', '2', '3', 'One day in the farmyard Karen found a little kitten wandering around.');
INSERT INTO `pus_katalog` VALUES ('292', 'Boots for red`', 'FIC', '11', 'FIC SIG b', '223', '8', '0153229462', '', '', '0', '', '', null, 'New York', '', '', '', '8', '13,5 Cm', '2', '3', 'Red has new boots, She likes new boots.');
INSERT INTO `pus_katalog` VALUES ('293', 'Chug chug`', 'FIC', '11', 'FIC SEO c', '224', '59', '9971055945', '', '', '1991', '', '', null, 'Singapore', '', '', '', '16', '15 Cm', '2', '2', 'Come chug chug catch the ball.');
INSERT INTO `pus_katalog` VALUES ('294', 'Ruth`', '222', '169', '222 GRA r', '225', '75', '0805421904', '', '', '2000', '', '', null, 'Hong Kong', '', '', '', '1', '16 Cm', '2', '3', 'There once was a young woman named Ruth. She married a man from another country and she loved him very much.');
INSERT INTO `pus_katalog` VALUES ('295', 'Milly and tommy`', 'FIC', '11', 'FIC SEO m', '224', '0', '9971055783', '', '', '1990', '', '', null, 'Singapore', '', '', '', '14', '15 Cm', '2', '3', 'I like cheese, Milly says\nI like mice and i can smell a mouse, Tommy says.');
INSERT INTO `pus_katalog` VALUES ('296', 'Monster garage sale`', 'FIC', '11', 'FIC SCO m', '226', '49', '086411849x', '', '', '2007', '', '', null, 'Queensland', '', '', '', '24', '15 Cm', '2', '3', 'Monster was tidy.His clothes were all neat.His shoes were shiny.But he looked too sweet.');
INSERT INTO `pus_katalog` VALUES ('297', 'Rapunzel`The princess and the pea', 'FIC', '11', 'FIC SIY r', '217', '23', '9789830051451', '', '', '2012', '', '', null, 'Selangor', '', '', '', '48', '19 Cm', '2', '3', 'Once, there was a handsome prince. He went on a long journey. He was searching for a wife.He met beautiful ladies on his journey.They could sing, dance and draw very well.');
INSERT INTO `pus_katalog` VALUES ('298', 'No problem`', 'FIC', '11', 'FIC TRE n', '227', '10', '0153276371', '', '', '0', '', '', null, 'New York', '', '', '', '16', '13,5 Cm', '2', '3', 'Grandpa can fix anything. When i showed him my bicycle, he knew just what to do.');
INSERT INTO `pus_katalog` VALUES ('299', 'Goldy and the three bears`', 'FIC', '11', 'FIC TRE g', '227', '10', '0153229705', '', '', '0', '', '', null, 'New York', '', '', '', '12', '13,5 Cm', '2', '3', 'One day in june mama and papa bear and little bear all went to the store.');
INSERT INTO `pus_katalog` VALUES ('300', 'Go cat`', 'FIC', '11', 'FIC TRE g', '227', '10', '0153229403', '', '', '0', '', '', null, 'New York', '', '', '', '8', '13,5 Cm', '2', '3', 'Cat run and run.\nCat ran in the bag.');
INSERT INTO `pus_katalog` VALUES ('301', 'Silly little goose`', 'FIC', '11', 'FIC TAF s', '229', '9', '0439442656', '', '', '2002', '', '', null, 'China', '', '', '', '1', '14 Cm', '2', '1', 'One windy morning, goose sets out to make a nest.');
INSERT INTO `pus_katalog` VALUES ('302', 'Phoenix burung api yang sakti`Phoenix magical fire bird', 'FIC', '11', 'FIC USM p', '230', '76', '9789790633889', '', 'Midah Novitasari', '2012', 'Melvi Dwi Dezka Putri', '', null, 'Jakarta', '', '', '', '16', '21,5 Cm', '5', '3', 'Pada zaman dahulu kala di daerah mesir, Phoenix si burung api dikenal dengan nama Bennu. Bennu digambarkan memiliki bulu yang berwarna merah keemasan. Bila disinari mataharibulu yang merah keemasan itu seperti nyala api.');
INSERT INTO `pus_katalog` VALUES ('303', 'Naga ular besar yang menyemburkan api`Dragon huge snake that cast out the fire', 'FIC', '11', 'FIC USM n', '230', '76', '9789790633926', '', 'Midah Novitasari', '2012', 'Melvi Dwi Dezka Putri', '', null, 'Jakarta', '', '', '', '17', '20,5 Cm', '5', '3', 'Cerita ular naga sudah dikenal seluruh dunia sejak lama, terutama dinegeri Cina. Bahkan sungai besar di Cina dipercaya berasal dari dari kekuatan naga.');
INSERT INTO `pus_katalog` VALUES ('304', 'Barnabas helps a friend`', 'FIC', '11', 'FIC LEP b', '158', '35', '9780310715856', '', '', '2008', '', '', null, 'Michigan', '', '', '', '32', '15 Cm', '2', '3', 'Oh no a tree fell on Mr.Beaver\'s house. Barnabas and Russell try to pushit off. But the tree is to heavy. Friends are supposed to help when trouble comes.');
INSERT INTO `pus_katalog` VALUES ('305', 'Jill and the giant`', 'FIC', '11', 'FIC VER j', '231', '10', '0153230460', '', '', '0', '', '', null, 'New York', '', '', '', '16', '13,5 Cm', '2', '3', 'Jill and her granpa had nothing to eat.\nJill took the cow to town. She traded the cow and came back with some seeds.');
INSERT INTO `pus_katalog` VALUES ('306', 'Birthday cookies`', 'FIC', '11', 'FIC VER b', '232', '10', '0153230495', '', '', '0', '', '', null, 'New York', '', '', '', '16', '13,5 Cm', '2', '3', 'Today mama birthday, papa always makes a yellow cake for mama but papa sick today...\nWhat can we do...');
INSERT INTO `pus_katalog` VALUES ('307', 'Alfred`', 'FIC', '11', 'FIC VIG a', '233', '23', '9830003469', '', '', '2003', '', '', null, 'Selangor', '', '', '', '22', '21 Cm', '2', '3', 'Alfred the elephant has a very long trunk. He is ashamed of his trunk and triesall he canto hide or disguise it. But one day, something happens and makes alfred realize that his trunk is special...');
INSERT INTO `pus_katalog` VALUES ('308', 'Let\'s visit the zoo`', '590', '141', '590 MOR l', '234', '10', '0153275952', '', '', '0', '', '', null, 'Orlando', '', '', '', '12', '13,5 Cm', '2', '3', 'Look at the monkeys.Monkeys have along tails.');
INSERT INTO `pus_katalog` VALUES ('309', 'Don\'t let the pigeon drive the bus`', 'FIC', '11', 'FIC WIL d', '235', '22', '9781844285136', '', '', '2003', '', '', null, 'London', '', '', '', '1', '23 Cm', '2', '3', 'I thought he\'d never leave.\nHey, can i drive the bus....');
INSERT INTO `pus_katalog` VALUES ('310', 'Naked mole rat gets dressed`', 'FIC', '11', 'FIC WIL n', '235', '22', '9781406321371', '', '', '2009', '', '', null, 'London', '', '', '', '1', '27 Cm', '2', '3', '');
INSERT INTO `pus_katalog` VALUES ('311', 'Little humpty`Si unta kecil', 'FIC', '11', 'FIC WIL l', '236', '47', '9789790750081', '', 'Hanantyo Abhinowo', '2009', 'Winny Rachmayanti', '', null, 'Jakarta', '', '', '', '34', '22 Cm', '5', '3', 'Tahukah kmu unta kecil di dunia ini kamulah yang paling ibu sayangi,\nCeritakanlah kepadaku tentang dunia ibu.');
INSERT INTO `pus_katalog` VALUES ('312', 'Augustine`', 'FIC', '11', 'FIC WAT a', '237', '47', '9789790750272', '', 'Fitria A', '2006', 'Winny Rachmayanti', '', null, 'Jakarta', '', '', '', '32', '22 Cm', '5', '3', 'Pindah dari kutub selatan ke kutub utara bukanlah hal yang mudah bagi Augustine. Ia merindukan kamar tidurnya. Namun dengan bantuan pensil warna dan inspirasi  dari Piccaso, pinguin kecil yang pemalu dan artistik.');
INSERT INTO `pus_katalog` VALUES ('313', 'Bella gets her skates on`', 'FIC', '11', 'FIC WHY b', '238', '77', '9781447202691', '', '', '2007', '', '', null, 'London', '', '', '', '1', '25 Cm', '2', '3', 'Ben and Sophie are excited about going skating on the frozen lake.');
INSERT INTO `pus_katalog` VALUES ('314', 'Lusy Goosey`Lusi si angsa', 'FIC', '11', 'FIC WIL l', '236', '47', '9789790750074', '', 'Hanantyo Abhinowo', '2007', 'Winny Rahcmayanti', '', null, 'Jakarta', '', '', '', '32', '22 Cm', '5', '3', 'Lusi tidak ingin pergi meninggalkan kolam, meskipun itu berarti ia akan tertinggal. Namun, ketika lusi sadar bahwa dia sedang sendirian ia harus mengambil keputusan berani. Lebih menakutkan untuk hidup seorang diri atau pergi menghadapi ketakutan ter');
INSERT INTO `pus_katalog` VALUES ('315', 'Timothy goes to school`', 'FIC', '11', 'FIC WEL t', '239', '9', '0439227070', '', '', '2000', '', '', null, 'New York', '', '', '', '30', '21,5 Cm', '2', '3', 'Timothy is very excited about starting school.Until he meets claude.');
INSERT INTO `pus_katalog` VALUES ('316', 'Tug Takes on a job`', 'FIC', '11', 'FIC WIT t', '240', '23', '9835038929', '', '', '2003', '', '', null, 'Selangor', '', '', '', '24', '19 cm', '2', '3', 'Tug sees a lot of rubbish in the park where he and his friends play.');
INSERT INTO `pus_katalog` VALUES ('317', 'An Afternoon`', 'FIC', '11', 'FIC WIS a', '241', '10', '0153229713', '', '', '0', '', '', null, 'Orlando', '', '', '', '12', '13,5 Cm', '2', '3', 'This morning the shops on the streets are very busy.');
INSERT INTO `pus_katalog` VALUES ('318', 'Mr.smart\'s big dog book`', 'FIC', '11', 'FIC WEL m', '242', '10', '0153230207', '', '', '0', '', '', null, 'Orlando', '', '', '', '12', '13 Cm', '2', '3', 'I wonder.How much do i give Arf to eat.\nYou start with part of a can Mr. Smart.');
INSERT INTO `pus_katalog` VALUES ('319', 'Justin\'s alligator`', 'FIC', '11', 'FIC WID j', '243', '10', '0153230886', '', '', '0', '', '', null, 'Orlando', '', '', '', '16', '13,5 Cm', '2', '3', 'Justin knew it was not the best idea to bring back an alligator from vacation.He knew that.');
INSERT INTO `pus_katalog` VALUES ('320', 'Tales of mr.map`', 'FIC', '11', 'FIC WIL t', '244', '10', '0153230266', '', '', '0', '', '', null, 'Orlando', '', '', '', '16', '13,5 Cm', '2', '3', 'A big giant came in the gate.He was lost.');
INSERT INTO `pus_katalog` VALUES ('321', 'Scout takes too much`', 'FIC', '11', 'FIC WIT s', '240', '23', '9835038910', '', '', '2003', '', '', null, 'Selangor', '', '', '', '24', '19 Cm', '2', '3', 'After a party in the park, Scout tries to take all of the fruit and vegetables left on the table for himself.');
INSERT INTO `pus_katalog` VALUES ('322', 'Larry\'s baby boa`', 'FIC', '11', 'FIC YEO l', '245', '10', '015323086x', '', '', '0', '', '', null, 'Orlando', '', '', '', '16', '13,5 cm', '2', '3', 'How was pet day at school.\nIt was okay but peepers got chocolate pidding and grass all over him.');
INSERT INTO `pus_katalog` VALUES ('323', 'George\'s farm peek a boo baby`', 'FIC', '11', 'FIC YOY g', '246', '2', '0710512805', '', '', '0', '', '', null, 'Indonesia', '', '', '', '1', '15 Cm', '2', '1', 'Who\'s that on the farm, It\'s George. George and all of his animal friends.');
INSERT INTO `pus_katalog` VALUES ('324', 'George\'s farm peek a boo sounds`', 'FIC', '11', 'FIC YOY g', '246', '2', '0710512805', '', '', '0', '', '', null, 'Indonesia', '', '', '', '1', '15 Cm', '2', '1', 'Peek through the windows on each page to discover all the wonderful surprise on George farm.');
INSERT INTO `pus_katalog` VALUES ('325', 'Here comes the crocodile`Ini dia si buaya', 'FIC', '11', 'FIC WHI h', '247', '47', '9789790333000', '', 'Hertiani Agustine', '2008', 'Sindi Merian, S.Hum', '', null, 'Jakarta', '', '', '', '30', '28 Cm', '5', '3', 'Ini dia si buaya datang sambil mengendus,menggera, dan menggemeretak.\nSuara gemuruh datang dari perut besarnya.\nOh, tidak si buaya sedang lapar...Lari...');
INSERT INTO `pus_katalog` VALUES ('326', 'Me and my dad`Aku dan ayahku', 'FIC', '11', 'FIC RIT m', '248', '47', '9797819957', '', 'Eka Cahyani', '2007', 'Mila Rachmawati', '', null, 'Jakarta', '', '', '', '26', '28 Cm', '5', '3', 'Beruang kecil dan ayahnya melakukan banyak kegiatan yang menyenangkan, menjelajahi gunung yang tingg, berenang saat hujan dan bercerita saat bintang muncul di langit.Mereka melakukan bersama-sama.');
INSERT INTO `pus_katalog` VALUES ('327', 'Animal story time`The cygnet and the stork, the hippo and the cheetah', 'FIC', '11', 'FIC BOO a', '249', '78', '9781742023991', '', '', '2011', '', '', null, 'Sydney', '', '', '', '8', '21 Cm', '2', '1', 'Downy the cygnet is bullied off his beach,\nHarriet the hippo is teased for being too heavy,\nHow do they overcome their problems...');
INSERT INTO `pus_katalog` VALUES ('328', 'Animal story time`Leo the lion cub timmy the turtle', 'FIC', '11', 'FIC BOO a', '249', '0', '9781742124004', '', '', '2011', '', '', null, 'Sydney', '', '', '', '8', '21 Cm', '2', '1', 'Leo the lion cub can\'t find his roar.\nTimmy turtle is just too slow.\nHow do they overcome their problem.');
INSERT INTO `pus_katalog` VALUES ('329', 'Messy me`', 'FIC', '11', 'FIC MCG m', '250', '21', '9781848951518', '', '', '2011', '', '', null, 'London', '', '', '', '16', '20 Cm', '2', '1', 'Messy bouncing,Messy bed.\nMessy feather round my head.\nMessy milk and messy tray.\nMy Messy breakfast starts the day.');
INSERT INTO `pus_katalog` VALUES ('330', 'Dorothy & mikey`', 'FIC', '11', 'FIC KAS d', '251', '44', '9789791534154', '', 'Lulu Wijaya', '2007', '', '', null, 'Jakarta', '', '', '', '30', '22 Cm', '5', '3', 'Dorothy dan Mikey bersahabat. Tapi kalau sedang bermain, mereka suka bersaing.\nTiap hari selalu ada yang menang dan ada yang kalah dalam persahabatan yang lucu dan mengharukan.');
INSERT INTO `pus_katalog` VALUES ('331', 'Emily\'s tiger`', 'FIC', '11', 'FIC LAT e', '254', '79', '9781846865947', '', '', '2008', '', '', null, 'China', '', '', '', '1', '21,5 Cm', '2', '3', 'Emily is off and running again,This little girl has a problem with her temper, and every time she gets angry she turns into quite the little tiger.');
INSERT INTO `pus_katalog` VALUES ('332', 'Follow that bear if you dare`', 'FIC', '11', 'FIC FRE f', '40', '21', '9781845065676', '', '', '2009', '', '', null, 'London', '', '', '', '1', '26 Cm', '2', '3', 'When going on a hunt, to find a bear, You need to take the utmost care.It\'s best to take a friend along too,Choose one that looks much fetter than you.');
INSERT INTO `pus_katalog` VALUES ('333', 'Puss in boots`', 'FIC', '11', 'FIC MOT p', '255', '80', '9831914821', '', '', '2003', '', '', null, 'Kuala Lumpur', '', '', '', '1', '25 Cm', '2', '3', 'Find out how a clever cat help a poor young man find his fortune and the beautiful princess to marry.This version of famous story has been carefully edited and adapted for very young readers.');
INSERT INTO `pus_katalog` VALUES ('334', 'Safari pals`Mengikuti jejak', 'FIC', '11', 'FIC KIL s', '256', '47', '9789790990593', '', 'Widyasari', '2010', 'Ayu Prameswary', '', null, 'Jakarta', '', '', '', '16', '22 Cm', '5', '3', 'Kai Lan menemukan jejak misterius. Hanya ada satu hal yang bisa dilakukan mengajak teman-temannya berpetualang untuk menemukan siapa yang membuat jejak-jejak itu.');
INSERT INTO `pus_katalog` VALUES ('335', 'Rory\'s story`', 'FIC', '11', 'FIC FIV r', '257', '81', '9781743003268', '', '', '2012', '', '', null, 'Victoria', '', '', '', '26', '24 Cm', '2', '3', 'Rory the tiger is having a terrible time. He has a new baby sister.\nShe\'s too small to play with, she cries a lot, and everyone seems to have forgotten a bout him.');
INSERT INTO `pus_katalog` VALUES ('336', 'Geoffrey and the giant`', 'FIC', '11', 'FIC THO g', '258', '50', '9781849560955', '', '', '2010', '', '', null, 'China', '', '', '', '1', '20,5 Cm', '2', '1', 'Children we love to follow brave knight, Geoffrey, as he hunts for a noisy giant then unfoldthe bookto reveal hidden giant.');
INSERT INTO `pus_katalog` VALUES ('337', 'David and goliath`', '222', '169', '222 PAG d', '259', '82', '1846101735', '', '', '2006', '', '', null, 'China', '', '', '', '31', '15 Cm', '2', '1', 'Long time ago things were bad for israel..\nAt war with the Philistines and not doing well.');
INSERT INTO `pus_katalog` VALUES ('338', 'Sari suka bersolek`', '823', '12', '823 ADI s', '260', '83', '9794300446', '', 'Dicky Sutadi', '2001', '', '', null, 'Jakarta', '', '', '', '18', '25 Cm', '4', '3', 'Sari seekor bangau yang cantik. Supaya tidak ketinggalan zaman, ia meniru dandanan teman-temannya.Apakah ia kelihatan cantik..');
INSERT INTO `pus_katalog` VALUES ('339', 'Night,night,baby`', '811', '154', '811 MER n', '261', '84', '', '', '', '0', '', '', null, '', '', '', '', '8', '21 Cm', '2', '1', 'Flip the flap and see who\'s there, behind the bunny or panda bear.');
INSERT INTO `pus_katalog` VALUES ('340', 'Lettice`', 'FIC', '11', 'FIC STA l', '120', '85', '9780007847624', '', '', '2011', '', '', null, 'London', '', '', '', '26', '22,5 Cm', '2', '3', 'Lettice rabbit longs to fly but even when she flaps her arms and ears she can\'t seem to lift off the ground.');
INSERT INTO `pus_katalog` VALUES ('342', 'jkk`', '', '0', '', '0', '0', '', '', '', '0', '', '', null, '', '', '', '', '1', '', '0', '2', '');
INSERT INTO `pus_katalog` VALUES ('343', 'UYU`', '', '0', '', '0', '0', '', '', '', '0', '', '', null, '', '', '', '', '1', '', '0', '4', 'BB');
INSERT INTO `pus_katalog` VALUES ('344', 'KSKS`', '', '0', '', '0', '0', '', '', '', '0', '', '', null, '', '', '', '', '1', '', '0', '2', '');

-- ----------------------------
-- Table structure for pus_klasifikasi
-- ----------------------------
DROP TABLE IF EXISTS `pus_klasifikasi`;
CREATE TABLE `pus_klasifikasi` (
  `replid` int(10) unsigned NOT NULL AUTO_INCREMENT,
  `kode` varchar(20) NOT NULL,
  `nama` varchar(100) NOT NULL,
  `keterangan` varchar(200) NOT NULL,
  PRIMARY KEY (`replid`)
) ENGINE=MyISAM AUTO_INCREMENT=194 DEFAULT CHARSET=latin1;

-- ----------------------------
-- Records of pus_klasifikasi
-- ----------------------------
INSERT INTO `pus_klasifikasi` VALUES ('1', '000', 'COMP SCI., KNOWLEDGE&SYSTEM', '');
INSERT INTO `pus_klasifikasi` VALUES ('2', '100', 'PSYCHOLOGY', '');
INSERT INTO `pus_klasifikasi` VALUES ('3', '200', 'CHRISTIAN', '');
INSERT INTO `pus_klasifikasi` VALUES ('4', '300', 'SOCIAL SCIENCES', '');
INSERT INTO `pus_klasifikasi` VALUES ('5', '400', 'LANGUAGE', '');
INSERT INTO `pus_klasifikasi` VALUES ('6', '500', 'PURE SCIENCE', '');
INSERT INTO `pus_klasifikasi` VALUES ('7', '600', 'APPLIED SCIENCE &TWECHNOLOGY', '');
INSERT INTO `pus_klasifikasi` VALUES ('8', '700', 'ARTS & RECREATION', '');
INSERT INTO `pus_klasifikasi` VALUES ('9', '800', 'LITERATURE', '');
INSERT INTO `pus_klasifikasi` VALUES ('10', '900', 'HISTORY & GEOGRAPHY', '');
INSERT INTO `pus_klasifikasi` VALUES ('11', 'FIC', 'STORY BOOKS for children', '');
INSERT INTO `pus_klasifikasi` VALUES ('12', '823', 'FIKSI B. INDONESIA', '');
INSERT INTO `pus_klasifikasi` VALUES ('13', '920', 'BIOGRAPHY', '');
INSERT INTO `pus_klasifikasi` VALUES ('14', '597.3', 'SHARK', 'Class here cartilaginous shark');
INSERT INTO `pus_klasifikasi` VALUES ('15', '741.5', 'GRAPHIC NOVEL', 'Class here cartoons, caricatures. comics');
INSERT INTO `pus_klasifikasi` VALUES ('16', '813', 'ENGLISH FICTION', 'Class here novel');
INSERT INTO `pus_klasifikasi` VALUES ('17', '950', 'HIST. OF ASIA, ORIENT, FAR EAST', '');
INSERT INTO `pus_klasifikasi` VALUES ('18', '597.89', 'FROGS', 'Class here RANOIDEA');
INSERT INTO `pus_klasifikasi` VALUES ('19', '302.17', 'SOCIAL DYSFUNCTION', 'Class here apathy, fear, panic, sosial psychoanalysis');
INSERT INTO `pus_klasifikasi` VALUES ('20', '220.95', 'BIBLE STORIES RETOLD', 'Incl. picture books Bible stories');
INSERT INTO `pus_klasifikasi` VALUES ('21', '612', 'HUMAN PHYSIOLOGY', 'Class here comprehensive works on human anatomy');
INSERT INTO `pus_klasifikasi` VALUES ('22', '153.9', 'INTELLIGENCE & APTITUDES', 'Class here intelligence levels, multiple intelligences');
INSERT INTO `pus_klasifikasi` VALUES ('23', '658.3', 'PERSONNEL MGMT/HRM', '');
INSERT INTO `pus_klasifikasi` VALUES ('24', '808.8', 'COLL. OF LITERARY TEXTS', 'Class here text in more than two literatures');
INSERT INTO `pus_klasifikasi` VALUES ('25', '425', 'ENGLISH GRAMMAR', '');
INSERT INTO `pus_klasifikasi` VALUES ('26', '909', 'WORLD HISTORY', '');
INSERT INTO `pus_klasifikasi` VALUES ('27', '220.07', 'BIBLE: study & teaching', '');
INSERT INTO `pus_klasifikasi` VALUES ('28', '510', 'MATHEMATICS', '');
INSERT INTO `pus_klasifikasi` VALUES ('29', '499.221', 'BAHASA INDONESIA', '');
INSERT INTO `pus_klasifikasi` VALUES ('30', '371.2', 'SCHOOL ADMINISTRATION', '');
INSERT INTO `pus_klasifikasi` VALUES ('31', '268', 'RELIGIOUS EDUC.', 'Class here catechetics, curricula');
INSERT INTO `pus_klasifikasi` VALUES ('32', '796.4', 'WEIGHT LIFTING, GYMNASTICS', '');
INSERT INTO `pus_klasifikasi` VALUES ('33', '152.33', 'HABITS', 'Class here comprehensive works on habits');
INSERT INTO `pus_klasifikasi` VALUES ('34', '658.1', 'ORGANIZATION & FINANCE', '');
INSERT INTO `pus_klasifikasi` VALUES ('35', '248.32', 'PRAYER', '');
INSERT INTO `pus_klasifikasi` VALUES ('36', '371.9', 'SPECIAL EDUC.', 'Class here exceptional std., learning diasabilities');
INSERT INTO `pus_klasifikasi` VALUES ('37', '231', 'GOD', '');
INSERT INTO `pus_klasifikasi` VALUES ('38', '241.6', 'SPECIFIC MORAL ISSUES', 'Class here morality of warfare, abortion');
INSERT INTO `pus_klasifikasi` VALUES ('39', '371.25', 'GROUPING STD FOR INSTRUCTION', 'Class here school classes, mixed-level classroom, combination of grades');
INSERT INTO `pus_klasifikasi` VALUES ('40', '420', 'ENGLISH', '');
INSERT INTO `pus_klasifikasi` VALUES ('41', '268.4', 'RELIGIOUS EDUC. OF SPECIFIC GROUPS', 'Class here curricula, teaching methods');
INSERT INTO `pus_klasifikasi` VALUES ('42', '371.1', 'REACHERS & TEACHING', '');
INSERT INTO `pus_klasifikasi` VALUES ('43', '370.15', 'EDUCATIONAL PSYCHOLOGY', 'Class here psychology of teaching');
INSERT INTO `pus_klasifikasi` VALUES ('44', '371.102', 'TEACHING', 'Class here mentoring');
INSERT INTO `pus_klasifikasi` VALUES ('45', '375', 'CURRICULA', '');
INSERT INTO `pus_klasifikasi` VALUES ('46', '371.94', 'STD WITH EMOTIONAL DISTURBANCES', 'Class here std with mental illness, hyperactive sstd, autistic std.');
INSERT INTO `pus_klasifikasi` VALUES ('47', '910', 'GEOGR. & TRAVEL', 'Class here tourism, on travel');
INSERT INTO `pus_klasifikasi` VALUES ('48', '649.1', 'CHILD REARING', 'Class here supervising');
INSERT INTO `pus_klasifikasi` VALUES ('49', '372.21', 'PRESCHOOL & KINDERGARTEN', 'Class here early childhood educ, play groups');
INSERT INTO `pus_klasifikasi` VALUES ('50', '570', 'LIFE SCIENCES, BIOLOGY', '');
INSERT INTO `pus_klasifikasi` VALUES ('51', '540', 'CHEMISTRY', '');
INSERT INTO `pus_klasifikasi` VALUES ('52', '530', 'PHYSICS', '');
INSERT INTO `pus_klasifikasi` VALUES ('53', '428', 'STANDARD ENGLISH USAGE', 'Class here basic English');
INSERT INTO `pus_klasifikasi` VALUES ('54', '248.4', 'CHRISTIAN LIFE & PRACTICE', 'Class here Christian marriagge and family');
INSERT INTO `pus_klasifikasi` VALUES ('55', '253.53', 'SPIRITUAL DIRECTION', 'Class here counseling');
INSERT INTO `pus_klasifikasi` VALUES ('56', '371', 'SCHOOL & THEIR ACTIVITIES', 'Class here school system, school policy, school activities');
INSERT INTO `pus_klasifikasi` VALUES ('57', '790.1', 'RECREATIONAL ACTIVITIES', 'Class here leisure');
INSERT INTO `pus_klasifikasi` VALUES ('58', '370.1', 'EDUC FOR SPECIFIC', 'Class here educational psychology');
INSERT INTO `pus_klasifikasi` VALUES ('59', '158', 'APPLIED PSYCHOLOGY', 'Class here happiness, success');
INSERT INTO `pus_klasifikasi` VALUES ('60', '170', 'ETHICS', '');
INSERT INTO `pus_klasifikasi` VALUES ('61', '500.07', 'SCIENCE: study & teaching', '');
INSERT INTO `pus_klasifikasi` VALUES ('62', '418', 'APPLIED LINGUISTIC', 'Class here lip reading, vocabulary');
INSERT INTO `pus_klasifikasi` VALUES ('63', '371.6', 'PHYSICAL PLANT, MATERIALS MGMT', 'Class here educational buildings, school facilities');
INSERT INTO `pus_klasifikasi` VALUES ('64', '657', 'ACCOUNTING', '');
INSERT INTO `pus_klasifikasi` VALUES ('65', '004', 'DATA PROCESSING, COMPUTER SCI.', '');
INSERT INTO `pus_klasifikasi` VALUES ('66', '001', 'KNOWLEDGE', '');
INSERT INTO `pus_klasifikasi` VALUES ('67', '790', 'RECREATIONAL & PERFORMING ARTS', '');
INSERT INTO `pus_klasifikasi` VALUES ('68', '320', 'POLITICAL SCI.', '');
INSERT INTO `pus_klasifikasi` VALUES ('69', '745', 'DECORATIVE ARTS', '');
INSERT INTO `pus_klasifikasi` VALUES ('70', '745.5', 'HANDICRAFTS', '');
INSERT INTO `pus_klasifikasi` VALUES ('71', '306', 'CULTURE & INSTITUTIONS', 'Class here mass culture, social anthropology');
INSERT INTO `pus_klasifikasi` VALUES ('72', '330', 'ECONOMICS', '');
INSERT INTO `pus_klasifikasi` VALUES ('73', '301', 'SOCIOLOGY & ANTHROPOLOGY', 'Class here humans');
INSERT INTO `pus_klasifikasi` VALUES ('74', '495.103', 'MANDARIN DICT.', '');
INSERT INTO `pus_klasifikasi` VALUES ('75', '495.1', 'MANDARIN GRAMMAR', '');
INSERT INTO `pus_klasifikasi` VALUES ('76', '242.6', 'PRAYERS & MEDITATIONS', 'Class here prayers & meditations for daily use, church year');
INSERT INTO `pus_klasifikasi` VALUES ('77', '793', 'INDOOR GAMES', '');
INSERT INTO `pus_klasifikasi` VALUES ('78', '246.72', 'DRAMATIC ARTS', 'Including liturgical drama');
INSERT INTO `pus_klasifikasi` VALUES ('79', '620.03', 'ENGINEERING DICT.', '');
INSERT INTO `pus_klasifikasi` VALUES ('80', '612.8', 'NERVOUS SYSTEM, SENSORY FUNCTIONS', 'Class here neurophysiology');
INSERT INTO `pus_klasifikasi` VALUES ('81', '822', 'DRAMA INDONESIA', '');
INSERT INTO `pus_klasifikasi` VALUES ('82', '150.72', 'EDUCATION, RESEARCH PSYCHOLOGY', '');
INSERT INTO `pus_klasifikasi` VALUES ('83', '372.19', 'ELEMENTARY EDUC.', 'Class here curricula');
INSERT INTO `pus_klasifikasi` VALUES ('84', '248', 'CHRISTIAN EXPERIENCE,PRACTICE, LIFE', 'Class here spirituality');
INSERT INTO `pus_klasifikasi` VALUES ('85', '248.83', 'COLLEGE STD.', 'Class here guides to Christian life for specific age');
INSERT INTO `pus_klasifikasi` VALUES ('86', '371.27', 'CLASSROOM&SCHOO EXAM', '');
INSERT INTO `pus_klasifikasi` VALUES ('87', '808', 'RETHORIC', 'Including literary plagiarism');
INSERT INTO `pus_klasifikasi` VALUES ('89', '510.07', 'MATHEMATIC: study&teaching', '');
INSERT INTO `pus_klasifikasi` VALUES ('90', '414', 'PHONOLOGY&PHONETICS', '');
INSERT INTO `pus_klasifikasi` VALUES ('91', '155.25', 'DEVELOPMENT OF CHARACTER&PERSONALITY', 'Including maturity, self-control');
INSERT INTO `pus_klasifikasi` VALUES ('92', '371.3', 'METHODS OF STUDY', 'Class here classroom techniques, creative activities');
INSERT INTO `pus_klasifikasi` VALUES ('93', '371.4', 'STD GUIDANCE & COUNSELING', 'Class here std personnel services');
INSERT INTO `pus_klasifikasi` VALUES ('94', '428.24', 'STANDARD ENGLISH USAGE', 'Class here English as second language');
INSERT INTO `pus_klasifikasi` VALUES ('95', '611.8', 'NERVOUS SYSTEM, SENSE ORGAN', 'Class here neuroanatomy');
INSERT INTO `pus_klasifikasi` VALUES ('96', '641', 'FOOD & DRINK', '');
INSERT INTO `pus_klasifikasi` VALUES ('97', '372.6', 'COMMUNICATION SKILLS', 'Including lipreading, sign languages');
INSERT INTO `pus_klasifikasi` VALUES ('98', '332', 'FINANCIAL ECONOMICS', '');
INSERT INTO `pus_klasifikasi` VALUES ('99', '650', 'MANAGEMENT, BUSINESS', '');
INSERT INTO `pus_klasifikasi` VALUES ('100', '268.5', 'RECORDS&RULES', 'Including attendance, decoration, prizes, promotion');
INSERT INTO `pus_klasifikasi` VALUES ('101', '220', 'BIBLE', '');
INSERT INTO `pus_klasifikasi` VALUES ('102', '746.44', 'EMBROIDERY', 'Including couching, cutwork, drawn work, smocking');
INSERT INTO `pus_klasifikasi` VALUES ('103', '646.2', 'SEWING', '');
INSERT INTO `pus_klasifikasi` VALUES ('104', '420.18', 'SCHOOL & THEORIES OF LINGUISTICS', 'Including structural linguistics');
INSERT INTO `pus_klasifikasi` VALUES ('105', '070', 'NEWS MEDIA, JOURNALISM, PUBLISHING', '');
INSERT INTO `pus_klasifikasi` VALUES ('106', '372.87', 'MUSIC: elementary educ.', '');
INSERT INTO `pus_klasifikasi` VALUES ('107', '503', 'DICT. ENCYCLOPEDIA: SCIENCE', '');
INSERT INTO `pus_klasifikasi` VALUES ('108', '510.03', 'DICT, ENCYCLOPEDIA: MATH', '');
INSERT INTO `pus_klasifikasi` VALUES ('109', '745.4', 'DESIGN & DECORATION', 'Class here design source book');
INSERT INTO `pus_klasifikasi` VALUES ('110', '912', 'ATLASES, MAPS, CHARTS', '');
INSERT INTO `pus_klasifikasi` VALUES ('111', '808.5', 'SPEECH', 'Class here voice, expression, gesture');
INSERT INTO `pus_klasifikasi` VALUES ('112', '641.865', 'PASTRIES', '');
INSERT INTO `pus_klasifikasi` VALUES ('113', '370.152', 'CONSCIOUS MENTAL PROCESSESINTELLIGENCE', 'Class here cognition, critical thinking');
INSERT INTO `pus_klasifikasi` VALUES ('114', '658.155', 'RISK MANAGEMENT', 'Class here mgmt of profit & loss');
INSERT INTO `pus_klasifikasi` VALUES ('115', '301.07', 'SOCIOLOGY: study&teaching', '');
INSERT INTO `pus_klasifikasi` VALUES ('116', '155.4', 'CHILD PSYCHOLOGY', '');
INSERT INTO `pus_klasifikasi` VALUES ('117', '808.882', 'ANECDOTS, JOKES, QUOTATIONS', '');
INSERT INTO `pus_klasifikasi` VALUES ('118', '929.4', 'PERSONAL NAMES, BIOGRAPHY', '');
INSERT INTO `pus_klasifikasi` VALUES ('119', '158.4', 'LEADERSHIP', '');
INSERT INTO `pus_klasifikasi` VALUES ('120', '158.2', 'INTERPERSONAL RELATIONS', 'Class here  dominance, intimacy, loneliness');
INSERT INTO `pus_klasifikasi` VALUES ('121', '158.1', 'PERSONAL IMPROVEMENT&ANALYSIS', 'Class here work to make one a better person');
INSERT INTO `pus_klasifikasi` VALUES ('122', '179.1', 'RESPECT FOR LIFE & NATURE', 'Class here environmental & ecological ethics');
INSERT INTO `pus_klasifikasi` VALUES ('123', '155.2', 'INDIVIDUAL PSYCHOLOGY', 'Class here the self, character, identity, personality');
INSERT INTO `pus_klasifikasi` VALUES ('124', '620', 'ENGINEERING', 'Class here manufacturing of products of various branches of engineering');
INSERT INTO `pus_klasifikasi` VALUES ('125', '641.5', 'COOKING', '');
INSERT INTO `pus_klasifikasi` VALUES ('126', '371.8', 'STUDENTS', 'Incl. class reunion, extracurricular, std life');
INSERT INTO `pus_klasifikasi` VALUES ('127', '152.4', 'EMOTIONS', 'Incl. embarrassment, sadness; class here affects, attitudes, feeling, moods');
INSERT INTO `pus_klasifikasi` VALUES ('128', '153.42', 'THOUGHT&THINKING', '');
INSERT INTO `pus_klasifikasi` VALUES ('129', '726.1', 'TEMPLES & SHRINES', '');
INSERT INTO `pus_klasifikasi` VALUES ('130', '155.5', 'PSYCHOLOGY OF YOUNG PEOPLE 12-20', '');
INSERT INTO `pus_klasifikasi` VALUES ('131', '821', 'PUISI INDONESIA', '');
INSERT INTO `pus_klasifikasi` VALUES ('132', '741', 'DRAWING', '');
INSERT INTO `pus_klasifikasi` VALUES ('133', '649.12', 'CHILD REARING: specific age groups', '');
INSERT INTO `pus_klasifikasi` VALUES ('134', '179.9', 'VIRTUES', 'Incl. cheerfulness, gentleness, gratitude, honesty, humility, patience, prudence, self-control, toleration');
INSERT INTO `pus_klasifikasi` VALUES ('135', '177.7', 'LOVE', 'Incl.caring, charity, kindness');
INSERT INTO `pus_klasifikasi` VALUES ('136', '649.5', 'CHILDREN\'S ACTIVITIES & RECREATION', '');
INSERT INTO `pus_klasifikasi` VALUES ('137', '220.9', 'BIBLE: geogr.,history, chronology', '');
INSERT INTO `pus_klasifikasi` VALUES ('138', '242', 'DEVOTIONAL LITERATURE', 'Class here texts of meditations, contemplations, prayers for indiv.');
INSERT INTO `pus_klasifikasi` VALUES ('139', '263.93', 'EASTER SEASON', 'Including Ascension day');
INSERT INTO `pus_klasifikasi` VALUES ('140', '823.13', 'BILINGUAL FICTION: INDO-ENGLISH', '');
INSERT INTO `pus_klasifikasi` VALUES ('141', '590', 'ANIMALS', '');
INSERT INTO `pus_klasifikasi` VALUES ('142', '636.1', 'HORSES', '');
INSERT INTO `pus_klasifikasi` VALUES ('143', '611.78', 'HAIR & NAILS', 'Incl. hair follicles');
INSERT INTO `pus_klasifikasi` VALUES ('144', '595.7', 'INSECTS', 'Class here Uniramia, hexapoda, holometabola');
INSERT INTO `pus_klasifikasi` VALUES ('145', '634.9', 'FORESTRY', '');
INSERT INTO `pus_klasifikasi` VALUES ('146', '111', 'ONTOLOGY', '');
INSERT INTO `pus_klasifikasi` VALUES ('147', '641.3', 'FOOD', 'Class here interdiciplinary works on food');
INSERT INTO `pus_klasifikasi` VALUES ('148', '636.7', 'DOGS', '');
INSERT INTO `pus_klasifikasi` VALUES ('149', '641.35', 'SPECIFIC FOOD FROM GARDEN CROPS', 'Class here juice');
INSERT INTO `pus_klasifikasi` VALUES ('150', '895.1', 'FICTION LITERATURE (FULL CHINESE)', '');
INSERT INTO `pus_klasifikasi` VALUES ('151', '388', 'TRANSPORTATION', 'Class here comprehensive works on communications & transportations');
INSERT INTO `pus_klasifikasi` VALUES ('152', '780', 'MUSIC', '');
INSERT INTO `pus_klasifikasi` VALUES ('153', '394.2', 'SPECIAL OCCASION', 'Incl. annyversaries, birthdays, celebrations\nClass here Valentine\'s day');
INSERT INTO `pus_klasifikasi` VALUES ('154', '811', 'ENGLISH POETRY', '');
INSERT INTO `pus_klasifikasi` VALUES ('155', '551.5', 'METEOROLOGY', '');
INSERT INTO `pus_klasifikasi` VALUES ('156', '598.97', 'OWLS', 'Incl. barn & grass owls; class here strigidae');
INSERT INTO `pus_klasifikasi` VALUES ('157', '355.14', 'UNIFORMS', 'Incl. accessories; class here etiquette of uniforms');
INSERT INTO `pus_klasifikasi` VALUES ('158', '641.34', 'FOODS fr. ORCHARDS, FRUITS, FORESTRY', 'Class here comprehensive works on tree crops');
INSERT INTO `pus_klasifikasi` VALUES ('159', '567.9', 'DINOSAURS', '');
INSERT INTO `pus_klasifikasi` VALUES ('160', '599.8', 'PRIMATES', 'Class here monkeys');
INSERT INTO `pus_klasifikasi` VALUES ('161', '305.2', 'SOCIAL GROUO: AGE', '');
INSERT INTO `pus_klasifikasi` VALUES ('162', '534', 'SOUND & RELATED VIBRATIONS', '');
INSERT INTO `pus_klasifikasi` VALUES ('163', '752', 'COLOR', '');
INSERT INTO `pus_klasifikasi` VALUES ('164', '795', 'GAMES OF CHANCE', 'Class here gambling');
INSERT INTO `pus_klasifikasi` VALUES ('165', '593', 'MARINE & SEAHORSE INVERTEBRATES', '');
INSERT INTO `pus_klasifikasi` VALUES ('166', '428.4', 'STANDARD ENGLISH USAGE: SPECIAL TOPICS', 'Class here basic English');
INSERT INTO `pus_klasifikasi` VALUES ('167', '232', 'JESUS CHRIST', '');
INSERT INTO `pus_klasifikasi` VALUES ('168', '224', 'OLD TESTAMENT: PROPHETIC BOOKS', 'Class here major prophets');
INSERT INTO `pus_klasifikasi` VALUES ('169', '222', 'OLD TESTAMENT: HISTORICAL BOOKS', '');
INSERT INTO `pus_klasifikasi` VALUES ('170', '372.4', 'HOME SCHOOL: READING', '');
INSERT INTO `pus_klasifikasi` VALUES ('171', '418.4', 'READING', '');
INSERT INTO `pus_klasifikasi` VALUES ('172', '150', 'PSYCHOLOGY', '');
INSERT INTO `pus_klasifikasi` VALUES ('173', '749.09', 'FURNITURE&ACCESSORIS:historical', '');
INSERT INTO `pus_klasifikasi` VALUES ('174', '005.3', 'PROGRAMS:SOFTWARE', 'Class here application programs, software packages, system programs');
INSERT INTO `pus_klasifikasi` VALUES ('175', '741.595', 'CARTOONS, COMICS by specific countries', 'Class here China');
INSERT INTO `pus_klasifikasi` VALUES ('176', '551.55', 'STORMS', '');
INSERT INTO `pus_klasifikasi` VALUES ('177', '551.4', 'ATMOSPHERIC PRESSURE', '');
INSERT INTO `pus_klasifikasi` VALUES ('178', '591.5', 'ANIMAL BEHAVIOUR', '');
INSERT INTO `pus_klasifikasi` VALUES ('179', '813.23', 'BILINGUAL FICTION:ENGLISH-INDO', '');
INSERT INTO `pus_klasifikasi` VALUES ('180', '362.1', 'MEDICAL CARE&TREATMENT', 'Class here medical missions, public health');
INSERT INTO `pus_klasifikasi` VALUES ('181', '411', 'WRITING SYSTEMS', 'Incl. alphabets, acronyms, punctuation, spelling');
INSERT INTO `pus_klasifikasi` VALUES ('182', '516', 'GEOMETRY', '');
INSERT INTO `pus_klasifikasi` VALUES ('183', '513.245', 'PERCENTAGE', '');
INSERT INTO `pus_klasifikasi` VALUES ('184', '512.924', 'APPROXIMATION, RATIO, PROPORTION', '');
INSERT INTO `pus_klasifikasi` VALUES ('185', '515.83', 'FRACTIONAL CALCULUS', 'Class here functions of one real variables');
INSERT INTO `pus_klasifikasi` VALUES ('186', '513.55', 'DECIMAL SYSTEM', 'Class here numeration system');
INSERT INTO `pus_klasifikasi` VALUES ('187', '516.15', 'GEOMETRIC CONFIGURATION', 'Incl. mensuration, patterns, sizes, space');
INSERT INTO `pus_klasifikasi` VALUES ('188', '154.6', 'SLEEP PHENOMENA', '');
INSERT INTO `pus_klasifikasi` VALUES ('189', '224.92', 'JONAH/JONAS', '');
INSERT INTO `pus_klasifikasi` VALUES ('190', '224.5', 'DANIEL', 'Class here prophetic books of OT');
INSERT INTO `pus_klasifikasi` VALUES ('191', '223.1', 'JOB', 'Poetic books of OT');
INSERT INTO `pus_klasifikasi` VALUES ('192', '223.2', 'PSALMS', 'Poetic books of OT');
INSERT INTO `pus_klasifikasi` VALUES ('193', '598', 'BIRDS', '');

-- ----------------------------
-- Table structure for pus_lokasi
-- ----------------------------
DROP TABLE IF EXISTS `pus_lokasi`;
CREATE TABLE `pus_lokasi` (
  `replid` int(10) unsigned NOT NULL AUTO_INCREMENT,
  `kode` varchar(10) NOT NULL,
  `nama` varchar(100) NOT NULL,
  `alamat` varchar(250) NOT NULL,
  `keterangan` varchar(250) NOT NULL,
  `utama` enum('0','1') NOT NULL DEFAULT '0',
  PRIMARY KEY (`replid`)
) ENGINE=MyISAM AUTO_INCREMENT=6 DEFAULT CHARSET=latin1;

-- ----------------------------
-- Records of pus_lokasi
-- ----------------------------
INSERT INTO `pus_lokasi` VALUES ('3', '001', 'Library Suko', '', '', '0');
INSERT INTO `pus_lokasi` VALUES ('4', '002', 'Library Kertajaya', '', '', '0');
INSERT INTO `pus_lokasi` VALUES ('5', '003', 'Library Rungkut', '', '', '0');

-- ----------------------------
-- Table structure for pus_member
-- ----------------------------
DROP TABLE IF EXISTS `pus_member`;
CREATE TABLE `pus_member` (
  `replid` int(10) unsigned NOT NULL AUTO_INCREMENT,
  `nid` varchar(20) NOT NULL,
  `nama` varchar(100) NOT NULL,
  `kontak` varchar(100) NOT NULL,
  `alamat` varchar(200) NOT NULL,
  PRIMARY KEY (`replid`)
) ENGINE=MyISAM AUTO_INCREMENT=3 DEFAULT CHARSET=latin1;

-- ----------------------------
-- Records of pus_member
-- ----------------------------
INSERT INTO `pus_member` VALUES ('1', '00001', 'Joko Santoso', '08123456789', 'Jalan Majalengka 42');
INSERT INTO `pus_member` VALUES ('2', '00002', 'Rudi Hartono', '08123456781', 'Jalan Wijaya 11');

-- ----------------------------
-- Table structure for pus_peminjaman
-- ----------------------------
DROP TABLE IF EXISTS `pus_peminjaman`;
CREATE TABLE `pus_peminjaman` (
  `replid` int(10) unsigned NOT NULL AUTO_INCREMENT,
  `member` int(10) unsigned NOT NULL,
  `buku` int(10) unsigned NOT NULL,
  `tanggal1` date NOT NULL DEFAULT '0000-00-00',
  `tanggal2` date NOT NULL DEFAULT '0000-00-00',
  `tanggal3` date NOT NULL DEFAULT '0000-00-00',
  `mtipe` tinyint(4) NOT NULL DEFAULT '0',
  `status` tinyint(4) NOT NULL DEFAULT '1',
  `telat` int(11) NOT NULL DEFAULT '0',
  `keterangan` varchar(200) NOT NULL,
  PRIMARY KEY (`replid`)
) ENGINE=MyISAM AUTO_INCREMENT=23 DEFAULT CHARSET=latin1;

-- ----------------------------
-- Records of pus_peminjaman
-- ----------------------------
INSERT INTO `pus_peminjaman` VALUES ('1', '2', '6', '2014-01-07', '2014-01-14', '2014-01-07', '3', '0', '0', '');
INSERT INTO `pus_peminjaman` VALUES ('2', '2', '7', '2014-01-07', '2014-01-14', '2014-01-07', '3', '0', '0', '');
INSERT INTO `pus_peminjaman` VALUES ('3', '2', '8', '2014-01-07', '2014-01-14', '0000-00-00', '3', '1', '0', '');
INSERT INTO `pus_peminjaman` VALUES ('4', '1', '4', '2014-01-07', '2014-01-10', '2014-01-07', '1', '0', '0', '');
INSERT INTO `pus_peminjaman` VALUES ('5', '1', '3', '2014-01-07', '2014-01-10', '2014-01-07', '1', '0', '0', '');
INSERT INTO `pus_peminjaman` VALUES ('6', '1', '2', '2014-01-07', '2014-01-10', '2014-01-07', '1', '0', '0', '');
INSERT INTO `pus_peminjaman` VALUES ('7', '2', '14', '2014-01-07', '2014-01-14', '2014-01-12', '2', '0', '0', '');
INSERT INTO `pus_peminjaman` VALUES ('8', '2', '13', '2014-01-07', '2014-01-14', '2014-01-07', '2', '0', '0', '');
INSERT INTO `pus_peminjaman` VALUES ('9', '2', '12', '2014-01-07', '2014-01-14', '2014-01-07', '2', '0', '0', '');
INSERT INTO `pus_peminjaman` VALUES ('10', '1', '4', '2014-01-07', '2014-01-14', '2014-01-07', '3', '0', '0', '');
INSERT INTO `pus_peminjaman` VALUES ('11', '1', '1', '2014-01-07', '2014-01-14', '2014-01-07', '3', '0', '0', '');
INSERT INTO `pus_peminjaman` VALUES ('12', '1', '7', '2014-01-07', '2014-01-14', '0000-00-00', '2', '1', '0', '');
INSERT INTO `pus_peminjaman` VALUES ('13', '1', '6', '2014-01-07', '2014-01-14', '0000-00-00', '2', '1', '0', '');
INSERT INTO `pus_peminjaman` VALUES ('14', '1', '5', '2014-01-07', '2014-01-14', '2014-01-07', '2', '0', '0', '');
INSERT INTO `pus_peminjaman` VALUES ('15', '1', '9', '2014-01-07', '2014-01-14', '0000-00-00', '2', '1', '0', '');
INSERT INTO `pus_peminjaman` VALUES ('16', '1', '10', '2014-01-07', '2014-01-14', '0000-00-00', '2', '1', '0', '');
INSERT INTO `pus_peminjaman` VALUES ('17', '1', '11', '2014-01-07', '2014-01-14', '0000-00-00', '2', '1', '0', '');
INSERT INTO `pus_peminjaman` VALUES ('18', '2', '2', '2014-01-01', '2014-01-04', '2014-01-07', '1', '0', '3', '');
INSERT INTO `pus_peminjaman` VALUES ('19', '2', '1', '2014-01-01', '2014-01-04', '2014-01-07', '1', '0', '3', '');
INSERT INTO `pus_peminjaman` VALUES ('20', '2', '1', '2014-01-07', '2014-01-14', '0000-00-00', '3', '1', '0', '');
INSERT INTO `pus_peminjaman` VALUES ('21', '4', '36', '2014-09-01', '2014-09-05', '2015-02-10', '1', '0', '158', '');
INSERT INTO `pus_peminjaman` VALUES ('22', '164', '72', '2015-02-10', '2015-02-17', '2015-02-10', '1', '0', '0', '');

-- ----------------------------
-- Table structure for pus_penerbit
-- ----------------------------
DROP TABLE IF EXISTS `pus_penerbit`;
CREATE TABLE `pus_penerbit` (
  `replid` int(10) unsigned NOT NULL AUTO_INCREMENT,
  `nama` varchar(100) NOT NULL,
  `keterangan` varchar(100) NOT NULL,
  PRIMARY KEY (`replid`)
) ENGINE=MyISAM AUTO_INCREMENT=86 DEFAULT CHARSET=latin1;

-- ----------------------------
-- Records of pus_penerbit
-- ----------------------------
INSERT INTO `pus_penerbit` VALUES ('1', 'Grolier International', '');
INSERT INTO `pus_penerbit` VALUES ('2', 'Peter Haddock Publ.', '');
INSERT INTO `pus_penerbit` VALUES ('3', 'Time Life', '');
INSERT INTO `pus_penerbit` VALUES ('4', 'Gramedia Pustaka Utama', '');
INSERT INTO `pus_penerbit` VALUES ('5', 'Wordsworth Classics', '');
INSERT INTO `pus_penerbit` VALUES ('6', 'Elex Media Komputindo', '');
INSERT INTO `pus_penerbit` VALUES ('7', 'Kanisius', '');
INSERT INTO `pus_penerbit` VALUES ('8', 'Erlangga', '');
INSERT INTO `pus_penerbit` VALUES ('9', 'Scholastic', '');
INSERT INTO `pus_penerbit` VALUES ('10', 'Harcourt', '');
INSERT INTO `pus_penerbit` VALUES ('11', 'Award Publ.', '');
INSERT INTO `pus_penerbit` VALUES ('12', 'Paradise Press, Inc.', '');
INSERT INTO `pus_penerbit` VALUES ('14', 'Grasindo', '');
INSERT INTO `pus_penerbit` VALUES ('15', 'Amber Books', '');
INSERT INTO `pus_penerbit` VALUES ('16', 'Little, Brown & Co.', '');
INSERT INTO `pus_penerbit` VALUES ('17', 'Gunung Mulia', '');
INSERT INTO `pus_penerbit` VALUES ('18', 'Harrison House', '');
INSERT INTO `pus_penerbit` VALUES ('19', 'Bukune', '');
INSERT INTO `pus_penerbit` VALUES ('20', 'Ladybird Books', '');
INSERT INTO `pus_penerbit` VALUES ('21', 'Little Tiger Press', '');
INSERT INTO `pus_penerbit` VALUES ('22', 'Walker Books', '');
INSERT INTO `pus_penerbit` VALUES ('23', 'Pelangi', '');
INSERT INTO `pus_penerbit` VALUES ('24', 'Tessloff Sterling', '');
INSERT INTO `pus_penerbit` VALUES ('25', 'Raintree', '');
INSERT INTO `pus_penerbit` VALUES ('26', 'Red Kite Books', '');
INSERT INTO `pus_penerbit` VALUES ('27', 'Random House', '');
INSERT INTO `pus_penerbit` VALUES ('28', 'Cambridge University', '');
INSERT INTO `pus_penerbit` VALUES ('29', 'Child\'s play', '');
INSERT INTO `pus_penerbit` VALUES ('30', 'Award publications limited', '');
INSERT INTO `pus_penerbit` VALUES ('31', 'Picture me book', '');
INSERT INTO `pus_penerbit` VALUES ('32', 'North parade publishing', '');
INSERT INTO `pus_penerbit` VALUES ('33', 'Tommy Nelson', '');
INSERT INTO `pus_penerbit` VALUES ('34', 'Puffin Books', '');
INSERT INTO `pus_penerbit` VALUES ('35', 'Zonder Kidz', '');
INSERT INTO `pus_penerbit` VALUES ('36', 'Chancellor Press', '');
INSERT INTO `pus_penerbit` VALUES ('38', 'Murdoch Books', '');
INSERT INTO `pus_penerbit` VALUES ('39', 'Gaya Favorit Press', '');
INSERT INTO `pus_penerbit` VALUES ('40', 'Bug\'s Eye View Books', '');
INSERT INTO `pus_penerbit` VALUES ('41', 'Bendon', '');
INSERT INTO `pus_penerbit` VALUES ('42', 'Golden Press', '');
INSERT INTO `pus_penerbit` VALUES ('43', 'WJ Fantasy', '');
INSERT INTO `pus_penerbit` VALUES ('44', 'Wortel Book', '');
INSERT INTO `pus_penerbit` VALUES ('45', 'Bumblebee Books', '');
INSERT INTO `pus_penerbit` VALUES ('47', 'Erlangga for Kids', '');
INSERT INTO `pus_penerbit` VALUES ('48', 'Libri', '');
INSERT INTO `pus_penerbit` VALUES ('49', 'Cocky\'s Circle Little Book', '');
INSERT INTO `pus_penerbit` VALUES ('50', 'Topthat', '');
INSERT INTO `pus_penerbit` VALUES ('51', 'Hinkler', '');
INSERT INTO `pus_penerbit` VALUES ('52', 'Little Cherry', '');
INSERT INTO `pus_penerbit` VALUES ('53', 'Early childhood', '');
INSERT INTO `pus_penerbit` VALUES ('54', 'Dioma', '');
INSERT INTO `pus_penerbit` VALUES ('55', 'Little Simon', '');
INSERT INTO `pus_penerbit` VALUES ('56', 'Little Serambi', '');
INSERT INTO `pus_penerbit` VALUES ('57', 'Interaksara', '');
INSERT INTO `pus_penerbit` VALUES ('58', 'My first reader', '');
INSERT INTO `pus_penerbit` VALUES ('59', 'SNP Publishing', '');
INSERT INTO `pus_penerbit` VALUES ('60', 'Lumina', '');
INSERT INTO `pus_penerbit` VALUES ('61', 'Immanuel kids', '');
INSERT INTO `pus_penerbit` VALUES ('62', 'Pan Pacific', '');
INSERT INTO `pus_penerbit` VALUES ('63', 'Brindal Books', '');
INSERT INTO `pus_penerbit` VALUES ('64', 'Fisher Price', '');
INSERT INTO `pus_penerbit` VALUES ('65', 'Meta Kids', '');
INSERT INTO `pus_penerbit` VALUES ('66', 'Golden Book', '');
INSERT INTO `pus_penerbit` VALUES ('67', 'Grolier Enterprises Inc.', '');
INSERT INTO `pus_penerbit` VALUES ('68', 'Little Shared Book', '');
INSERT INTO `pus_penerbit` VALUES ('69', 'Phidal Publishing Inc.', '');
INSERT INTO `pus_penerbit` VALUES ('70', 'Treehouse Children\'s Books Ltd', '');
INSERT INTO `pus_penerbit` VALUES ('71', 'Playmore Inc and Waldman Publishing Corp', '');
INSERT INTO `pus_penerbit` VALUES ('72', 'Grosset & Dunlap', '');
INSERT INTO `pus_penerbit` VALUES ('73', 'Sterling Publishing Private Limited', '');
INSERT INTO `pus_penerbit` VALUES ('74', 'Grandream Limited', '');
INSERT INTO `pus_penerbit` VALUES ('75', 'Broadman&Holman Publishers', '');
INSERT INTO `pus_penerbit` VALUES ('76', 'Zikrul Hakim', '');
INSERT INTO `pus_penerbit` VALUES ('77', 'Macmillan Children Book\'s', '');
INSERT INTO `pus_penerbit` VALUES ('78', 'The Book Company Publishing', '');
INSERT INTO `pus_penerbit` VALUES ('79', 'Barefoot Books', '');
INSERT INTO `pus_penerbit` VALUES ('80', 'Kohwai & Young', '');
INSERT INTO `pus_penerbit` VALUES ('81', 'The five mile press', '');
INSERT INTO `pus_penerbit` VALUES ('82', 'Read With Me', '');
INSERT INTO `pus_penerbit` VALUES ('83', 'Tira Pustaka', '');
INSERT INTO `pus_penerbit` VALUES ('84', 'Discovery Toys', '');
INSERT INTO `pus_penerbit` VALUES ('85', 'HarperCollins Children Books', '');

-- ----------------------------
-- Table structure for pus_pengarang
-- ----------------------------
DROP TABLE IF EXISTS `pus_pengarang`;
CREATE TABLE `pus_pengarang` (
  `replid` int(10) unsigned NOT NULL AUTO_INCREMENT,
  `nama` varchar(100) NOT NULL,
  `nama2` varchar(100) NOT NULL,
  `keterangan` varchar(100) NOT NULL,
  PRIMARY KEY (`replid`)
) ENGINE=MyISAM AUTO_INCREMENT=265 DEFAULT CHARSET=latin1;

-- ----------------------------
-- Records of pus_pengarang
-- ----------------------------
INSERT INTO `pus_pengarang` VALUES ('1', 'Richard Walker', 'Walker, Richard', '');
INSERT INTO `pus_pengarang` VALUES ('2', 'JINNY, Johnson', 'Johnson, JINNY,', '');
INSERT INTO `pus_pengarang` VALUES ('3', 'FRANCESCA, Baines', 'Baines, FRANCESCA,', '');
INSERT INTO `pus_pengarang` VALUES ('4', 'NICK, Gibbs', 'Gibbs, NICK,', '');
INSERT INTO `pus_pengarang` VALUES ('5', 'Meme Ltd', 'Ltd, Meme', '');
INSERT INTO `pus_pengarang` VALUES ('6', 'Pauline Bush', 'Bush, Pauline', '');
INSERT INTO `pus_pengarang` VALUES ('7', 'WINSTON S. Preist', 'Preist, WINSTON S.', '');
INSERT INTO `pus_pengarang` VALUES ('8', 'KINASIH, Esti', 'Esti, KINASIH,', '');
INSERT INTO `pus_pengarang` VALUES ('9', 'TAN, Ilana', 'Ilana, TAN,', '');
INSERT INTO `pus_pengarang` VALUES ('10', 'VIRGIANTI, Netty', 'Netty, VIRGIANTI,', '');
INSERT INTO `pus_pengarang` VALUES ('11', 'GRISHAM, John', 'John, GRISHAM,', '');
INSERT INTO `pus_pengarang` VALUES ('12', 'DOSTOEVSKY, Eyodor', 'Eyodor, DOSTOEVSKY,', '');
INSERT INTO `pus_pengarang` VALUES ('13', 'BARRACLOUGH, Susan', 'Susan, BARRACLOUGH,', '');
INSERT INTO `pus_pengarang` VALUES ('14', 'RACHMADI, Benny', 'Benny, RACHMADI,', '');
INSERT INTO `pus_pengarang` VALUES ('15', 'DHIRGANTORO, Donny', 'Donny, DHIRGANTORO,', '');
INSERT INTO `pus_pengarang` VALUES ('16', 'SUPANGKAT, Eddy', 'Eddy, SUPANGKAT,', '');
INSERT INTO `pus_pengarang` VALUES ('17', 'STEVENSON, Robert Louis', 'Louis, STEVENSON, Robert', '');
INSERT INTO `pus_pengarang` VALUES ('19', 'KELLOGG, Steven', 'Steven, KELLOGG,', '');
INSERT INTO `pus_pengarang` VALUES ('20', 'ADA, Alma Flor', 'Flor, ADA, Alma', '');
INSERT INTO `pus_pengarang` VALUES ('21', 'APPELBAUM, Jason Max', 'Max, APPELBAUM, Jason', '');
INSERT INTO `pus_pengarang` VALUES ('22', 'ARNOLD, Tedd', 'Tedd, ARNOLD,', '');
INSERT INTO `pus_pengarang` VALUES ('23', 'ANDREWS, Jackie', 'Jackie, ANDREWS,', '');
INSERT INTO `pus_pengarang` VALUES ('24', 'CHAFFEY, Samantha', 'Samantha, CHAFFEY,', '');
INSERT INTO `pus_pengarang` VALUES ('26', 'COLEMAN, Evelyn', 'Evelyn, COLEMAN,', '');
INSERT INTO `pus_pengarang` VALUES ('27', 'CASE, Margaret', 'Margaret, CASE,', '');
INSERT INTO `pus_pengarang` VALUES ('28', 'CHRISTOPHER, Matt', 'Matt, CHRISTOPHER,', '');
INSERT INTO `pus_pengarang` VALUES ('29', 'COLE, Steve', 'Steve, COLE,', '');
INSERT INTO `pus_pengarang` VALUES ('30', 'ALISON, Thomson', 'Thomson, ALISON,', '');
INSERT INTO `pus_pengarang` VALUES ('31', 'AGISTA, Paulina Candra', 'Candra, AGISTA, Paulina', '');
INSERT INTO `pus_pengarang` VALUES ('34', 'ARLEEN A', 'A, ARLEEN', '');
INSERT INTO `pus_pengarang` VALUES ('35', 'RIKKERS, Doris', 'Doris, RIKKERS,', '');
INSERT INTO `pus_pengarang` VALUES ('36', 'JANOS, Susan', 'Susan, JANOS,', '');
INSERT INTO `pus_pengarang` VALUES ('37', 'DIKA, Raditya', 'Raditya, DIKA,', '');
INSERT INTO `pus_pengarang` VALUES ('38', 'ROWE, Gavin', 'Gavin, ROWE,', '');
INSERT INTO `pus_pengarang` VALUES ('39', 'KLEINHENZ, Sydnei Meltzer', 'Meltzer, KLEINHENZ, Sydnei', '');
INSERT INTO `pus_pengarang` VALUES ('40', 'FREEDMAN, Claire', 'Claire, FREEDMAN,', '');
INSERT INTO `pus_pengarang` VALUES ('41', 'WADDELL, Martin', 'Martin, WADDELL,', '');
INSERT INTO `pus_pengarang` VALUES ('42', 'MAZALI, Gustavo', 'Gustavo, MAZALI,', '');
INSERT INTO `pus_pengarang` VALUES ('43', 'ALTHAUS, Lisa', 'Lisa, ALTHAUS,', '');
INSERT INTO `pus_pengarang` VALUES ('44', 'POWELL, Martin', 'Martin, POWELL,', '');
INSERT INTO `pus_pengarang` VALUES ('45', 'YOMTOV, Nel', 'Nel, YOMTOV,', '');
INSERT INTO `pus_pengarang` VALUES ('46', 'CHIANG, June', 'June, CHIANG,', '');
INSERT INTO `pus_pengarang` VALUES ('47', 'WOODWARD, John', 'John, WOODWARD,', '');
INSERT INTO `pus_pengarang` VALUES ('48', 'SCOTT, Peter', 'Peter, SCOTT,', '');
INSERT INTO `pus_pengarang` VALUES ('49', 'TATCHELL, Judy', 'Judy, TATCHELL,', '');
INSERT INTO `pus_pengarang` VALUES ('50', 'ELISA, Dwi', 'Dwi, ELISA,', '');
INSERT INTO `pus_pengarang` VALUES ('51', 'BLACKABY, SUsan', 'SUsan, BLACKABY,', '');
INSERT INTO `pus_pengarang` VALUES ('53', 'BEST, Cari', 'Cari, BEST,', '');
INSERT INTO `pus_pengarang` VALUES ('54', 'BROWN, Ken', 'Ken, BROWN,', '');
INSERT INTO `pus_pengarang` VALUES ('55', 'BECK, Ian', 'Ian, BECK,', '');
INSERT INTO `pus_pengarang` VALUES ('56', 'BORDEN, Louise', 'Louise, BORDEN,', '');
INSERT INTO `pus_pengarang` VALUES ('57', 'BUTLER, M Christine', 'Christine, BUTLER, M', '');
INSERT INTO `pus_pengarang` VALUES ('58', 'HOBBIE, Holly', 'Holly, HOBBIE,', '');
INSERT INTO `pus_pengarang` VALUES ('59', 'BERTA', 'BERTA', '');
INSERT INTO `pus_pengarang` VALUES ('60', 'BERENSTAIN, Stan', 'Stan, BERENSTAIN,', '');
INSERT INTO `pus_pengarang` VALUES ('61', 'CAMERON, Ann', 'Ann, CAMERON,', '');
INSERT INTO `pus_pengarang` VALUES ('62', 'WEISS, Nicki', 'Nicki, WEISS,', '');
INSERT INTO `pus_pengarang` VALUES ('63', 'KHAN, Sarah', 'Sarah, KHAN,', '');
INSERT INTO `pus_pengarang` VALUES ('64', 'SHEPARD, Aaron', 'Aaron, SHEPARD,', '');
INSERT INTO `pus_pengarang` VALUES ('65', 'LONDON, Jonathan', 'Jonathan, LONDON,', '');
INSERT INTO `pus_pengarang` VALUES ('66', 'BRIGHT, Paul', 'Paul, BRIGHT,', '');
INSERT INTO `pus_pengarang` VALUES ('67', 'DISNEY', 'DISNEY', '');
INSERT INTO `pus_pengarang` VALUES ('68', 'SEUSS', 'SEUSS', '');
INSERT INTO `pus_pengarang` VALUES ('69', 'ADOLPHS, robin', 'robin, ADOLPHS,', '');
INSERT INTO `pus_pengarang` VALUES ('70', 'MACK, Tracy', 'Tracy, MACK,', '');
INSERT INTO `pus_pengarang` VALUES ('71', 'PATAPPA,rae', 'PATAPPA,rae', '');
INSERT INTO `pus_pengarang` VALUES ('72', 'STOCKHAM, Jess', 'Jess, STOCKHAM,', '');
INSERT INTO `pus_pengarang` VALUES ('73', 'AWARD', 'AWARD', '');
INSERT INTO `pus_pengarang` VALUES ('74', 'ANDREA, Debbie', 'Debbie, ANDREA,', '');
INSERT INTO `pus_pengarang` VALUES ('75', 'ALLISON, Catherine', 'Catherine, ALLISON,', '');
INSERT INTO `pus_pengarang` VALUES ('76', 'APPELBAUM, Ellen', 'Ellen, APPELBAUM,', '');
INSERT INTO `pus_pengarang` VALUES ('77', 'BROWN, Susie', 'Susie, BROWN,', '');
INSERT INTO `pus_pengarang` VALUES ('78', 'BLAXLAND, Wendy', 'Wendy, BLAXLAND,', '');
INSERT INTO `pus_pengarang` VALUES ('79', 'BUTLER, Tami', 'Tami, BUTLER,', '');
INSERT INTO `pus_pengarang` VALUES ('80', 'BITTNER, Anke', 'Anke, BITTNER,', '');
INSERT INTO `pus_pengarang` VALUES ('81', 'BROUWER, Sigmund', 'Sigmund, BROUWER,', '');
INSERT INTO `pus_pengarang` VALUES ('82', 'BUCK, Nola', 'Nola, BUCK,', '');
INSERT INTO `pus_pengarang` VALUES ('83', 'LEEUWEN, Jean Van', 'Van, LEEUWEN, Jean', '');
INSERT INTO `pus_pengarang` VALUES ('84', 'ADLER, David a', 'a, ADLER, David', '');
INSERT INTO `pus_pengarang` VALUES ('85', 'BLACK, Sonia w', 'w, BLACK, Sonia', '');
INSERT INTO `pus_pengarang` VALUES ('86', 'ACKROYD, Keith', 'Keith, ACKROYD,', '');
INSERT INTO `pus_pengarang` VALUES ('87', 'BAKER, Keith', 'Keith, BAKER,', '');
INSERT INTO `pus_pengarang` VALUES ('88', 'BATEMAN, Teresa', 'Teresa, BATEMAN,', '');
INSERT INTO `pus_pengarang` VALUES ('89', 'BOWMAN, Crystal', 'Crystal, BOWMAN,', '');
INSERT INTO `pus_pengarang` VALUES ('90', 'BUCHANAN, Sue', 'Sue, BUCHANAN,', '');
INSERT INTO `pus_pengarang` VALUES ('91', 'BOURGEOIS, Paulette', 'Paulette, BOURGEOIS,', '');
INSERT INTO `pus_pengarang` VALUES ('92', 'BYRNES, Trish', 'Trish, BYRNES,', '');
INSERT INTO `pus_pengarang` VALUES ('94', 'NORTH, Parade publishing', 'publishing, NORTH, Parade', '');
INSERT INTO `pus_pengarang` VALUES ('95', 'BAILEY, Martin', 'Martin, BAILEY,', '');
INSERT INTO `pus_pengarang` VALUES ('97', 'BROS, Thompson', 'Thompson, BROS,', '');
INSERT INTO `pus_pengarang` VALUES ('98', 'BROWN, Marc', 'Marc, BROWN,', '');
INSERT INTO `pus_pengarang` VALUES ('99', 'BENYAMIN ,A H', 'H, BENYAMIN ,A', '');
INSERT INTO `pus_pengarang` VALUES ('100', 'CRONIN, Doreen', 'Doreen, CRONIN,', '');
INSERT INTO `pus_pengarang` VALUES ('101', 'BLOOM, Becky', 'Becky, BLOOM,', '');
INSERT INTO `pus_pengarang` VALUES ('102', 'BENDON', 'BENDON', '');
INSERT INTO `pus_pengarang` VALUES ('104', 'BURR, Debora', 'Debora, BURR,', '');
INSERT INTO `pus_pengarang` VALUES ('105', 'CAPUCIILLI, Alyssa Satin', 'Satin, CAPUCIILLI, Alyssa', '');
INSERT INTO `pus_pengarang` VALUES ('106', 'CLARK, Emma Chichester', 'Chichester, CLARK, Emma', '');
INSERT INTO `pus_pengarang` VALUES ('107', 'CAMPOY, Isabel F', 'F, CAMPOY, Isabel', '');
INSERT INTO `pus_pengarang` VALUES ('108', 'BATES, Maria', 'Maria, BATES,', '');
INSERT INTO `pus_pengarang` VALUES ('109', 'FLEW, Alison', 'Alison, FLEW,', '');
INSERT INTO `pus_pengarang` VALUES ('110', 'CABRILLO, Rosa', 'Rosa, CABRILLO,', '');
INSERT INTO `pus_pengarang` VALUES ('111', 'CHASE, kate', 'kate, CHASE,', '');
INSERT INTO `pus_pengarang` VALUES ('112', 'CRUISE, Robin', 'Robin, CRUISE,', '');
INSERT INTO `pus_pengarang` VALUES ('113', 'CORBETT, Kathryn', 'Kathryn, CORBETT,', '');
INSERT INTO `pus_pengarang` VALUES ('114', 'CATHERINE, Dana', 'Dana, CATHERINE,', '');
INSERT INTO `pus_pengarang` VALUES ('115', 'CHIN, Voon Oi', 'Oi, CHIN, Voon', '');
INSERT INTO `pus_pengarang` VALUES ('116', 'ACKELSBERG, Amy', 'Amy, ACKELSBERG,', '');
INSERT INTO `pus_pengarang` VALUES ('117', 'MAKLIS, Debora Toety', 'Toety, MAKLIS, Debora', '');
INSERT INTO `pus_pengarang` VALUES ('118', 'COWLEY, Joy', 'Joy, COWLEY,', '');
INSERT INTO `pus_pengarang` VALUES ('119', 'ROOT, Betty', 'Betty, ROOT,', '');
INSERT INTO `pus_pengarang` VALUES ('120', 'STANLEY, Mandy', 'Mandy, STANLEY,', '');
INSERT INTO `pus_pengarang` VALUES ('121', 'LYES, Lucy', 'Lucy, LYES,', '');
INSERT INTO `pus_pengarang` VALUES ('122', 'HOBERMAN, Mary Ann', 'Ann, HOBERMAN, Mary', '');
INSERT INTO `pus_pengarang` VALUES ('123', 'YORKE, Jane', 'Jane, YORKE,', '');
INSERT INTO `pus_pengarang` VALUES ('124', 'DIAMOND, Rosalind', 'Rosalind, DIAMOND,', '');
INSERT INTO `pus_pengarang` VALUES ('125', 'CECIL, Laurem', 'Laurem, CECIL,', '');
INSERT INTO `pus_pengarang` VALUES ('126', 'FORSHAW, Louise', 'Louise, FORSHAW,', '');
INSERT INTO `pus_pengarang` VALUES ('127', 'DANIEL, Claire', 'Claire, DANIEL,', '');
INSERT INTO `pus_pengarang` VALUES ('128', 'DAVID, Roberto', 'Roberto, DAVID,', '');
INSERT INTO `pus_pengarang` VALUES ('129', 'EAR, Janice', 'Janice, EAR,', '');
INSERT INTO `pus_pengarang` VALUES ('130', 'EARLY, Childhood', 'Childhood, EARLY,', '');
INSERT INTO `pus_pengarang` VALUES ('131', 'HERVINA', 'HERVINA', '');
INSERT INTO `pus_pengarang` VALUES ('132', 'ELGAR, Rebecca', 'Rebecca, ELGAR,', '');
INSERT INTO `pus_pengarang` VALUES ('133', 'FLORES, Enrique', 'Enrique, FLORES,', '');
INSERT INTO `pus_pengarang` VALUES ('134', 'FREDERICK, Shirley', 'Shirley, FREDERICK,', '');
INSERT INTO `pus_pengarang` VALUES ('135', 'FLOYD, Lucy', 'Lucy, FLOYD,', '');
INSERT INTO `pus_pengarang` VALUES ('136', 'EMBERLEY, Barbara', 'Barbara, EMBERLEY,', '');
INSERT INTO `pus_pengarang` VALUES ('137', 'FLACK, Marjorie', 'Marjorie, FLACK,', '');
INSERT INTO `pus_pengarang` VALUES ('138', 'FRY, Sonali', 'Sonali, FRY,', '');
INSERT INTO `pus_pengarang` VALUES ('139', 'GINSBERG, Leonore', 'Leonore, GINSBERG,', '');
INSERT INTO `pus_pengarang` VALUES ('140', 'GARRIDO, Belen', 'Belen, GARRIDO,', '');
INSERT INTO `pus_pengarang` VALUES ('141', 'HENKES, Kevin', 'Kevin, HENKES,', '');
INSERT INTO `pus_pengarang` VALUES ('142', 'GOLDISH, Meish', 'Meish, GOLDISH,', '');
INSERT INTO `pus_pengarang` VALUES ('143', 'GALLO, Margaret', 'Margaret, GALLO,', '');
INSERT INTO `pus_pengarang` VALUES ('144', 'HAIRUNNISA, Anita', 'Anita, HAIRUNNISA,', '');
INSERT INTO `pus_pengarang` VALUES ('145', 'INTERAKSARA', 'INTERAKSARA', '');
INSERT INTO `pus_pengarang` VALUES ('146', 'HOWARD, Eric', 'Eric, HOWARD,', '');
INSERT INTO `pus_pengarang` VALUES ('147', 'HENDERSON, Sara', 'Sara, HENDERSON,', '');
INSERT INTO `pus_pengarang` VALUES ('148', 'INCHES, Alison', 'Alison, INCHES,', '');
INSERT INTO `pus_pengarang` VALUES ('149', 'HENSON\'S, Jim', 'Jim, HENSON\'S,', '');
INSERT INTO `pus_pengarang` VALUES ('150', 'KASZA, Keiko', 'Keiko, KASZA,', '');
INSERT INTO `pus_pengarang` VALUES ('151', 'JENSEN, Patricia', 'Patricia, JENSEN,', '');
INSERT INTO `pus_pengarang` VALUES ('152', 'KOELLING, Caryl', 'Caryl, KOELLING,', '');
INSERT INTO `pus_pengarang` VALUES ('153', 'KHAW, Yew Boon', 'Boon, KHAW, Yew', '');
INSERT INTO `pus_pengarang` VALUES ('154', 'JERAM, Anita', 'Anita, JERAM,', '');
INSERT INTO `pus_pengarang` VALUES ('155', 'LEMBONG, Mandaliem', 'Mandaliem, LEMBONG,', '');
INSERT INTO `pus_pengarang` VALUES ('156', 'LISTYAWATI, Anies', 'Anies, LISTYAWATI,', '');
INSERT INTO `pus_pengarang` VALUES ('158', 'LEPP, Royden', 'Royden, LEPP,', '');
INSERT INTO `pus_pengarang` VALUES ('159', 'LIM, Suchen Christine', 'Christine, LIM, Suchen', '');
INSERT INTO `pus_pengarang` VALUES ('160', 'LEVINE, Jesse', 'Jesse, LEVINE,', '');
INSERT INTO `pus_pengarang` VALUES ('161', 'LEWIS, Kathryn E', 'E, LEWIS, Kathryn', '');
INSERT INTO `pus_pengarang` VALUES ('162', 'ISHERWOOD, Shirley', 'Shirley, ISHERWOOD,', '');
INSERT INTO `pus_pengarang` VALUES ('163', 'MATHEIS, Mickie', 'Mickie, MATHEIS,', '');
INSERT INTO `pus_pengarang` VALUES ('164', 'MARZOLLO, Jean', 'Jean, MARZOLLO,', '');
INSERT INTO `pus_pengarang` VALUES ('165', 'MANN, Robyn', 'Robyn, MANN,', '');
INSERT INTO `pus_pengarang` VALUES ('166', 'MCFARLAND, Lyn Rossiter', 'Rossiter, MCFARLAND, Lyn', '');
INSERT INTO `pus_pengarang` VALUES ('167', 'MACKALL, Dandi Daley', 'Daley, MACKALL, Dandi', '');
INSERT INTO `pus_pengarang` VALUES ('168', 'MOUNSEY, Sarah', 'Sarah, MOUNSEY,', '');
INSERT INTO `pus_pengarang` VALUES ('169', 'MARCH, Louise', 'Louise, MARCH,', '');
INSERT INTO `pus_pengarang` VALUES ('170', 'MANNERS, Jane', 'Jane, MANNERS,', '');
INSERT INTO `pus_pengarang` VALUES ('171', 'MENDEZ, Mirabella', 'Mirabella, MENDEZ,', '');
INSERT INTO `pus_pengarang` VALUES ('172', 'MOERBEEK, Kees', 'Kees, MOERBEEK,', '');
INSERT INTO `pus_pengarang` VALUES ('173', 'MULIA, Atma', 'Atma, MULIA,', '');
INSERT INTO `pus_pengarang` VALUES ('174', 'MORRIS, Toni', 'Toni, MORRIS,', '');
INSERT INTO `pus_pengarang` VALUES ('175', 'MARTIN, Ann', 'Ann, MARTIN,', '');
INSERT INTO `pus_pengarang` VALUES ('176', 'MOWAT, Elaine', 'Elaine, MOWAT,', '');
INSERT INTO `pus_pengarang` VALUES ('177', 'OSTROW, Kim', 'Kim, OSTROW,', '');
INSERT INTO `pus_pengarang` VALUES ('178', 'NAYER, Judy', 'Judy, NAYER,', '');
INSERT INTO `pus_pengarang` VALUES ('179', 'OSBORNE, Muriel', 'Muriel, OSBORNE,', '');
INSERT INTO `pus_pengarang` VALUES ('180', 'ORLEANS, Ilo', 'Ilo, ORLEANS,', '');
INSERT INTO `pus_pengarang` VALUES ('181', 'ARCHER, Mandy', 'Mandy, ARCHER,', '');
INSERT INTO `pus_pengarang` VALUES ('182', 'PERLE, Ruth Lerner', 'Lerner, PERLE, Ruth', '');
INSERT INTO `pus_pengarang` VALUES ('183', 'STRATHIE, Chae', 'Chae, STRATHIE,', '');
INSERT INTO `pus_pengarang` VALUES ('184', 'MONTERO, Carlos', 'Carlos, MONTERO,', '');
INSERT INTO `pus_pengarang` VALUES ('185', 'MENSCHELL, Mindy', 'Mindy, MENSCHELL,', '');
INSERT INTO `pus_pengarang` VALUES ('186', 'MCPHAIL, David', 'David, MCPHAIL,', '');
INSERT INTO `pus_pengarang` VALUES ('187', 'MCCLOSKEY, Susan', 'Susan, MCCLOSKEY,', '');
INSERT INTO `pus_pengarang` VALUES ('188', 'GOLDEN PRESS', 'PRESS, GOLDEN', '');
INSERT INTO `pus_pengarang` VALUES ('189', 'MAGNUSON, Diana', 'Diana, MAGNUSON,', '');
INSERT INTO `pus_pengarang` VALUES ('190', 'PETER, Haddock', 'Haddock, PETER,', '');
INSERT INTO `pus_pengarang` VALUES ('191', 'SHAPIRO, Arnold', 'Arnold, SHAPIRO,', '');
INSERT INTO `pus_pengarang` VALUES ('192', 'PHIDAL, Publishing', 'Publishing, PHIDAL,', '');
INSERT INTO `pus_pengarang` VALUES ('193', 'PUTRI, Vera Jasini', 'Jasini, PUTRI, Vera', '');
INSERT INTO `pus_pengarang` VALUES ('194', 'PARENT, Nancy', 'Nancy, PARENT,', '');
INSERT INTO `pus_pengarang` VALUES ('195', 'POMERANTZ, Max', 'Max, POMERANTZ,', '');
INSERT INTO `pus_pengarang` VALUES ('196', 'PETERSON, Polly', 'Polly, PETERSON,', '');
INSERT INTO `pus_pengarang` VALUES ('197', 'PLANT, Andrew', 'Andrew, PLANT,', '');
INSERT INTO `pus_pengarang` VALUES ('198', 'PARADISE, Press', 'Press, PARADISE,', '');
INSERT INTO `pus_pengarang` VALUES ('199', 'POWELL, Richard', 'Richard, POWELL,', '');
INSERT INTO `pus_pengarang` VALUES ('200', 'PACKARD, Mary', 'Mary, PACKARD,', '');
INSERT INTO `pus_pengarang` VALUES ('201', 'PLAYMORE, Inc', 'Inc, PLAYMORE,', '');
INSERT INTO `pus_pengarang` VALUES ('202', 'Crossley, David', 'David, Crossley,', '');
INSERT INTO `pus_pengarang` VALUES ('203', 'REDBANK, Tennant', 'Tennant, REDBANK,', '');
INSERT INTO `pus_pengarang` VALUES ('204', 'ROSS, Linda B', 'B, ROSS, Linda', '');
INSERT INTO `pus_pengarang` VALUES ('205', 'RAMIREZ, Julian', 'Julian, RAMIREZ,', '');
INSERT INTO `pus_pengarang` VALUES ('206', 'RELF, Coco', 'Coco, RELF,', '');
INSERT INTO `pus_pengarang` VALUES ('207', 'RUSHBY, Pamela', 'Pamela, RUSHBY,', '');
INSERT INTO `pus_pengarang` VALUES ('208', 'RADFORD, Julie', 'Julie, RADFORD,', '');
INSERT INTO `pus_pengarang` VALUES ('209', 'RIVERS, Debbie', 'Debbie, RIVERS,', '');
INSERT INTO `pus_pengarang` VALUES ('210', 'REDMAN, Karin', 'Karin, REDMAN,', '');
INSERT INTO `pus_pengarang` VALUES ('211', 'ROSS, Tony', 'Tony, ROSS,', '');
INSERT INTO `pus_pengarang` VALUES ('212', 'RODECKER, Ron', 'Ron, RODECKER,', '');
INSERT INTO `pus_pengarang` VALUES ('213', 'ROBERT, Frederick', 'Frederick, ROBERT,', '');
INSERT INTO `pus_pengarang` VALUES ('214', 'ROGERS, Jacqueline', 'Jacqueline, ROGERS,', '');
INSERT INTO `pus_pengarang` VALUES ('215', 'RICHES, Sara', 'Sara, RICHES,', '');
INSERT INTO `pus_pengarang` VALUES ('216', 'RADFORD, Sheri', 'Sheri, RADFORD,', '');
INSERT INTO `pus_pengarang` VALUES ('217', 'SIYIAH, Ling', 'Ling, SIYIAH,', '');
INSERT INTO `pus_pengarang` VALUES ('218', 'STEPHENS, Helen', 'Helen, STEPHENS,', '');
INSERT INTO `pus_pengarang` VALUES ('219', 'STERLING', 'STERLING', '');
INSERT INTO `pus_pengarang` VALUES ('220', 'SYKES, Julia', 'Julia, SYKES,', '');
INSERT INTO `pus_pengarang` VALUES ('221', 'STUDIO, County', 'County, STUDIO,', '');
INSERT INTO `pus_pengarang` VALUES ('222', 'SEYMOUR, Peter', 'Peter, SEYMOUR,', '');
INSERT INTO `pus_pengarang` VALUES ('223', 'SIGMAN, Margie', 'Margie, SIGMAN,', '');
INSERT INTO `pus_pengarang` VALUES ('224', 'SEOW, Siew Koon', 'Koon, SEOW, Siew', '');
INSERT INTO `pus_pengarang` VALUES ('225', 'GRAAF, Anne De', 'De, GRAAF, Anne', '');
INSERT INTO `pus_pengarang` VALUES ('226', 'SCOTT, Janine', 'Janine, SCOTT,', '');
INSERT INTO `pus_pengarang` VALUES ('227', 'TREPICCHIO, Lynn', 'Lynn, TREPICCHIO,', '');
INSERT INTO `pus_pengarang` VALUES ('228', 'VELASCO, Pilar', 'Pilar, VELASCO,', '');
INSERT INTO `pus_pengarang` VALUES ('229', 'TAFURI, Nancy', 'Nancy, TAFURI,', '');
INSERT INTO `pus_pengarang` VALUES ('230', 'USMAN, Nonoy', 'Nonoy, USMAN,', '');
INSERT INTO `pus_pengarang` VALUES ('231', 'VERN, Alex', 'Alex, VERN,', '');
INSERT INTO `pus_pengarang` VALUES ('232', 'VERNE, Julie', 'Julie, VERNE,', '');
INSERT INTO `pus_pengarang` VALUES ('233', 'VIGNAGA, Francesca', 'Francesca, VIGNAGA,', '');
INSERT INTO `pus_pengarang` VALUES ('234', 'MORGAN, Kate', 'Kate, MORGAN,', '');
INSERT INTO `pus_pengarang` VALUES ('235', 'WILLEMS, Mo', 'Mo, WILLEMS,', '');
INSERT INTO `pus_pengarang` VALUES ('236', 'WILD, Margaret', 'Margaret, WILD,', '');
INSERT INTO `pus_pengarang` VALUES ('237', 'WATT, Melanie', 'Melanie, WATT,', '');
INSERT INTO `pus_pengarang` VALUES ('238', 'WHYBROW, Ian', 'Ian, WHYBROW,', '');
INSERT INTO `pus_pengarang` VALUES ('239', 'WELLS, Rosemary', 'Rosemary, WELLS,', '');
INSERT INTO `pus_pengarang` VALUES ('240', 'WITT, Kathryn', 'Kathryn, WITT,', '');
INSERT INTO `pus_pengarang` VALUES ('241', 'WISE, Beth Alley', 'Alley, WISE, Beth', '');
INSERT INTO `pus_pengarang` VALUES ('242', 'WELLS, Alison', 'Alison, WELLS,', '');
INSERT INTO `pus_pengarang` VALUES ('243', 'WIDENER, Sandra', 'Sandra, WIDENER,', '');
INSERT INTO `pus_pengarang` VALUES ('244', 'WILLAMS, Lanczak Rozanne', 'Rozanne, WILLAMS, Lanczak', '');
INSERT INTO `pus_pengarang` VALUES ('245', 'YEOH, Debbie', 'Debbie, YEOH,', '');
INSERT INTO `pus_pengarang` VALUES ('246', 'YOYO, Books', 'Books, YOYO,', '');
INSERT INTO `pus_pengarang` VALUES ('247', 'WHITE, Kathryn', 'Kathryn, WHITE,', '');
INSERT INTO `pus_pengarang` VALUES ('248', 'RITCHIE, Alison', 'Alison, RITCHIE,', '');
INSERT INTO `pus_pengarang` VALUES ('249', 'BOOK, Company', 'Company, BOOK,', '');
INSERT INTO `pus_pengarang` VALUES ('250', 'MCGEE, Marni', 'Marni, MCGEE,', '');
INSERT INTO `pus_pengarang` VALUES ('251', 'KASZA, Keiko', 'Keiko, KASZA,', '');
INSERT INTO `pus_pengarang` VALUES ('252', 'YACCARINO, Dan', 'Dan, YACCARINO,', '');
INSERT INTO `pus_pengarang` VALUES ('253', 'YACCARINO, Dan', 'Dan, YACCARINO,', '');
INSERT INTO `pus_pengarang` VALUES ('254', 'LATIMER, Miriam', 'Miriam, LATIMER,', '');
INSERT INTO `pus_pengarang` VALUES ('255', 'MOTT, Lynn', 'Lynn, MOTT,', '');
INSERT INTO `pus_pengarang` VALUES ('256', 'KILPATRICK, Irene', 'Irene, KILPATRICK,', '');
INSERT INTO `pus_pengarang` VALUES ('257', 'FIVE, Mile Press', 'Press, FIVE, Mile', '');
INSERT INTO `pus_pengarang` VALUES ('258', 'THOMSON, Kate', 'Kate, THOMSON,', '');
INSERT INTO `pus_pengarang` VALUES ('259', 'PAGE, Claire', 'Claire, PAGE,', '');
INSERT INTO `pus_pengarang` VALUES ('260', 'ADIWIYOTO, Anton', 'Anton, ADIWIYOTO,', '');
INSERT INTO `pus_pengarang` VALUES ('261', 'MERRITT, Kate', 'Kate, MERRITT,', '');
INSERT INTO `pus_pengarang` VALUES ('262', 'JOYCE, Melanie', 'Melanie, JOYCE,', '');
INSERT INTO `pus_pengarang` VALUES ('263', 'Rachel Rence RUSSELL', 'RUSSELL, Rachel Rence', '');
INSERT INTO `pus_pengarang` VALUES ('264', 'ALMA FLOR ADA', 'ADA, ALMA FLOR', '');

-- ----------------------------
-- Table structure for pus_satuan
-- ----------------------------
DROP TABLE IF EXISTS `pus_satuan`;
CREATE TABLE `pus_satuan` (
  `replid` int(10) unsigned NOT NULL AUTO_INCREMENT,
  `kode` varchar(10) NOT NULL,
  `nama` varchar(100) NOT NULL,
  `keterangan` varchar(200) NOT NULL,
  PRIMARY KEY (`replid`)
) ENGINE=MyISAM AUTO_INCREMENT=4 DEFAULT CHARSET=latin1;

-- ----------------------------
-- Records of pus_satuan
-- ----------------------------
INSERT INTO `pus_satuan` VALUES ('1', 'IDR', 'Rupiah Indonesia', '');
INSERT INTO `pus_satuan` VALUES ('2', 'USD', 'US Dollar', '');
INSERT INTO `pus_satuan` VALUES ('3', 'SGD', 'Singapore Dollar', '');

-- ----------------------------
-- Table structure for pus_setting
-- ----------------------------
DROP TABLE IF EXISTS `pus_setting`;
CREATE TABLE `pus_setting` (
  `replid` int(10) unsigned NOT NULL AUTO_INCREMENT,
  `kunci` char(6) NOT NULL,
  `nilai` varchar(200) NOT NULL,
  PRIMARY KEY (`replid`)
) ENGINE=MyISAM AUTO_INCREMENT=5 DEFAULT CHARSET=latin1;

-- ----------------------------
-- Records of pus_setting
-- ----------------------------
INSERT INTO `pus_setting` VALUES ('1', 'idfmt', '[nomorauto.3]/[sumber]/SIADU/[tahun]');
INSERT INTO `pus_setting` VALUES ('2', 'labelt', 'ELYON CRISTIAN SCHOOL LIBRARY');
INSERT INTO `pus_setting` VALUES ('3', 'labeld', 'Jl. Raya Sukomanunggal Jaya 33A');
INSERT INTO `pus_setting` VALUES ('4', 'bkfmt', '[kodelokasi][kodetingkat][tahun][nomorauto.5]');

-- ----------------------------
-- Table structure for pus_setting2
-- ----------------------------
DROP TABLE IF EXISTS `pus_setting2`;
CREATE TABLE `pus_setting2` (
  `replid` int(11) NOT NULL AUTO_INCREMENT,
  `kunci` char(6) NOT NULL,
  PRIMARY KEY (`replid`)
) ENGINE=MyISAM AUTO_INCREMENT=5 DEFAULT CHARSET=latin1;

-- ----------------------------
-- Records of pus_setting2
-- ----------------------------
INSERT INTO `pus_setting2` VALUES ('1', 'idfmt');
INSERT INTO `pus_setting2` VALUES ('2', 'bcfmt');
INSERT INTO `pus_setting2` VALUES ('3', 'titfmt');
INSERT INTO `pus_setting2` VALUES ('4', 'desfmt');

-- ----------------------------
-- Table structure for pus_stockhist
-- ----------------------------
DROP TABLE IF EXISTS `pus_stockhist`;
CREATE TABLE `pus_stockhist` (
  `replid` int(10) unsigned NOT NULL AUTO_INCREMENT,
  `nama` varchar(50) NOT NULL,
  `tanggal1` date NOT NULL DEFAULT '0000-00-00',
  `tanggal2` date NOT NULL DEFAULT '0000-00-00',
  `keterangan` varchar(200) NOT NULL,
  `tabel` varchar(20) NOT NULL,
  `status` tinyint(4) NOT NULL DEFAULT '1',
  `nitem` int(10) unsigned NOT NULL DEFAULT '0',
  `nceky` int(10) unsigned NOT NULL DEFAULT '0',
  `nnote` int(10) unsigned NOT NULL DEFAULT '0',
  PRIMARY KEY (`replid`)
) ENGINE=MyISAM AUTO_INCREMENT=4 DEFAULT CHARSET=latin1;

-- ----------------------------
-- Records of pus_stockhist
-- ----------------------------
INSERT INTO `pus_stockhist` VALUES ('1', 'Test', '2014-01-16', '2014-01-16', '', 'so_1', '5', '15', '3', '0');
INSERT INTO `pus_stockhist` VALUES ('2', '27 Maret 2014', '2014-03-27', '2014-03-27', 'oleh : Melfa SInaga', 'so_2', '5', '53', '0', '0');
INSERT INTO `pus_stockhist` VALUES ('3', '11062014', '2014-06-11', '2014-09-26', 'stock opname', 'so_3', '5', '0', '0', '0');

-- ----------------------------
-- Table structure for pus_tingkatbuku
-- ----------------------------
DROP TABLE IF EXISTS `pus_tingkatbuku`;
CREATE TABLE `pus_tingkatbuku` (
  `replid` int(10) unsigned NOT NULL AUTO_INCREMENT,
  `kode` varchar(10) NOT NULL,
  `nama` varchar(100) NOT NULL,
  `keterangan` varchar(200) NOT NULL,
  PRIMARY KEY (`replid`)
) ENGINE=MyISAM AUTO_INCREMENT=12 DEFAULT CHARSET=latin1;

-- ----------------------------
-- Records of pus_tingkatbuku
-- ----------------------------
INSERT INTO `pus_tingkatbuku` VALUES ('1', '001', 'PG/KG Suko', '');
INSERT INTO `pus_tingkatbuku` VALUES ('2', '002', 'Primary Suko', '');
INSERT INTO `pus_tingkatbuku` VALUES ('3', '003', 'Secondary Suko', '');
INSERT INTO `pus_tingkatbuku` VALUES ('4', '004', 'Kertajaya', '');
INSERT INTO `pus_tingkatbuku` VALUES ('5', '005', 'Rungkut', '');
INSERT INTO `pus_tingkatbuku` VALUES ('7', '006', 'Resource Suko', '');
INSERT INTO `pus_tingkatbuku` VALUES ('9', '007', 'Resource Kertajaya', '');
INSERT INTO `pus_tingkatbuku` VALUES ('10', '008', 'Resource Rungkut', '');
INSERT INTO `pus_tingkatbuku` VALUES ('11', '009', 'R & D', '');

-- ----------------------------
-- Table structure for pus_tpjm
-- ----------------------------
DROP TABLE IF EXISTS `pus_tpjm`;
CREATE TABLE `pus_tpjm` (
  `replid` int(10) unsigned NOT NULL AUTO_INCREMENT,
  `ssid` varchar(100) NOT NULL,
  `buku` int(10) unsigned NOT NULL DEFAULT '0',
  `peminjaman` int(10) unsigned NOT NULL DEFAULT '0',
  PRIMARY KEY (`replid`)
) ENGINE=MyISAM AUTO_INCREMENT=65 DEFAULT CHARSET=latin1;

-- ----------------------------
-- Records of pus_tpjm
-- ----------------------------
INSERT INTO `pus_tpjm` VALUES ('50', 'f4403g30d112g6ahutqbq8uba1', '34', '0');
INSERT INTO `pus_tpjm` VALUES ('56', '3atc2jpbj6tug1cddavambpuk0', '68', '0');
INSERT INTO `pus_tpjm` VALUES ('57', '48e9t2roabao76qab1iu5fb502', '70', '0');
INSERT INTO `pus_tpjm` VALUES ('58', '48e9t2roabao76qab1iu5fb502', '74', '0');
INSERT INTO `pus_tpjm` VALUES ('59', '48e9t2roabao76qab1iu5fb502', '77', '0');
INSERT INTO `pus_tpjm` VALUES ('60', 'pv1a9af90vdukscm8271pl4rc4', '35', '0');
INSERT INTO `pus_tpjm` VALUES ('61', 's3ai0ug33gek3ec4tl0krq5930', '79', '0');
INSERT INTO `pus_tpjm` VALUES ('62', 'q8etienppui63kd4mfch3vr3u1', '75', '0');
INSERT INTO `pus_tpjm` VALUES ('63', 'e4e8qb7olkgnkvhaecg69q78s6', '36', '0');
INSERT INTO `pus_tpjm` VALUES ('64', 'qhqijuv432sub2duna0pggm2r0', '76', '0');
