# Host: localhost  (Version: 5.5.36)
# Date: 2015-06-02 20:08:02
# Generator: MySQL-Front 5.3  (Build 2.16)

/*!40101 SET @OLD_CHARACTER_SET_CLIENT=@@CHARACTER_SET_CLIENT */;
/*!40101 SET @OLD_CHARACTER_SET_RESULTS=@@CHARACTER_SET_RESULTS */;
/*!40101 SET @OLD_COLLATION_CONNECTION=@@COLLATION_CONNECTION */;
/*!40101 SET NAMES utf8 */;
/*!40101 SET @OLD_SQL_MODE=@@SQL_MODE */;
/*!40101 SET SQL_MODE='' */;
/*!40111 SET @OLD_SQL_NOTES=@@SQL_NOTES */;
/*!40103 SET SQL_NOTES='ON' */;
/*!40014 SET @OLD_UNIQUE_CHECKS=@@UNIQUE_CHECKS */;
/*!40014 SET UNIQUE_CHECKS=0 */;
/*!40014 SET @OLD_FOREIGN_KEY_CHECKS=@@FOREIGN_KEY_CHECKS */;
/*!40014 SET FOREIGN_KEY_CHECKS=0 */;

#
# Source for table "keu_brg"
#

DROP TABLE IF EXISTS `keu_brg`;
CREATE TABLE `keu_brg` (
  `replid` int(10) unsigned NOT NULL AUTO_INCREMENT,
  `kelompokbrg` int(10) unsigned NOT NULL,
  `kode` varchar(20) NOT NULL,
  `nama` varchar(50) NOT NULL,
  `unit` mediumint(8) unsigned NOT NULL DEFAULT '1',
  `satuan` varchar(10) NOT NULL,
  `tanggal` date NOT NULL DEFAULT '0000-00-00',
  `keterangan` varchar(250) NOT NULL,
  PRIMARY KEY (`replid`)
) ENGINE=MyISAM AUTO_INCREMENT=4 DEFAULT CHARSET=latin1;

#
# Data for table "keu_brg"
#

/*!40000 ALTER TABLE `keu_brg` DISABLE KEYS */;
INSERT INTO `keu_brg` VALUES (1,1,'ELKO001','Macbook pro 15 inch',14,'unit','2014-01-11',''),(2,4,'KEMTR0001','Supra X 125',3,'','2014-01-11','');
/*!40000 ALTER TABLE `keu_brg` ENABLE KEYS */;

#
# Source for table "keu_budget"
#

DROP TABLE IF EXISTS `keu_budget`;
CREATE TABLE `keu_budget` (
  `replid` int(10) unsigned NOT NULL AUTO_INCREMENT,
  `tahunbuku` int(10) unsigned NOT NULL,
  `nama` varchar(100) NOT NULL,
  `nominal` decimal(10,0) NOT NULL DEFAULT '0',
  `keterangan` varchar(200) NOT NULL,
  `departemen` int(11) NOT NULL,
  PRIMARY KEY (`replid`)
) ENGINE=MyISAM AUTO_INCREMENT=4 DEFAULT CHARSET=latin1;

#
# Data for table "keu_budget"
#

/*!40000 ALTER TABLE `keu_budget` DISABLE KEYS */;
INSERT INTO `keu_budget` VALUES (1,1,'Alat Penganggaran',10000000,'',1),(2,1,'anggaran',2000000,'',1),(3,1,'Angaran Lagi',100000,'',1);
/*!40000 ALTER TABLE `keu_budget` ENABLE KEYS */;

#
# Source for table "keu_detilanggaran"
#

DROP TABLE IF EXISTS `keu_detilanggaran`;
CREATE TABLE `keu_detilanggaran` (
  `replid` int(11) NOT NULL AUTO_INCREMENT,
  `kategorianggaran` int(11) NOT NULL,
  `tingkat` int(11) NOT NULL,
  `nama` varchar(100) NOT NULL,
  `keterangan` text NOT NULL,
  `tahunbuku` int(11) NOT NULL,
  `nominal` decimal(10,0) NOT NULL,
  PRIMARY KEY (`replid`),
  KEY `kategorianggaran` (`kategorianggaran`)
) ENGINE=InnoDB AUTO_INCREMENT=12 DEFAULT CHARSET=latin1;

#
# Data for table "keu_detilanggaran"
#

INSERT INTO `keu_detilanggaran` VALUES (1,1,8,'white board new ','barang baru',1,500000),(3,1,2,'kertas HVS','ok bos',1,3500),(4,1,8,'penghapus','barang baru ',5,35500000),(5,1,8,'spidol papan','spidol papan hitam',5,10000),(6,1,2,'jk','ok',1,50000),(10,1,8,'kertas HVS','',5,180000),(11,4,8,'Psikotes','',1,0);

#
# Source for table "keu_anggarantahunan"
#

DROP TABLE IF EXISTS `keu_anggarantahunan`;
CREATE TABLE `keu_anggarantahunan` (
  `replid` int(11) NOT NULL AUTO_INCREMENT,
  `detilanggaran` int(11) NOT NULL,
  `nominal` decimal(11,0) NOT NULL DEFAULT '0',
  `tahunbuku` int(11) NOT NULL,
  PRIMARY KEY (`replid`),
  KEY `detilanggaran` (`detilanggaran`) USING BTREE,
  CONSTRAINT `keu_anggarantahunan_ibfk_1` FOREIGN KEY (`detilanggaran`) REFERENCES `keu_detilanggaran` (`replid`) ON DELETE CASCADE ON UPDATE CASCADE
) ENGINE=InnoDB AUTO_INCREMENT=5 DEFAULT CHARSET=latin1;

#
# Data for table "keu_anggarantahunan"
#

INSERT INTO `keu_anggarantahunan` VALUES (1,1,500000,1),(3,3,230000,1),(4,4,250000,1);

#
# Source for table "keu_detilrekening"
#

DROP TABLE IF EXISTS `keu_detilrekening`;
CREATE TABLE `keu_detilrekening` (
  `replid` int(10) unsigned NOT NULL AUTO_INCREMENT,
  `kategorirekening` int(10) unsigned NOT NULL,
  `kode` varchar(20) NOT NULL,
  `nama` varchar(100) NOT NULL,
  `keterangan` varchar(200) NOT NULL,
  PRIMARY KEY (`replid`)
) ENGINE=MyISAM AUTO_INCREMENT=340 DEFAULT CHARSET=latin1;

#
# Data for table "keu_detilrekening"
#

/*!40000 ALTER TABLE `keu_detilrekening` DISABLE KEYS */;
INSERT INTO `keu_detilrekening` VALUES (1,1,'111101','KAS KECIL ',''),(2,1,'111102','KAS SATELIT',''),(3,1,'111103','KAS KERTAJAYA','ok'),(4,1,'111104','KAS RUNGKUT',''),(5,1,'111199','KAS DALAM PERJALANAN',''),(6,2,'111201','BCA AC NO. 5560060001',''),(7,2,'111202','BANK EKONOMI AC NO. 3031861275',''),(8,2,'111203','BCA AC NO. 4683800000',''),(9,2,'111204','DEPOSITO EKONOMI',''),(10,2,'111205','BANK MAYAPADA AC NO.201.300.17.000',''),(11,2,'111206','CIMB-NIAGA AC NO.216.01.00543.00.5 (dh.LIPPOBANK)',''),(12,2,'111207','DEPOSITO MAYAPADA/PANIN/CIMB',''),(13,2,'111208','DEPOSITO PANINBANK',''),(14,2,'111209','PANINBANK AC NO.448.50.8888.7',''),(15,2,'111210','MANDARI AC NO. 1420088800098',''),(16,2,'111211','BANK BCA 8290960101',''),(17,2,'111299','BANK DALAM PERJALANAN',''),(18,3,'111900','AYAT SILANG KAS DAN BANK',''),(19,3,'112100','TABUNGAN',''),(20,3,'112200','DEPOSITO BERJANGKA',''),(21,3,'112300','SURAT-SURAT BERHARGA',''),(22,3,'113100','PIUTANG USAHA',''),(23,3,'113200','PIUTANG YANG BELUM DIFAKTURKAN',''),(24,3,'113300','PIUTANG CEK/GIRO MUNDUR',''),(25,3,'113400','CADANGAN PIUTANG RAGU-RAGU',''),(26,3,'113500','PIUTANG DIREKSI',''),(27,3,'113600','PIUTANG KARYAWAN',''),(28,3,'113700','PIUTANG PIHAK III',''),(29,3,'113999','PIUTANG LAIN-LAIN',''),(30,3,'114100','UANG MUKA PEMBELIAN',''),(31,3,'114901','TANAH',''),(32,3,'114902','KENDARAAN',''),(33,3,'114903','MESIN DAN PERALATAN',''),(34,3,'114904','BANGUNAN',''),(35,3,'114905','INVENTARIS',''),(36,3,'114906','UANG MUKA PERJALANAN',''),(37,3,'114999','LAIN-LAIN',''),(38,3,'116121','PPH PASAL 21',''),(39,3,'116122','PPH PASAL 22',''),(40,3,'116123','PPH PASAL 23',''),(41,3,'116125','PPH PASAL 25',''),(42,3,'116126','PPH PASAL 26',''),(43,3,'116151','PPN MASUKAN YANG SUDAH DIKREDITKAN',''),(44,3,'116152','PPN MASUKAN YANG BELUM DIKREDITKAN',''),(45,3,'116201','ASURANSI',''),(46,3,'116202','SEWA',''),(47,3,'116203','BUNGA LEASING',''),(48,3,'116204','ONGKOS ANGKUT',''),(49,3,'116299','LAIN-LAIN',''),(50,3,'121000','PENYERTAAN DALAM SURAT BERHARGA',''),(51,3,'122000','PENYERTAAN DALAM AKTIVA TETAP',''),(52,3,'123000','PENYERTAAN LAIN-LAIN',''),(53,3,'141100','TANAH KANTOR',''),(54,3,'141251','PRASARANA JALAN',''),(55,3,'141252','PRASARANA SALURAN AIR',''),(56,3,'141253','PRASARANA TAMAN',''),(57,3,'141301','INSTALASI LISTRIK',''),(58,3,'141302','INSTALASI AIR',''),(59,3,'141303','INSTALASI TELEPON',''),(60,3,'141401','MESIN-MESIN',''),(61,3,'141451','MESIN-MESIN LEASING',''),(62,3,'141501','KENDARAAN',''),(63,3,'141551','KENDARAAN LEASING KANTOR',''),(64,3,'141601','INVENTARIS',''),(65,3,'145201','AKUM. PENY. BANGUNAN KANTOR',''),(66,3,'145202','AKUM. PENY. BANGUNAN KANTIN',''),(67,3,'145203','AKUM. PENY. BANGUNAN MESS',''),(68,3,'145251','AKUM. PENY. PRASARANA JALAN',''),(69,3,'145252','AKUM. PENY. PRASARANA SALURAN AIR',''),(70,3,'145253','AKUM. PENY. PRASARANA TAMAN',''),(71,3,'145301','AKUM. PENY. INSTALASI LISTRIK',''),(72,3,'145302','AKUM. PENY. INSTALASI AIR',''),(73,3,'145303','AKUM. PENY. INSTALASI TELPON',''),(74,3,'145401','AKUM. PENY. KENDARAAN KANTOR',''),(75,3,'145451','AKUM. PENY. KENDARAAN LEASING KANTOR',''),(76,3,'145501','AKUM. PENY. INVENTARIS KANTOR',''),(77,3,'145502','AKUM. PENY. INVENTARIS KANTIN',''),(78,3,'151000','GOODWILL',''),(79,3,'152000','HAK PATEN',''),(80,3,'153000','LISENSI',''),(81,3,'154000','AKTIVA TIDAK BERWUJUD LAIN-LAIN',''),(82,3,'161101','BIAYA PENDIRIAN',''),(83,3,'161102','GAJI, TUNJANGAN',''),(84,3,'161103','BIAYA PERJALANAN DINAS',''),(85,3,'161104','ALAT TULIS & KEPERLUAN KANTOR',''),(86,3,'161105','IJIN, LEGAL DAN PROFESIONAL FEE',''),(87,3,'161106','ENTERTAINMENT,REPRESEN,SUMBANGAN',''),(88,3,'161107','TELEPON, FAX, TELEGRAM, KIRIM SURAT',''),(89,3,'161108','BENSIN, PARKIR, TOL',''),(90,3,'161109','BIAYA ADMINISTRASI BANK',''),(91,3,'161110','BAHAN PENOLONG',''),(92,3,'161111','BIAYA IKLAN',''),(93,3,'161112','PAJAK-PAJAK',''),(94,3,'161113','REKENING LISTRIK, AIR',''),(95,3,'161114','BIAYA STNK, BBN, DLL',''),(96,3,'161115','BUNGA, FEE, PROVISI BANK, DLL',''),(97,3,'161116','BIAYA PERESMIAN',''),(98,3,'161117','BIAYA BAHAN BAKAR',''),(99,3,'161118','REPARASI & PEMELIHARAAN KANTOR',''),(100,3,'161119','TRAINING, SEMINAR, TEST, DLL',''),(101,3,'161120','BIAYA MAKAN DAN MINUM',''),(102,3,'161121','PPH PASAL 21',''),(103,3,'161122','PPH PASAL 22',''),(104,3,'161123','PPH PASAL 23',''),(105,3,'161124','REPARASI & PEMELIHARAAN KENDARAAN',''),(106,3,'161125','REPARASI & PEMELIHARAAN MESS',''),(107,3,'161126','REPARASI & PEMELIHARAAN TANKI',''),(108,3,'161127','BIAYA PENGURUSAN LISTRIK',''),(109,3,'161128','REPARASI & PEMELIHARAAN BOTOL',''),(110,3,'161129','BIAYA SEWA GEDUNG',''),(111,3,'161130','BIAYA BUNGA LEASING',''),(112,3,'161143','SELISIH KURS',''),(113,3,'161144','BIAYA BUNGA PINJAMAN',''),(114,3,'161145','IURAN DAN ASURANSI',''),(115,3,'161146','BIAYA KEAMANAN',''),(116,3,'161148','BIAYA PRA-OPERASI LAIN-LAIN',''),(117,3,'161151','PENDAPATAN JASA GIRO',''),(118,3,'161152','PENDAPATAN BUNGA DEPOSITO',''),(119,3,'161153','PENDAPATAN BUNGA BANK',''),(120,3,'161154','PENDAPATAN BUNGA PIHAK III',''),(121,3,'161199','PENDAPATAN PRA-OPERASI LAIN-LAIN',''),(122,3,'161500','AKUM.AMORTISASI BIAYA PRA-OPERASI',''),(123,3,'162100','UANG JAMINAN LISTRIK',''),(124,3,'162200','UANG JAMINAN TELEPON',''),(125,3,'163000','BIAYA YANG DITANGGUHKAN',''),(126,3,'164000','BUNGA DALAM MASA KONSTRUKSI (IDC)',''),(127,3,'165201','BANGUNAN ',''),(128,3,'165301','INSTALASI LISTRIK',''),(129,3,'165302','INSTALASI AIR',''),(130,3,'165303','INSTALASI TELEPON',''),(131,3,'166000','BIAYA PENELITIAN DAN PENGEMBANGAN',''),(132,3,'169000','AKTIVA LAIN-LAIN',''),(133,4,'211101','BANK',''),(134,4,'211201','BANK',''),(135,4,'211501','BANK',''),(136,4,'211601','BANK',''),(137,4,'212100','HUTANG USAHA',''),(138,4,'212200','HUTANG YANG BELUM DIFAKTURKAN',''),(139,4,'212300','HUTANG CEK/BILYET GIRO MUNDUR',''),(140,4,'212901','HUTANG PIHAK KETIGA',''),(141,4,'212902','HUTANG PERSEDIAAN',''),(142,4,'212903','HUTANG KENDARAAN',''),(143,4,'212904','HUTANG BANGUNAN',''),(144,4,'212905','HUTANG INVENTARIS',''),(145,4,'212906','HUTANG VOUCHER',''),(146,4,'212907','HUTANG KPD GKA ELYON',''),(147,4,'212999','LAIN-LAIN',''),(148,4,'213100','UANG MUKA PENJUALAN',''),(149,4,'213900','UANG MUKA LAIN-LAIN',''),(150,4,'214104','PPH PASAL 4 AYAT 2',''),(151,4,'214121','PPH PASAL 21',''),(152,4,'214122','PPH PASAL 22',''),(153,4,'214123','PPH PASAL 23',''),(154,4,'214125','PPH PASAL 25',''),(155,4,'214126','PPH PASAL 26',''),(156,4,'214129','PPH PASAL 29',''),(157,4,'214151','PPN KELUARAN YANG SUDAH DIFAKTURKAN',''),(158,4,'214152','PPN KELUARAN YANG BELUM DIFAKTURKAN',''),(159,4,'214201','BUNGA',''),(160,4,'214202','SEWA',''),(161,4,'214203','GAJI DAN HONOR',''),(162,4,'214204','MAKAN DAN LEMBUR',''),(163,4,'214205','LISTRIK',''),(164,4,'214206','TUNJANGAN TRANSPORT-MAINTENANCE',''),(165,4,'214207','TELEPON',''),(166,4,'214208','SURAT KABAR/MAJALAH',''),(167,4,'214209','KOMISI',''),(168,4,'214210','BIAYA ADMINISTRASI BANK',''),(169,4,'214211','PAJAK WAPU/WAJIB PUNGUT',''),(170,4,'214212','JAMSOSTEK',''),(171,4,'214213','PREMI DISTRIBUSI',''),(172,4,'214214','ONGKOS ANGKUT',''),(173,4,'214299','LAIN-LAIN',''),(174,4,'215121','PPH PASAL 21',''),(175,4,'215122','PPH PASAL 22',''),(176,4,'215123','PPH PASAL 23',''),(177,4,'215125','PPH PASAL 25',''),(178,4,'215201','PPN KELUARAN',''),(179,4,'215202','PPN EKS KEPPRES',''),(180,4,'216101','HUTANG LEASING KENDARAAN',''),(181,4,'219101','HUTANG DEVIDEN',''),(182,4,'219199','LAIN-LAIN',''),(183,4,'221101','BANK',''),(184,4,'221201','BANK',''),(185,4,'22210','HUTANG LEASING KENDARAAN',''),(186,4,'223000','HUTANG PADA PEMEGANG SAHAM',''),(187,4,'230000','HUTANG LAIN - LAIN',''),(188,4,'240000','HUTANG YG. DISUBORDINASI',''),(189,4,'250000','KEWAJIBAN BERSYARAT',''),(190,5,'311101','TIDAK TERIKAT',''),(191,5,'312101','TEMPORER...........',''),(192,5,'312201','PERMANEN......',''),(193,6,'411101','DANA DARI DONATUR',''),(194,6,'411102','DPP (DANA PEMBANGUNAN & PENGEMBANGAN)',''),(195,6,'411103','DANA JOINING',''),(196,6,'411104','DPP SUKARELA (DANA PEMBANGUNAN & PENGEMBANGAN)',''),(197,6,'411105','DANA STUDENT EXCHANGE',''),(198,6,'411201','SUMBANGAN TERIKAT TEMPORER',''),(199,6,'411202','SUMBANGAN TERIKAT PERMANEN',''),(200,6,'412101','PENJUALAN FORMULIR + PSIKOTES',''),(201,6,'412102','UANG KEG. EKSTRAKURIKULER',''),(202,6,'412103','UANG PENDAFTARAN ULANG',''),(203,6,'412104','UANG SEKOLAH',''),(204,6,'412105','PENDAPATAN PENJUALAN SERAGAM',''),(205,6,'412106','PENDAPATAN PENJUALAN BUKU',''),(206,6,'412107','PENDAPATAN PENJUALAN CD/VCD/DVD',''),(207,6,'412108','PENDAPATAN LAIN-LAIN',''),(208,6,'412109','PENDAPATAN LUNCH',''),(209,6,'412110','PENDAPATAN STATIONERY DAN HANDOUT, MATERIAL FEE',''),(210,6,'412111','DENDA KETERLAMBATAN BAYAR UANG SEKOLAH',''),(211,6,'412112','PENDAPATAN CHECK POINT',''),(212,6,'412113','PENDAPATAN UJIAN HSK',''),(213,6,'412114','PENDAPATAN DAY CARE',''),(214,6,'421101','PENGHASILAN INVESTASI TIDAK TERIKAT JANGKA PANJANG',''),(215,6,'421102','PENGHASILAN INVESTASI TIDAK TERIKAT LAIN-LAIN',''),(216,6,'421103','PENGHASILAN INVESTASI TIDAK TERIKAT JANGKA PANJANG ',''),(217,6,'421201','PENGHASILAN INVESTASI TERIKAT TEMPORER',''),(218,6,'421202','PENGHASILAN INVESTASI TERIKAT PERMANEN',''),(219,7,'511101','GAJI',''),(220,7,'511102','HONOR',''),(221,7,'511103','LEMBUR',''),(222,7,'511104','PESANGON',''),(223,7,'511105','UANG MAKAN',''),(224,7,'511106','BONUS',''),(225,7,'511107','TUNJANGAN HARI RAYA',''),(226,7,'511108','PPH PASAL 21',''),(227,7,'511109','KESEJAHTERAAN KARYAWAN',''),(228,7,'511110','JAMINAN KECELAKAAN KERJA ( JKK )',''),(229,7,'511111','JAMINAN KEMATIAN ( JKM )',''),(230,7,'511112','JAMINAN HARI TUA ( JHT )',''),(231,7,'511113','JAMINAN PEMELIHARAAN KESEHATAN (JPK)',''),(232,7,'511114','TUNJANGAN DANA PENSIUN',''),(233,7,'511115','TUNJANGAN KESEHATAN',''),(234,7,'511116','TUNJANGAN TRANSPORT',''),(235,7,'511117','JAMSOSTEK',''),(236,7,'511119','PREMI ',''),(237,7,'511199','TUNJANGAN LAIN-LAIN',''),(238,7,'512101','BI.BAHAN PERB. & PEMELIHARAAN BANGUNAN & PRASARANA',''),(239,7,'512102','BI.BAHAN PERB. & PEMELIHARAAN KEND.',''),(240,7,'512103','BI.BAHAN PERB. & PEMELIHARAAN INVENTARIS',''),(241,7,'512199','BI.BAHAN PERB. & PEMELIHARAAN LAIN-LAIN',''),(242,7,'512201','PENYUSUTAN BANGUNAN & PRASARANA',''),(243,7,'512202','PENYUSUTAN KENDARAAN',''),(244,7,'512203','PENYUSUTAN INVENTARIS',''),(245,7,'512204','PENYUSUTAN INSTALASI',''),(246,7,'512301','TRANSPORTASI ( BENSIN, TIKET )',''),(247,7,'512302','MAKANAN & MINUMAN',''),(248,7,'512303','PENGINAPAN',''),(249,7,'512304','UANG SAKU',''),(250,7,'512399','LAIN-LAIN ( PARKIR, TOL )',''),(251,7,'512401','SEWA BANGUNAN',''),(252,7,'512402','SEWA KENDARAAN',''),(253,7,'512403','SEWA INVENTARIS KANTOR',''),(254,7,'512451','ASURANSI BANGUNAN',''),(255,7,'512452','ASURANSI KENDARAAN',''),(256,7,'512453','ASURANSI INVENTARIS',''),(257,7,'512501','TELEPON',''),(258,7,'512502','TELEX',''),(259,7,'512503','TELEGRAM',''),(260,7,'512504','INTERLOKAL NON TELEPON INTERN',''),(261,7,'512505','FACSIMILE',''),(262,7,'512599','LAIN - LAIN',''),(263,7,'512601','AIR',''),(264,7,'512602','LISTRIK',''),(265,7,'512603','ALAT-ALAT LISTRIK',''),(266,7,'512701','AKUNTAN',''),(267,7,'512702','NOTARIS',''),(268,7,'512703','KONSULTAN',''),(269,7,'512704','MANAGEMENT FEE',''),(270,7,'512801','ADMINISTRASI BANK',''),(271,7,'512802','BUKU CEK / BG',''),(272,7,'512803','TRANSFER, KIRIM UANG , INKASO',''),(273,7,'512804','PAJAK BUNGA BANK',''),(274,7,'512901','BIAYA ADMINISTRASI KENDARAAN',''),(275,7,'512902','BIAYA BUNGA ANGSURAN KENDARAAN',''),(276,7,'512903','BIAYA BUNGA KREDIT BANK',''),(277,7,'513101','ALAT - ALAT TULIS, PERCETAKAN & ALAT KANTOR',''),(278,7,'513102','PERANGKO, MATERAI, KIRIM SURAT',''),(279,7,'513103','FOTOCOPY/LAMINATING/CETAK FOTO',''),(280,7,'513104','ALAT - ALAT PENGAJARAN ',''),(281,7,'513105','PERLENGKAPAN KELAS',''),(282,7,'513106','JASA PEMBELAJARAN',''),(283,7,'513201','PERIJINAN',''),(284,7,'513202','PAJAK - PAJAK DAERAH,PBB',''),(285,7,'513203','STNK',''),(286,7,'513211','RETRIBUSI SAMPAH',''),(287,7,'513301','SUMBANGAN',''),(288,7,'513302','ENTERTAINMENT',''),(289,7,'513303','JAMUAN ',''),(290,7,'513401','KEAMANAN',''),(291,7,'513501','PENDAFTARAN',''),(292,7,'513502','IURAN',''),(293,7,'513601','BIAYA PENGOBATAN',''),(294,7,'513701','MAKANAN DAN MINUMAN',''),(295,7,'513702','BAHAN BAKAR DAN PARKIR/TRANSPORT',''),(296,7,'513703','SERAGAM ',''),(297,7,'513704','SEWA DISPENSER',''),(298,7,'513705','OLAH RAGA DAN KESENIAN',''),(299,7,'513706','BIAYA TRAINING, SEMINAR DAN STUDI BANDING',''),(300,7,'513707','BUKU, VCD',''),(301,7,'513708','ATRIBUT SEKOLAH',''),(302,7,'513709','BIAYA PSIKOTES',''),(303,7,'513710','BIAYA ADVERTENSI ( IKLAN )',''),(304,7,'513711','BIAYA STUDY TOUR',''),(305,7,'513712','BIAYA PERLOMBAAN & PERAYAAN',''),(306,7,'513713','STIKER U/ MURID',''),(307,7,'513714','BIAYA TES KESEHATAN',''),(308,7,'513715','BIAYA KOMISI PENGEMBANGAN',''),(309,7,'513716','BIAYA PAMERAN',''),(310,7,'513799','LAIN - LAIN',''),(311,7,'513801','KANTIN',''),(312,7,'513802','DAPUR',''),(313,7,'513803','BIAYA KEBERSIHAN',''),(314,7,'513804','BIAYA KEPERLUAN KEBUN/TAMAN',''),(315,7,'513805','JASA CLEANING SERVICE',''),(316,7,'513806','',''),(317,7,'513807','BIAYA MESS',''),(318,7,'513901','SELAMATAN',''),(319,7,'513902','BIAYA PENGURUSAN SURAT LAIN - LAIN',''),(320,7,'513903','DENDA PAJAK',''),(321,7,'513904','KOREKSI TAHUN LALU',''),(322,7,'513998','LAIN - LAIN (SELISIH KURS)',''),(323,7,'513999','LAIN - LAIN (SELISIH KAS)',''),(324,7,'514001','TRANSPORT',''),(325,7,'514002','MAKAN & MINUM (RAPAT)',''),(326,7,'514099','LAIN-LAIN',''),(327,7,'514101','BUKU',''),(328,7,'514102','VCD',''),(329,7,'514103','SERAGAM ',''),(330,7,'514104','ATRIBUT SEKOLAH',''),(331,7,'514105','BIAYA PSIKOTES',''),(332,7,'514106','BIAYA STUDY TOUR/FIELD TRIP',''),(333,7,'514107','BIAYA PERLOMBAAN ',''),(334,7,'514108','EKSTRAKURIKULER',''),(335,7,'514109','BIAYA STUDENT EXCHANGE',''),(336,7,'514110','BIAYA CHECK POINT',''),(337,7,'514199','LAIN - LAIN',''),(339,6,'411119','rekening baru aja  9','ini cuma test aja vroh 9');
/*!40000 ALTER TABLE `keu_detilrekening` ENABLE KEYS */;

#
# Source for table "keu_detjenistrans"
#

DROP TABLE IF EXISTS `keu_detjenistrans`;
CREATE TABLE `keu_detjenistrans` (
  `replid` int(11) NOT NULL AUTO_INCREMENT,
  `jenistrans` int(11) NOT NULL,
  `nama` varchar(50) NOT NULL,
  `kode` varchar(20) NOT NULL,
  `bukti` char(3) NOT NULL,
  PRIMARY KEY (`replid`)
) ENGINE=InnoDB AUTO_INCREMENT=9 DEFAULT CHARSET=latin1;

#
# Data for table "keu_detjenistrans"
#

INSERT INTO `keu_detjenistrans` VALUES (1,2,'pembayaran siswa aktif','in_siswa','BKM'),(2,2,'pembayaran calon siswa','in_calonsiswa','BBM'),(3,2,'pemasukan bank','in_bank','BBM'),(4,2,'pemasukkan kas','in_come','BKM'),(5,3,'pengeluaran barang','out_barang','BKK'),(6,3,'pengeluaran bank','out_bank','BBK'),(7,3,'pengeluaran kas','out_come','BKK'),(8,1,'junal umum','ju','MMJ');

#
# Source for table "keu_grupbrg"
#

DROP TABLE IF EXISTS `keu_grupbrg`;
CREATE TABLE `keu_grupbrg` (
  `replid` int(10) unsigned NOT NULL AUTO_INCREMENT,
  `nama` varchar(50) NOT NULL,
  `keterangan` varchar(100) NOT NULL,
  PRIMARY KEY (`replid`)
) ENGINE=MyISAM AUTO_INCREMENT=4 DEFAULT CHARSET=latin1;

#
# Data for table "keu_grupbrg"
#

/*!40000 ALTER TABLE `keu_grupbrg` DISABLE KEYS */;
INSERT INTO `keu_grupbrg` VALUES (1,'Elektronika',''),(2,'Kendaraan',''),(3,'Alat Tulis','');
/*!40000 ALTER TABLE `keu_grupbrg` ENABLE KEYS */;

#
# Source for table "keu_jenistrans"
#

DROP TABLE IF EXISTS `keu_jenistrans`;
CREATE TABLE `keu_jenistrans` (
  `replid` int(11) NOT NULL AUTO_INCREMENT,
  `nama` varchar(50) NOT NULL,
  `kode` varchar(5) NOT NULL,
  PRIMARY KEY (`replid`)
) ENGINE=InnoDB AUTO_INCREMENT=4 DEFAULT CHARSET=latin1;

#
# Data for table "keu_jenistrans"
#

INSERT INTO `keu_jenistrans` VALUES (1,'jurnal umum','ju'),(2,'pemasukkan','in'),(3,'pengeluaran','out');

#
# Source for table "keu_jurnal"
#

DROP TABLE IF EXISTS `keu_jurnal`;
CREATE TABLE `keu_jurnal` (
  `replid` int(10) unsigned NOT NULL AUTO_INCREMENT,
  `transaksi` int(10) unsigned NOT NULL,
  `rek` int(10) NOT NULL,
  `nominal` decimal(10,0) NOT NULL DEFAULT '0',
  `jenis` char(1) NOT NULL,
  `debet` double(14,0) NOT NULL DEFAULT '0',
  `kredit` double(14,0) NOT NULL DEFAULT '0',
  `ts` timestamp NOT NULL DEFAULT CURRENT_TIMESTAMP,
  PRIMARY KEY (`replid`)
) ENGINE=MyISAM AUTO_INCREMENT=1183 DEFAULT CHARSET=latin1;

#
# Data for table "keu_jurnal"
#

/*!40000 ALTER TABLE `keu_jurnal` DISABLE KEYS */;
INSERT INTO `keu_jurnal` VALUES (1171,1,83,80000,'k',0,0,'2015-05-25 15:47:11'),(1172,1,1,80000,'d',0,0,'2015-05-25 15:47:11'),(1173,2,83,15000,'d',0,0,'2015-05-25 15:47:58'),(1174,2,1,15000,'k',0,0,'2015-05-25 15:47:58'),(1175,3,222,35000,'d',0,0,'2015-05-25 15:56:14'),(1176,3,6,35000,'k',0,0,'2015-05-25 15:56:14'),(1177,4,203,70000,'k',0,0,'2015-05-25 16:00:10'),(1178,4,1,70000,'d',0,0,'2015-05-25 16:00:10'),(1179,5,1,50000,'d',0,0,'2015-05-26 06:08:09'),(1180,5,22,50000,'k',0,0,'2015-05-26 06:08:09'),(1181,5,25,5000,'k',0,0,'2015-05-26 06:08:59'),(1182,5,3,5000,'d',0,0,'2015-05-26 06:09:00');
/*!40000 ALTER TABLE `keu_jurnal` ENABLE KEYS */;

#
# Source for table "keu_kategorianggaran"
#

DROP TABLE IF EXISTS `keu_kategorianggaran`;
CREATE TABLE `keu_kategorianggaran` (
  `replid` int(11) unsigned NOT NULL AUTO_INCREMENT,
  `departemen` int(10) NOT NULL,
  `rekening` int(11) NOT NULL,
  `nama` varchar(100) NOT NULL,
  `keterangan` text NOT NULL,
  PRIMARY KEY (`replid`)
) ENGINE=InnoDB AUTO_INCREMENT=5 DEFAULT CHARSET=latin1;

#
# Data for table "keu_kategorianggaran"
#

INSERT INTO `keu_kategorianggaran` VALUES (1,1,5,'ATK','alat tulis kantor'),(2,1,1,'lingkungan','dana perwatan lingkungan sekolah'),(3,1,2,'kesiswaan','dana kegiatan ekstrakurikuler siswa'),(4,1,331,'Psikotes','');

#
# Source for table "keu_kategorirek"
#

DROP TABLE IF EXISTS `keu_kategorirek`;
CREATE TABLE `keu_kategorirek` (
  `replid` int(10) unsigned NOT NULL AUTO_INCREMENT,
  `kode` tinyint(3) unsigned NOT NULL DEFAULT '0',
  `nama` varchar(20) NOT NULL,
  PRIMARY KEY (`replid`)
) ENGINE=MyISAM AUTO_INCREMENT=10 DEFAULT CHARSET=latin1;

#
# Data for table "keu_kategorirek"
#

/*!40000 ALTER TABLE `keu_kategorirek` DISABLE KEYS */;
INSERT INTO `keu_kategorirek` VALUES (1,1,'KAS'),(2,1,'BANK'),(3,1,'AKTIVA'),(4,2,'KEWAJIBAN'),(5,3,'MODAL'),(6,4,'PENDAPATAN'),(7,5,'BIAYA');
/*!40000 ALTER TABLE `keu_kategorirek` ENABLE KEYS */;

#
# Source for table "keu_kategorirekening"
#

DROP TABLE IF EXISTS `keu_kategorirekening`;
CREATE TABLE `keu_kategorirekening` (
  `replid` int(10) NOT NULL AUTO_INCREMENT,
  `kode` tinyint(3) unsigned NOT NULL DEFAULT '0',
  `nama` varchar(20) NOT NULL,
  `jenis` enum('d','k') NOT NULL,
  `jenistambah` enum('d','k') NOT NULL,
  `jeniskurang` enum('d','k') NOT NULL,
  PRIMARY KEY (`replid`)
) ENGINE=MyISAM AUTO_INCREMENT=19 DEFAULT CHARSET=latin1;

#
# Data for table "keu_kategorirekening"
#

/*!40000 ALTER TABLE `keu_kategorirekening` DISABLE KEYS */;
INSERT INTO `keu_kategorirekening` VALUES (1,1,'KAS','d','d','k'),(2,1,'BANK','d','d','k'),(3,1,'AKTIVA','d','d','k'),(4,2,'KEWAJIBAN','k','k','d'),(5,3,'MODAL','k','k','d'),(6,4,'PENDAPATAN','k','k','d'),(7,5,'BIAYA','d','d','k');
/*!40000 ALTER TABLE `keu_kategorirekening` ENABLE KEYS */;

#
# Source for table "keu_katmodulpembayaran"
#

DROP TABLE IF EXISTS `keu_katmodulpembayaran`;
CREATE TABLE `keu_katmodulpembayaran` (
  `replid` int(11) NOT NULL AUTO_INCREMENT,
  `nama` varchar(100) NOT NULL,
  `siswa` enum('aktif','calon') DEFAULT NULL,
  `sifat` enum('wajib','sukarela') DEFAULT NULL,
  `keterangan` text NOT NULL,
  `detjenistrans` int(20) NOT NULL,
  PRIMARY KEY (`replid`)
) ENGINE=InnoDB AUTO_INCREMENT=5 DEFAULT CHARSET=latin1;

#
# Data for table "keu_katmodulpembayaran"
#

INSERT INTO `keu_katmodulpembayaran` VALUES (1,'SPP','aktif','wajib','sumbangan wajib tiap semester',1),(2,'DPP','aktif','wajib','uang gedung ',1),(3,'Formulir ','calon','wajib','biaya formulir untuk pendaftaran siswa baru ',1),(4,'Joining Fee','aktif','wajib','biaya Joining Fee untuk Pendaftaran Siswa Baru , dibayar di awal masuk\r\n',1);

#
# Source for table "keu_kelompokbrg"
#

DROP TABLE IF EXISTS `keu_kelompokbrg`;
CREATE TABLE `keu_kelompokbrg` (
  `replid` int(10) unsigned NOT NULL AUTO_INCREMENT,
  `grupbrg` int(10) unsigned NOT NULL,
  `nama` varchar(50) NOT NULL,
  PRIMARY KEY (`replid`)
) ENGINE=MyISAM AUTO_INCREMENT=7 DEFAULT CHARSET=latin1;

#
# Data for table "keu_kelompokbrg"
#

/*!40000 ALTER TABLE `keu_kelompokbrg` DISABLE KEYS */;
INSERT INTO `keu_kelompokbrg` VALUES (1,1,'Komputer'),(2,1,'Proyektor'),(3,2,'Mobil'),(4,2,'Motor'),(5,2,'Sepeda'),(6,3,'bulpoin');
/*!40000 ALTER TABLE `keu_kelompokbrg` ENABLE KEYS */;

#
# Source for table "keu_modul"
#

DROP TABLE IF EXISTS `keu_modul`;
CREATE TABLE `keu_modul` (
  `replid` int(10) unsigned NOT NULL AUTO_INCREMENT,
  `kategori` tinyint(3) unsigned NOT NULL DEFAULT '0',
  `reftipe` tinyint(3) unsigned NOT NULL DEFAULT '0',
  `refid` int(10) unsigned NOT NULL DEFAULT '0',
  `nama` varchar(100) NOT NULL,
  `rek1` int(10) unsigned NOT NULL,
  `rek2` int(10) unsigned NOT NULL,
  `rek3` int(10) unsigned NOT NULL DEFAULT '0',
  `nominal` decimal(10,0) NOT NULL DEFAULT '0',
  `cicilan` decimal(10,0) NOT NULL DEFAULT '0',
  `keterangan` varchar(200) NOT NULL,
  PRIMARY KEY (`replid`)
) ENGINE=MyISAM AUTO_INCREMENT=8 DEFAULT CHARSET=latin1;

#
# Data for table "keu_modul"
#

/*!40000 ALTER TABLE `keu_modul` DISABLE KEYS */;
INSERT INTO `keu_modul` VALUES (2,3,2,2,'Pendaftaran Tahun Ajaran 2014-2015',14,0,0,0,0,''),(3,3,2,2,'Pendaftaran Tahun Ajaran 2014-2015',6,194,0,0,0,'Kaitlynn Tiffany'),(4,1,3,3,'Uang pangkal angkatan 2013',6,194,29,0,0,'DPP'),(5,1,1,1,'Uang sekolah tahun ajaran 2014-2015 (Aktif)',1,203,29,0,0,''),(6,1,3,8,'Uang pangkal angkatan 2016',3,4,3,0,0,''),(7,1,3,2,'Uang pangkal angkatan 2014',1,1,1,0,0,'ok');
/*!40000 ALTER TABLE `keu_modul` ENABLE KEYS */;

#
# Source for table "keu_modulpembayaran"
#

DROP TABLE IF EXISTS `keu_modulpembayaran`;
CREATE TABLE `keu_modulpembayaran` (
  `replid` int(10) unsigned NOT NULL AUTO_INCREMENT,
  `katmodulpembayaran` int(11) NOT NULL DEFAULT '0',
  `angkatan` int(10) NOT NULL DEFAULT '0',
  `nama` varchar(100) NOT NULL,
  `rek1` int(10) unsigned NOT NULL,
  `rek2` int(10) unsigned NOT NULL,
  `rek3` int(10) unsigned NOT NULL DEFAULT '0',
  `nominal` decimal(10,0) NOT NULL DEFAULT '0',
  `cicilan` decimal(10,0) NOT NULL DEFAULT '0',
  `diskon` decimal(10,0) NOT NULL DEFAULT '0',
  `biayaadmin` decimal(10,0) NOT NULL DEFAULT '0',
  `keterangan` varchar(200) NOT NULL,
  PRIMARY KEY (`replid`)
) ENGINE=MyISAM AUTO_INCREMENT=41 DEFAULT CHARSET=latin1;

#
# Data for table "keu_modulpembayaran"
#

/*!40000 ALTER TABLE `keu_modulpembayaran` DISABLE KEYS */;
INSERT INTO `keu_modulpembayaran` VALUES (4,2,3,'DPP angkatan 2013',6,194,29,0,0,0,0,'DPP'),(7,1,4,'Uang sekolah tahun ajaran 2013-2014',4,8,8,0,0,0,0,'ok'),(16,3,3,'Pendaftaran Tahun Ajaran 2014 - 2015 ',2,200,0,800000,0,0,0,'uang formulir = 300000\r\nuang joining fee = 500000'),(17,1,3,'SPP Tahun Ajaran 2014 - 2015',2,203,0,0,0,0,0,''),(19,1,1,'SPP Tahun Ajaran 2013 - 2014 ',2,203,0,0,0,0,0,''),(21,3,1,'Pendaftaran Tahun Ajaran 2013 - 2014',1,200,0,0,0,0,0,''),(24,2,7,'DPP Angkatan 2015',1,194,0,0,0,0,0,''),(25,3,7,'Pendaftaran Tahun Ajaran 2015 - 2016',1,200,0,0,0,0,0,''),(26,1,7,'SPP Tahun Ajaran 2015 - 2016',1,203,0,0,0,0,0,''),(27,2,1,'DPP Angkatan 2013',1,194,0,0,0,0,0,''),(28,2,2,'DPP Angkatan 2014',1,194,0,0,0,0,0,''),(29,3,2,'Pendaftaran Tahun Ajaran 2014 - 2015',1,200,0,0,0,0,0,''),(30,1,2,'SPP Tahun ajaran 2014 - 2015',1,203,0,0,0,0,0,''),(31,2,4,'DPP Angkatan 2014',1,194,0,0,0,0,0,''),(32,3,4,'Pendaftaran Tahun Ajaran 2014 - 2015',4,200,0,0,0,0,0,''),(33,2,12,'DPP Angkatan 2015',4,194,0,0,0,0,0,''),(34,3,12,'Pendaftaran Tahun Ajaran 2015 -2016',4,200,0,0,0,0,0,''),(35,1,12,'SPP Tahun Ajaran 2015 - 2016',4,203,23,0,0,0,0,''),(36,2,11,'DPP Angkatan 2015',2,194,0,0,0,0,0,''),(37,3,11,'Pendaftaran  Tahun Ajaran 2015 - 2016',3,200,0,0,0,0,0,''),(38,1,11,'SPP Tahun Ajaran 2015 -2016',4,203,0,0,0,0,0,''),(39,4,2,'Joining Fee Tahun  Angkatan 2014',1,195,0,0,0,0,0,'');
/*!40000 ALTER TABLE `keu_modulpembayaran` ENABLE KEYS */;

#
# Source for table "keu_nominalanggaran"
#

DROP TABLE IF EXISTS `keu_nominalanggaran`;
CREATE TABLE `keu_nominalanggaran` (
  `replid` int(10) NOT NULL AUTO_INCREMENT,
  `detilanggaran` int(10) NOT NULL,
  `bulan` int(2) NOT NULL,
  `nominal` double(14,0) NOT NULL DEFAULT '0',
  PRIMARY KEY (`replid`)
) ENGINE=InnoDB AUTO_INCREMENT=327 DEFAULT CHARSET=latin1;

#
# Data for table "keu_nominalanggaran"
#

INSERT INTO `keu_nominalanggaran` VALUES (203,37,1,10000000000),(204,37,2,10000000000),(205,37,3,10000000000),(206,37,4,10000000000),(207,37,5,10000000000),(208,37,6,10000000000),(209,37,7,10000000000),(210,37,8,10000000000),(211,37,9,10000000000),(212,37,10,10000000000),(213,37,11,10000000000),(214,37,12,10000000000),(231,39,1,46250),(232,39,2,46250),(233,39,3,46250),(234,39,4,46250),(235,39,5,46250),(236,39,6,46250),(237,39,7,46250),(238,39,8,46250),(239,39,9,46250),(240,39,10,46250),(241,39,11,46250),(242,39,12,46250),(243,40,1,10000),(244,40,2,10000),(245,40,3,10000),(246,40,4,10000),(247,40,5,10000),(248,40,6,10000),(249,40,7,10000),(250,40,8,10000),(251,40,9,10000),(252,40,10,10000),(253,40,11,10000),(254,40,12,10000),(255,41,1,30000),(256,41,2,30000),(257,41,3,30000),(258,41,4,30000),(259,41,5,30000),(260,41,6,30000),(261,41,7,30000),(262,41,8,30000),(263,41,9,30000),(264,41,10,30000),(265,41,11,30000),(266,41,12,30000),(267,42,1,1000000),(268,42,2,1000000),(269,42,3,1000000),(270,42,4,1000000),(271,42,5,1000000),(272,42,6,1000000),(273,42,7,1000000),(274,42,8,1000000),(275,42,9,1000000),(276,42,10,1000000),(277,42,11,1000000),(278,42,12,1000000),(279,43,1,20833333),(280,43,2,20833333),(281,43,3,20833333),(282,43,4,20833333),(283,43,5,20833333),(284,43,6,20833333),(285,43,7,20833333),(286,43,8,20833333),(287,43,9,20833333),(288,43,10,20833333),(289,43,11,20833333),(290,43,12,20833333),(291,44,1,416667),(292,44,2,416667),(293,44,3,416667),(294,44,4,416667),(295,44,5,416667),(296,44,6,416667),(297,44,7,416667),(298,44,8,416667),(299,44,9,416667),(300,44,10,416667),(301,44,11,416667),(302,44,12,416667),(303,45,1,10000),(304,45,2,10000),(305,45,3,10000),(306,45,4,10000),(307,45,5,10000),(308,45,6,10000),(309,45,7,10000),(310,45,8,10000),(311,45,9,10000),(312,45,10,10000),(313,45,11,10000),(314,45,12,10000),(315,0,1,0),(316,0,2,0),(317,0,3,0),(318,0,4,0),(319,0,5,0),(320,0,6,0),(321,0,7,0),(322,0,8,0),(323,0,9,0),(324,0,10,0),(325,0,11,54433360),(326,0,12,7675540);

#
# Source for table "keu_pembayaran"
#

DROP TABLE IF EXISTS `keu_pembayaran`;
CREATE TABLE `keu_pembayaran` (
  `replid` int(10) unsigned NOT NULL AUTO_INCREMENT,
  `modul` int(10) unsigned NOT NULL,
  `siswa` int(10) unsigned NOT NULL,
  `nominal` decimal(10,0) NOT NULL DEFAULT '0',
  `cicilan` decimal(10,0) NOT NULL DEFAULT '0',
  `lunas` enum('0','1') NOT NULL DEFAULT '0',
  `tanggal` date NOT NULL DEFAULT '0000-00-00',
  `keterangan` varchar(250) NOT NULL,
  PRIMARY KEY (`replid`)
) ENGINE=MyISAM AUTO_INCREMENT=3653 DEFAULT CHARSET=latin1;

#
# Data for table "keu_pembayaran"
#

/*!40000 ALTER TABLE `keu_pembayaran` DISABLE KEYS */;
/*!40000 ALTER TABLE `keu_pembayaran` ENABLE KEYS */;

#
# Source for table "keu_penerimaan"
#

DROP TABLE IF EXISTS `keu_penerimaan`;
CREATE TABLE `keu_penerimaan` (
  `replid` int(10) unsigned NOT NULL AUTO_INCREMENT,
  `reftipe` tinyint(3) unsigned NOT NULL DEFAULT '0',
  `refid` int(10) unsigned NOT NULL DEFAULT '0',
  `nominal` decimal(10,0) NOT NULL DEFAULT '0',
  PRIMARY KEY (`replid`)
) ENGINE=MyISAM DEFAULT CHARSET=latin1;

#
# Data for table "keu_penerimaan"
#

/*!40000 ALTER TABLE `keu_penerimaan` DISABLE KEYS */;
/*!40000 ALTER TABLE `keu_penerimaan` ENABLE KEYS */;

#
# Source for table "keu_penerimaanbrg"
#

DROP TABLE IF EXISTS `keu_penerimaanbrg`;
CREATE TABLE `keu_penerimaanbrg` (
  `replid` int(10) unsigned NOT NULL AUTO_INCREMENT,
  `nomerbukti` varchar(100) NOT NULL,
  `kodebrg` varchar(50) NOT NULL,
  `namabrg` varchar(100) NOT NULL,
  `unit` mediumint(8) unsigned NOT NULL DEFAULT '0',
  `satuan` varchar(10) NOT NULL,
  `nominal` decimal(10,0) NOT NULL DEFAULT '0',
  PRIMARY KEY (`replid`)
) ENGINE=MyISAM AUTO_INCREMENT=8 DEFAULT CHARSET=latin1;

#
# Data for table "keu_penerimaanbrg"
#

/*!40000 ALTER TABLE `keu_penerimaanbrg` DISABLE KEYS */;
INSERT INTO `keu_penerimaanbrg` VALUES (1,'AAA','ELKO001','',2,'unit',0),(2,'BBB','101','',1,'unit',20000),(3,'AA001','ELKO001','Macbook pro 15 inch',2,'unit',12000000),(4,'BB101','KEMTR0001','Supra X 125',1,'unit',15000000),(5,'AS989','ELKO001','Macbook pro 15 inch',1,'unit',12000000),(6,'ASD123','KEMTR0001','Supra X 125',1,'unit',18000000),(7,'ASDW123','ELKO001','Macbook pro 15 inch',1,'unit',12000000);
/*!40000 ALTER TABLE `keu_penerimaanbrg` ENABLE KEYS */;

#
# Source for table "keu_rekening"
#

DROP TABLE IF EXISTS `keu_rekening`;
CREATE TABLE `keu_rekening` (
  `replid` int(10) unsigned NOT NULL AUTO_INCREMENT,
  `kategorirek` int(10) unsigned NOT NULL,
  `kode` varchar(20) NOT NULL,
  `nama` varchar(100) NOT NULL,
  `nominal` decimal(10,0) DEFAULT NULL,
  `keterangan` varchar(200) NOT NULL,
  PRIMARY KEY (`replid`)
) ENGINE=MyISAM AUTO_INCREMENT=342 DEFAULT CHARSET=latin1;

#
# Data for table "keu_rekening"
#

/*!40000 ALTER TABLE `keu_rekening` DISABLE KEYS */;
INSERT INTO `keu_rekening` VALUES (1,1,'111101','KAS KECIL ',NULL,''),(2,1,'111102','KAS SATELIT',NULL,''),(3,1,'111103','KAS KERTAJAYA',NULL,''),(4,1,'111104','KAS RUNGKUT',NULL,''),(5,1,'111199','KAS DALAM PERJALANAN',NULL,''),(6,2,'111201','BCA AC NO. 5560060001',NULL,''),(7,2,'111202','BANK EKONOMI AC NO. 3031861275',NULL,''),(8,2,'111203','BCA AC NO. 4683800000',NULL,''),(9,2,'111204','DEPOSITO EKONOMI',NULL,''),(10,2,'111205','BANK MAYAPADA AC NO.201.300.17.000',NULL,''),(11,2,'111206','CIMB-NIAGA AC NO.216.01.00543.00.5 (dh.LIPPOBANK)',NULL,''),(12,2,'111207','DEPOSITO MAYAPADA/PANIN/CIMB',NULL,''),(13,2,'111208','DEPOSITO PANINBANK',NULL,''),(14,2,'111209','PANINBANK AC NO.448.50.8888.7',NULL,''),(15,2,'111210','MANDARI AC NO. 1420088800098',NULL,''),(16,2,'111211','BANK BCA 8290960101',NULL,''),(17,2,'111299','BANK DALAM PERJALANAN',NULL,''),(18,3,'111900','AYAT SILANG KAS DAN BANK',NULL,''),(19,3,'112100','TABUNGAN',NULL,''),(20,3,'112200','DEPOSITO BERJANGKA',NULL,''),(21,3,'112300','SURAT-SURAT BERHARGA',NULL,''),(22,3,'113100','PIUTANG USAHA',NULL,''),(23,3,'113200','PIUTANG YANG BELUM DIFAKTURKAN',NULL,''),(24,3,'113300','PIUTANG CEK/GIRO MUNDUR',NULL,''),(25,3,'113400','CADANGAN PIUTANG RAGU-RAGU',NULL,''),(26,3,'113500','PIUTANG DIREKSI',NULL,''),(27,3,'113600','PIUTANG KARYAWAN',NULL,''),(28,3,'113700','PIUTANG PIHAK III',NULL,''),(29,3,'113999','PIUTANG LAIN-LAIN',NULL,''),(30,3,'114100','UANG MUKA PEMBELIAN',NULL,''),(31,3,'114901','TANAH',NULL,''),(32,3,'114902','KENDARAAN',NULL,''),(33,3,'114903','MESIN DAN PERALATAN',NULL,''),(34,3,'114904','BANGUNAN',NULL,''),(35,3,'114905','INVENTARIS',NULL,''),(36,3,'114906','UANG MUKA PERJALANAN',NULL,''),(37,3,'114999','LAIN-LAIN',NULL,''),(38,3,'116121','PPH PASAL 21',NULL,''),(39,3,'116122','PPH PASAL 22',NULL,''),(40,3,'116123','PPH PASAL 23',NULL,''),(41,3,'116125','PPH PASAL 25',NULL,''),(42,3,'116126','PPH PASAL 26',NULL,''),(43,3,'116151','PPN MASUKAN YANG SUDAH DIKREDITKAN',NULL,''),(44,3,'116152','PPN MASUKAN YANG BELUM DIKREDITKAN',NULL,''),(45,3,'116201','ASURANSI',NULL,''),(46,3,'116202','SEWA',NULL,''),(47,3,'116203','BUNGA LEASING',NULL,''),(48,3,'116204','ONGKOS ANGKUT',NULL,''),(49,3,'116299','LAIN-LAIN',NULL,''),(50,3,'121000','PENYERTAAN DALAM SURAT BERHARGA',NULL,''),(51,3,'122000','PENYERTAAN DALAM AKTIVA TETAP',NULL,''),(52,3,'123000','PENYERTAAN LAIN-LAIN',NULL,''),(53,3,'141100','TANAH KANTOR',NULL,''),(54,3,'141251','PRASARANA JALAN',NULL,''),(55,3,'141252','PRASARANA SALURAN AIR',NULL,''),(56,3,'141253','PRASARANA TAMAN',NULL,''),(57,3,'141301','INSTALASI LISTRIK',NULL,''),(58,3,'141302','INSTALASI AIR',NULL,''),(59,3,'141303','INSTALASI TELEPON',NULL,''),(60,3,'141401','MESIN-MESIN',NULL,''),(61,3,'141451','MESIN-MESIN LEASING',NULL,''),(62,3,'141501','KENDARAAN',NULL,''),(63,3,'141551','KENDARAAN LEASING KANTOR',NULL,''),(64,3,'141601','INVENTARIS',NULL,''),(65,3,'145201','AKUM. PENY. BANGUNAN KANTOR',NULL,''),(66,3,'145202','AKUM. PENY. BANGUNAN KANTIN',NULL,''),(67,3,'145203','AKUM. PENY. BANGUNAN MESS',NULL,''),(68,3,'145251','AKUM. PENY. PRASARANA JALAN',NULL,''),(69,3,'145252','AKUM. PENY. PRASARANA SALURAN AIR',NULL,''),(70,3,'145253','AKUM. PENY. PRASARANA TAMAN',NULL,''),(71,3,'145301','AKUM. PENY. INSTALASI LISTRIK',NULL,''),(72,3,'145302','AKUM. PENY. INSTALASI AIR',NULL,''),(73,3,'145303','AKUM. PENY. INSTALASI TELPON',NULL,''),(74,3,'145401','AKUM. PENY. KENDARAAN KANTOR',NULL,''),(75,3,'145451','AKUM. PENY. KENDARAAN LEASING KANTOR',NULL,''),(76,3,'145501','AKUM. PENY. INVENTARIS KANTOR',NULL,''),(77,3,'145502','AKUM. PENY. INVENTARIS KANTIN',NULL,''),(78,3,'151000','GOODWILL',NULL,''),(79,3,'152000','HAK PATEN',NULL,''),(80,3,'153000','LISENSI',NULL,''),(81,3,'154000','AKTIVA TIDAK BERWUJUD LAIN-LAIN',NULL,''),(82,3,'161101','BIAYA PENDIRIAN',NULL,''),(83,3,'161102','GAJI, TUNJANGAN',NULL,''),(84,3,'161103','BIAYA PERJALANAN DINAS',NULL,''),(85,3,'161104','ALAT TULIS & KEPERLUAN KANTOR',NULL,''),(86,3,'161105','IJIN, LEGAL DAN PROFESIONAL FEE',NULL,''),(87,3,'161106','ENTERTAINMENT,REPRESEN,SUMBANGAN',NULL,''),(88,3,'161107','TELEPON, FAX, TELEGRAM, KIRIM SURAT',NULL,''),(89,3,'161108','BENSIN, PARKIR, TOL',NULL,''),(90,3,'161109','BIAYA ADMINISTRASI BANK',NULL,''),(91,3,'161110','BAHAN PENOLONG',NULL,''),(92,3,'161111','BIAYA IKLAN',NULL,''),(93,3,'161112','PAJAK-PAJAK',NULL,''),(94,3,'161113','REKENING LISTRIK, AIR',NULL,''),(95,3,'161114','BIAYA STNK, BBN, DLL',NULL,''),(96,3,'161115','BUNGA, FEE, PROVISI BANK, DLL',NULL,''),(97,3,'161116','BIAYA PERESMIAN',NULL,''),(98,3,'161117','BIAYA BAHAN BAKAR',NULL,''),(99,3,'161118','REPARASI & PEMELIHARAAN KANTOR',NULL,''),(100,3,'161119','TRAINING, SEMINAR, TEST, DLL',NULL,''),(101,3,'161120','BIAYA MAKAN DAN MINUM',NULL,''),(102,3,'161121','PPH PASAL 21',NULL,''),(103,3,'161122','PPH PASAL 22',NULL,''),(104,3,'161123','PPH PASAL 23',NULL,''),(105,3,'161124','REPARASI & PEMELIHARAAN KENDARAAN',NULL,''),(106,3,'161125','REPARASI & PEMELIHARAAN MESS',NULL,''),(107,3,'161126','REPARASI & PEMELIHARAAN TANKI',NULL,''),(108,3,'161127','BIAYA PENGURUSAN LISTRIK',NULL,''),(109,3,'161128','REPARASI & PEMELIHARAAN BOTOL',NULL,''),(110,3,'161129','BIAYA SEWA GEDUNG',NULL,''),(111,3,'161130','BIAYA BUNGA LEASING',NULL,''),(112,3,'161143','SELISIH KURS',NULL,''),(113,3,'161144','BIAYA BUNGA PINJAMAN',NULL,''),(114,3,'161145','IURAN DAN ASURANSI',NULL,''),(115,3,'161146','BIAYA KEAMANAN',NULL,''),(116,3,'161148','BIAYA PRA-OPERASI LAIN-LAIN',NULL,''),(117,3,'161151','PENDAPATAN JASA GIRO',NULL,''),(118,3,'161152','PENDAPATAN BUNGA DEPOSITO',NULL,''),(119,3,'161153','PENDAPATAN BUNGA BANK',NULL,''),(120,3,'161154','PENDAPATAN BUNGA PIHAK III',NULL,''),(121,3,'161199','PENDAPATAN PRA-OPERASI LAIN-LAIN',NULL,''),(122,3,'161500','AKUM.AMORTISASI BIAYA PRA-OPERASI',NULL,''),(123,3,'162100','UANG JAMINAN LISTRIK',NULL,''),(124,3,'162200','UANG JAMINAN TELEPON',NULL,''),(125,3,'163000','BIAYA YANG DITANGGUHKAN',NULL,''),(126,3,'164000','BUNGA DALAM MASA KONSTRUKSI (IDC)',NULL,''),(127,3,'165201','BANGUNAN ',NULL,''),(128,3,'165301','INSTALASI LISTRIK',NULL,''),(129,3,'165302','INSTALASI AIR',NULL,''),(130,3,'165303','INSTALASI TELEPON',NULL,''),(131,3,'166000','BIAYA PENELITIAN DAN PENGEMBANGAN',NULL,''),(132,3,'169000','AKTIVA LAIN-LAIN',NULL,''),(133,4,'211101','BANK',NULL,''),(134,4,'211201','BANK',NULL,''),(135,4,'211501','BANK',NULL,''),(136,4,'211601','BANK',NULL,''),(137,4,'212100','HUTANG USAHA',NULL,''),(138,4,'212200','HUTANG YANG BELUM DIFAKTURKAN',NULL,''),(139,4,'212300','HUTANG CEK/BILYET GIRO MUNDUR',NULL,''),(140,4,'212901','HUTANG PIHAK KETIGA',NULL,''),(141,4,'212902','HUTANG PERSEDIAAN',NULL,''),(142,4,'212903','HUTANG KENDARAAN',NULL,''),(143,4,'212904','HUTANG BANGUNAN',NULL,''),(144,4,'212905','HUTANG INVENTARIS',NULL,''),(145,4,'212906','HUTANG VOUCHER',NULL,''),(146,4,'212907','HUTANG KPD GKA ELYON',NULL,''),(147,4,'212999','LAIN-LAIN',NULL,''),(148,4,'213100','UANG MUKA PENJUALAN',NULL,''),(149,4,'213900','UANG MUKA LAIN-LAIN',NULL,''),(150,4,'214104','PPH PASAL 4 AYAT 2',NULL,''),(151,4,'214121','PPH PASAL 21',NULL,''),(152,4,'214122','PPH PASAL 22',NULL,''),(153,4,'214123','PPH PASAL 23',NULL,''),(154,4,'214125','PPH PASAL 25',NULL,''),(155,4,'214126','PPH PASAL 26',NULL,''),(156,4,'214129','PPH PASAL 29',NULL,''),(157,4,'214151','PPN KELUARAN YANG SUDAH DIFAKTURKAN',NULL,''),(158,4,'214152','PPN KELUARAN YANG BELUM DIFAKTURKAN',NULL,''),(159,4,'214201','BUNGA',NULL,''),(160,4,'214202','SEWA',NULL,''),(161,4,'214203','GAJI DAN HONOR',NULL,''),(162,4,'214204','MAKAN DAN LEMBUR',NULL,''),(163,4,'214205','LISTRIK',NULL,''),(164,4,'214206','TUNJANGAN TRANSPORT-MAINTENANCE',NULL,''),(165,4,'214207','TELEPON',NULL,''),(166,4,'214208','SURAT KABAR/MAJALAH',NULL,''),(167,4,'214209','KOMISI',NULL,''),(168,4,'214210','BIAYA ADMINISTRASI BANK',NULL,''),(169,4,'214211','PAJAK WAPU/WAJIB PUNGUT',NULL,''),(170,4,'214212','JAMSOSTEK',NULL,''),(171,4,'214213','PREMI DISTRIBUSI',NULL,''),(172,4,'214214','ONGKOS ANGKUT',NULL,''),(173,4,'214299','LAIN-LAIN',NULL,''),(174,4,'215121','PPH PASAL 21',NULL,''),(175,4,'215122','PPH PASAL 22',NULL,''),(176,4,'215123','PPH PASAL 23',NULL,''),(177,4,'215125','PPH PASAL 25',NULL,''),(178,4,'215201','PPN KELUARAN',NULL,''),(179,4,'215202','PPN EKS KEPPRES',NULL,''),(180,4,'216101','HUTANG LEASING KENDARAAN',NULL,''),(181,4,'219101','HUTANG DEVIDEN',NULL,''),(182,4,'219199','LAIN-LAIN',NULL,''),(183,4,'221101','BANK',NULL,''),(184,4,'221201','BANK',NULL,''),(185,4,'22210','HUTANG LEASING KENDARAAN',NULL,''),(186,4,'223000','HUTANG PADA PEMEGANG SAHAM',NULL,''),(187,4,'230000','HUTANG LAIN - LAIN',NULL,''),(188,4,'240000','HUTANG YG. DISUBORDINASI',NULL,''),(189,4,'250000','KEWAJIBAN BERSYARAT',NULL,''),(190,5,'311101','TIDAK TERIKAT',NULL,''),(191,5,'312101','TEMPORER...........',NULL,''),(192,5,'312201','PERMANEN......',NULL,''),(193,6,'411101','DANA DARI DONATUR',NULL,''),(194,6,'411102','DPP (DANA PEMBANGUNAN & PENGEMBANGAN)',NULL,''),(195,6,'411103','DANA JOINING',NULL,''),(196,6,'411104','DPP SUKARELA (DANA PEMBANGUNAN & PENGEMBANGAN)',NULL,''),(197,6,'411105','DANA STUDENT EXCHANGE',NULL,''),(198,6,'411201','SUMBANGAN TERIKAT TEMPORER',NULL,''),(199,6,'411202','SUMBANGAN TERIKAT PERMANEN',NULL,''),(200,6,'412101','PENJUALAN FORMULIR + PSIKOTES',NULL,''),(201,6,'412102','UANG KEG. EKSTRAKURIKULER',NULL,''),(202,6,'412103','UANG PENDAFTARAN ULANG',NULL,''),(203,6,'412104','UANG SEKOLAH',NULL,''),(204,6,'412105','PENDAPATAN PENJUALAN SERAGAM',NULL,''),(205,6,'412106','PENDAPATAN PENJUALAN BUKU',NULL,''),(206,6,'412107','PENDAPATAN PENJUALAN CD/VCD/DVD',NULL,''),(207,6,'412108','PENDAPATAN LAIN-LAIN',NULL,''),(208,6,'412109','PENDAPATAN LUNCH',NULL,''),(209,6,'412110','PENDAPATAN STATIONERY DAN HANDOUT, MATERIAL FEE',NULL,''),(210,6,'412111','DENDA KETERLAMBATAN BAYAR UANG SEKOLAH',NULL,''),(211,6,'412112','PENDAPATAN CHECK POINT',NULL,''),(212,6,'412113','PENDAPATAN UJIAN HSK',NULL,''),(213,6,'412114','PENDAPATAN DAY CARE',NULL,''),(214,6,'421101','PENGHASILAN INVESTASI TIDAK TERIKAT JANGKA PANJANG',NULL,''),(215,6,'421102','PENGHASILAN INVESTASI TIDAK TERIKAT LAIN-LAIN',NULL,''),(216,6,'421103','PENGHASILAN INVESTASI TIDAK TERIKAT JANGKA PANJANG ',NULL,''),(217,6,'421201','PENGHASILAN INVESTASI TERIKAT TEMPORER',NULL,''),(218,6,'421202','PENGHASILAN INVESTASI TERIKAT PERMANEN',NULL,''),(219,7,'511101','GAJI',NULL,''),(220,7,'511102','HONOR',NULL,''),(221,7,'511103','LEMBUR',NULL,''),(222,7,'511104','PESANGON',NULL,''),(223,7,'511105','UANG MAKAN',NULL,''),(224,7,'511106','BONUS',NULL,''),(225,7,'511107','TUNJANGAN HARI RAYA',NULL,''),(226,7,'511108','PPH PASAL 21',NULL,''),(227,7,'511109','KESEJAHTERAAN KARYAWAN',NULL,''),(228,7,'511110','JAMINAN KECELAKAAN KERJA ( JKK )',NULL,''),(229,7,'511111','JAMINAN KEMATIAN ( JKM )',NULL,''),(230,7,'511112','JAMINAN HARI TUA ( JHT )',NULL,''),(231,7,'511113','JAMINAN PEMELIHARAAN KESEHATAN (JPK)',NULL,''),(232,7,'511114','TUNJANGAN DANA PENSIUN',NULL,''),(233,7,'511115','TUNJANGAN KESEHATAN',NULL,''),(234,7,'511116','TUNJANGAN TRANSPORT',NULL,''),(235,7,'511117','JAMSOSTEK',NULL,''),(236,7,'511119','PREMI ',NULL,''),(237,7,'511199','TUNJANGAN LAIN-LAIN',NULL,''),(238,7,'512101','BI.BAHAN PERB. & PEMELIHARAAN BANGUNAN & PRASARANA',NULL,''),(239,7,'512102','BI.BAHAN PERB. & PEMELIHARAAN KEND.',NULL,''),(240,7,'512103','BI.BAHAN PERB. & PEMELIHARAAN INVENTARIS',NULL,''),(241,7,'512199','BI.BAHAN PERB. & PEMELIHARAAN LAIN-LAIN',NULL,''),(242,7,'512201','PENYUSUTAN BANGUNAN & PRASARANA',NULL,''),(243,7,'512202','PENYUSUTAN KENDARAAN',NULL,''),(244,7,'512203','PENYUSUTAN INVENTARIS',NULL,''),(245,7,'512204','PENYUSUTAN INSTALASI',NULL,''),(246,7,'512301','TRANSPORTASI ( BENSIN, TIKET )',NULL,''),(247,7,'512302','MAKANAN & MINUMAN',NULL,''),(248,7,'512303','PENGINAPAN',NULL,''),(249,7,'512304','UANG SAKU',NULL,''),(250,7,'512399','LAIN-LAIN ( PARKIR, TOL )',NULL,''),(251,7,'512401','SEWA BANGUNAN',NULL,''),(252,7,'512402','SEWA KENDARAAN',NULL,''),(253,7,'512403','SEWA INVENTARIS KANTOR',NULL,''),(254,7,'512451','ASURANSI BANGUNAN',NULL,''),(255,7,'512452','ASURANSI KENDARAAN',NULL,''),(256,7,'512453','ASURANSI INVENTARIS',NULL,''),(257,7,'512501','TELEPON',NULL,''),(258,7,'512502','TELEX',NULL,''),(259,7,'512503','TELEGRAM',NULL,''),(260,7,'512504','INTERLOKAL NON TELEPON INTERN',NULL,''),(261,7,'512505','FACSIMILE',NULL,''),(262,7,'512599','LAIN - LAIN',NULL,''),(263,7,'512601','AIR',NULL,''),(264,7,'512602','LISTRIK',NULL,''),(265,7,'512603','ALAT-ALAT LISTRIK',NULL,''),(266,7,'512701','AKUNTAN',NULL,''),(267,7,'512702','NOTARIS',NULL,''),(268,7,'512703','KONSULTAN',NULL,''),(269,7,'512704','MANAGEMENT FEE',NULL,''),(270,7,'512801','ADMINISTRASI BANK',NULL,''),(271,7,'512802','BUKU CEK / BG',NULL,''),(272,7,'512803','TRANSFER, KIRIM UANG , INKASO',NULL,''),(273,7,'512804','PAJAK BUNGA BANK',NULL,''),(274,7,'512901','BIAYA ADMINISTRASI KENDARAAN',NULL,''),(275,7,'512902','BIAYA BUNGA ANGSURAN KENDARAAN',NULL,''),(276,7,'512903','BIAYA BUNGA KREDIT BANK',NULL,''),(277,7,'513101','ALAT - ALAT TULIS, PERCETAKAN & ALAT KANTOR',NULL,''),(278,7,'513102','PERANGKO, MATERAI, KIRIM SURAT',NULL,''),(279,7,'513103','FOTOCOPY/LAMINATING/CETAK FOTO',NULL,''),(280,7,'513104','ALAT - ALAT PENGAJARAN ',NULL,''),(281,7,'513105','PERLENGKAPAN KELAS',NULL,''),(282,7,'513106','JASA PEMBELAJARAN',NULL,''),(283,7,'513201','PERIJINAN',NULL,''),(284,7,'513202','PAJAK - PAJAK DAERAH,PBB',NULL,''),(285,7,'513203','STNK',NULL,''),(286,7,'513211','RETRIBUSI SAMPAH',NULL,''),(287,7,'513301','SUMBANGAN',NULL,''),(288,7,'513302','ENTERTAINMENT',NULL,''),(289,7,'513303','JAMUAN ',NULL,''),(290,7,'513401','KEAMANAN',NULL,''),(291,7,'513501','PENDAFTARAN',NULL,''),(292,7,'513502','IURAN',NULL,''),(293,7,'513601','BIAYA PENGOBATAN',NULL,''),(294,7,'513701','MAKANAN DAN MINUMAN',NULL,''),(295,7,'513702','BAHAN BAKAR DAN PARKIR/TRANSPORT',NULL,''),(296,7,'513703','SERAGAM ',NULL,''),(297,7,'513704','SEWA DISPENSER',NULL,''),(298,7,'513705','OLAH RAGA DAN KESENIAN',NULL,''),(299,7,'513706','BIAYA TRAINING, SEMINAR DAN STUDI BANDING',NULL,''),(300,7,'513707','BUKU, VCD',NULL,''),(301,7,'513708','ATRIBUT SEKOLAH',NULL,''),(302,7,'513709','BIAYA PSIKOTES',NULL,''),(303,7,'513710','BIAYA ADVERTENSI ( IKLAN )',NULL,''),(304,7,'513711','BIAYA STUDY TOUR',NULL,''),(305,7,'513712','BIAYA PERLOMBAAN & PERAYAAN',NULL,''),(306,7,'513713','STIKER U/ MURID',NULL,''),(307,7,'513714','BIAYA TES KESEHATAN',NULL,''),(308,7,'513715','BIAYA KOMISI PENGEMBANGAN',NULL,''),(309,7,'513716','BIAYA PAMERAN',NULL,''),(310,7,'513799','LAIN - LAIN',NULL,''),(311,7,'513801','KANTIN',NULL,''),(312,7,'513802','DAPUR',NULL,''),(313,7,'513803','BIAYA KEBERSIHAN',NULL,''),(314,7,'513804','BIAYA KEPERLUAN KEBUN/TAMAN',NULL,''),(315,7,'513805','JASA CLEANING SERVICE',NULL,''),(316,7,'513806','',NULL,''),(317,7,'513807','BIAYA MESS',NULL,''),(318,7,'513901','SELAMATAN',NULL,''),(319,7,'513902','BIAYA PENGURUSAN SURAT LAIN - LAIN',NULL,''),(320,7,'513903','DENDA PAJAK',NULL,''),(321,7,'513904','KOREKSI TAHUN LALU',NULL,''),(322,7,'513998','LAIN - LAIN (SELISIH KURS)',NULL,''),(323,7,'513999','LAIN - LAIN (SELISIH KAS)',NULL,''),(324,7,'514001','TRANSPORT',NULL,''),(325,7,'514002','MAKAN & MINUM (RAPAT)',NULL,''),(326,7,'514099','LAIN-LAIN',NULL,''),(327,7,'514101','BUKU',NULL,''),(328,7,'514102','VCD',NULL,''),(329,7,'514103','SERAGAM ',NULL,''),(330,7,'514104','ATRIBUT SEKOLAH',NULL,''),(331,7,'514105','BIAYA PSIKOTES',NULL,''),(332,7,'514106','BIAYA STUDY TOUR/FIELD TRIP',NULL,''),(333,7,'514107','BIAYA PERLOMBAAN ',NULL,''),(334,7,'514108','EKSTRAKURIKULER',NULL,''),(335,7,'514109','BIAYA STUDENT EXCHANGE',NULL,''),(336,7,'514110','BIAYA CHECK POINT',NULL,''),(337,7,'514199','LAIN - LAIN',NULL,''),(340,1,'111109','test rekening dua x',5500000,'keterangan tes dua');
/*!40000 ALTER TABLE `keu_rekening` ENABLE KEYS */;

#
# Source for table "keu_saldorekening"
#

DROP TABLE IF EXISTS `keu_saldorekening`;
CREATE TABLE `keu_saldorekening` (
  `replid` int(10) NOT NULL AUTO_INCREMENT,
  `rekening` int(10) NOT NULL,
  `tahunbuku` int(10) NOT NULL,
  `nominal` double(14,0) NOT NULL DEFAULT '0',
  `nominal2` double(14,0) NOT NULL DEFAULT '0',
  PRIMARY KEY (`replid`)
) ENGINE=InnoDB AUTO_INCREMENT=493 DEFAULT CHARSET=latin1;

#
# Data for table "keu_saldorekening"
#

INSERT INTO `keu_saldorekening` VALUES (155,1,1,100000,285000),(156,2,1,100000,100000),(157,3,1,100000,105000),(158,4,1,100000,100000),(159,5,1,100000,100000),(160,6,1,100000,65000),(161,7,1,100000,100000),(162,8,1,100000,100000),(163,9,1,100000,100000),(164,10,1,100000,100000),(165,11,1,100000,100000),(166,12,1,100000,100000),(167,13,1,100000,100000),(168,14,1,100000,100000),(169,15,1,100000,100000),(170,16,1,100000,100000),(171,17,1,100000,100000),(172,18,1,100000,100000),(173,19,1,100000,100000),(174,20,1,100000,100000),(175,21,1,100000,100000),(176,22,1,100000,50000),(177,23,1,100000,100000),(178,24,1,100000,100000),(179,25,1,100000,95000),(180,26,1,100000,100000),(181,27,1,100000,100000),(182,28,1,100000,100000),(183,29,1,100000,100000),(184,30,1,100000,100000),(185,31,1,100000,100000),(186,32,1,100000,100000),(187,33,1,100000,100000),(188,34,1,100000,100000),(189,35,1,100000,100000),(190,36,1,100000,100000),(191,37,1,100000,100000),(192,38,1,100000,100000),(193,39,1,100000,100000),(194,40,1,100000,100000),(195,41,1,100000,100000),(196,42,1,100000,100000),(197,43,1,100000,100000),(198,44,1,100000,100000),(199,45,1,100000,100000),(200,46,1,100000,100000),(201,47,1,100000,100000),(202,48,1,100000,100000),(203,49,1,100000,100000),(204,50,1,100000,100000),(205,61,1,100000,100000),(206,62,1,100000,100000),(207,63,1,100000,100000),(208,64,1,100000,100000),(209,65,1,100000,100000),(210,66,1,100000,100000),(211,67,1,100000,100000),(212,68,1,100000,100000),(213,69,1,100000,100000),(214,70,1,100000,100000),(215,71,1,100000,100000),(216,72,1,100000,100000),(217,73,1,100000,100000),(218,74,1,100000,100000),(219,75,1,100000,100000),(220,76,1,100000,100000),(221,77,1,100000,100000),(222,78,1,100000,100000),(223,79,1,100000,100000),(224,80,1,100000,100000),(225,331,1,100000,100000),(226,332,1,100000,100000),(227,333,1,100000,100000),(228,334,1,100000,100000),(229,335,1,100000,100000),(230,336,1,100000,100000),(231,337,1,100000,100000),(232,340,1,100000,100000),(233,53,1,100000,100000),(234,54,1,100000,100000),(235,55,1,100000,100000),(236,56,1,100000,100000),(237,57,1,100000,100000),(238,58,1,100000,100000),(239,59,1,100000,100000),(240,60,1,100000,100000),(241,81,1,100000,100000),(242,82,1,100000,100000),(243,323,1,100000,100000),(244,324,1,100000,100000),(245,325,1,100000,100000),(246,326,1,100000,100000),(247,327,1,100000,100000),(248,328,1,100000,100000),(249,329,1,100000,100000),(250,330,1,100000,100000),(251,315,1,100000,100000),(252,316,1,100000,100000),(253,317,1,100000,100000),(254,318,1,100000,100000),(255,319,1,100000,100000),(256,320,1,100000,100000),(257,321,1,100000,100000),(258,322,1,100000,100000),(259,307,1,100000,100000),(260,308,1,100000,100000),(261,309,1,100000,100000),(262,310,1,100000,100000),(263,311,1,100000,100000),(264,312,1,100000,100000),(265,313,1,100000,100000),(266,314,1,100000,100000),(267,299,1,100000,100000),(268,300,1,100000,100000),(269,301,1,100000,100000),(270,302,1,100000,100000),(271,303,1,100000,100000),(272,304,1,100000,100000),(273,305,1,100000,100000),(274,306,1,100000,100000),(275,291,1,100000,100000),(276,292,1,100000,100000),(277,293,1,100000,100000),(278,294,1,100000,100000),(279,295,1,100000,100000),(280,296,1,100000,100000),(281,297,1,100000,100000),(282,298,1,100000,100000),(283,283,1,100000,100000),(284,284,1,100000,100000),(285,285,1,100000,100000),(286,286,1,100000,100000),(287,287,1,100000,100000),(288,288,1,100000,100000),(289,289,1,100000,100000),(290,290,1,100000,100000),(291,275,1,100000,100000),(292,276,1,100000,100000),(293,277,1,100000,100000),(294,278,1,100000,100000),(295,279,1,100000,100000),(296,280,1,100000,100000),(297,281,1,100000,100000),(298,282,1,100000,100000),(299,267,1,100000,100000),(300,268,1,100000,100000),(301,269,1,100000,100000),(302,270,1,100000,100000),(303,271,1,100000,100000),(304,272,1,100000,100000),(305,273,1,100000,100000),(306,274,1,100000,100000),(307,259,1,100000,100000),(308,260,1,100000,100000),(309,261,1,100000,100000),(310,262,1,100000,100000),(311,263,1,100000,100000),(312,264,1,100000,100000),(313,265,1,100000,100000),(314,266,1,100000,100000),(315,251,1,100000,100000),(316,252,1,100000,100000),(317,253,1,100000,100000),(318,254,1,100000,100000),(319,255,1,100000,100000),(320,256,1,100000,100000),(321,257,1,100000,100000),(322,258,1,100000,100000),(323,243,1,100000,100000),(324,244,1,100000,100000),(325,245,1,100000,100000),(326,246,1,100000,100000),(327,247,1,100000,100000),(328,248,1,100000,100000),(329,249,1,100000,100000),(330,250,1,100000,100000),(331,235,1,100000,100000),(332,236,1,100000,100000),(333,237,1,100000,100000),(334,238,1,100000,100000),(335,239,1,100000,100000),(336,240,1,100000,100000),(337,241,1,100000,100000),(338,242,1,100000,100000),(339,227,1,100000,100000),(340,228,1,100000,100000),(341,229,1,100000,100000),(342,230,1,100000,100000),(343,231,1,100000,100000),(344,232,1,100000,100000),(345,233,1,100000,100000),(346,234,1,100000,100000),(347,219,1,100000,100000),(348,220,1,100000,100000),(349,221,1,100000,100000),(350,222,1,100000,135000),(351,223,1,100000,100000),(352,224,1,100000,100000),(353,225,1,100000,100000),(354,226,1,100000,100000),(355,211,1,100000,100000),(356,212,1,100000,100000),(357,213,1,100000,100000),(358,214,1,100000,100000),(359,215,1,100000,100000),(360,216,1,100000,100000),(361,217,1,100000,100000),(362,218,1,100000,100000),(363,203,1,100000,30000),(364,204,1,100000,100000),(365,205,1,100000,100000),(366,206,1,100000,100000),(367,207,1,100000,100000),(368,208,1,100000,100000),(369,209,1,100000,100000),(370,210,1,100000,100000),(371,195,1,100000,100000),(372,196,1,100000,100000),(373,197,1,100000,100000),(374,198,1,100000,100000),(375,199,1,100000,100000),(376,200,1,100000,100000),(377,201,1,100000,100000),(378,202,1,100000,100000),(379,187,1,100000,100000),(380,188,1,100000,100000),(381,189,1,100000,100000),(382,190,1,100000,100000),(383,191,1,100000,100000),(384,192,1,100000,100000),(385,193,1,100000,100000),(386,194,1,100000,100000),(387,179,1,100000,100000),(388,180,1,100000,100000),(389,181,1,100000,100000),(390,182,1,100000,100000),(391,183,1,100000,100000),(392,184,1,100000,100000),(393,185,1,100000,100000),(394,186,1,100000,100000),(395,171,1,100000,100000),(396,172,1,100000,100000),(397,173,1,100000,100000),(398,174,1,100000,100000),(399,175,1,100000,100000),(400,176,1,100000,100000),(401,177,1,100000,100000),(402,178,1,100000,100000),(403,163,1,100000,100000),(404,164,1,100000,100000),(405,165,1,100000,100000),(406,166,1,100000,100000),(407,167,1,100000,100000),(408,168,1,100000,100000),(409,169,1,100000,100000),(410,170,1,100000,100000),(411,155,1,100000,100000),(412,156,1,100000,100000),(413,157,1,100000,100000),(414,158,1,100000,100000),(415,159,1,100000,100000),(416,160,1,100000,100000),(417,161,1,100000,100000),(418,162,1,100000,100000),(419,147,1,100000,100000),(420,148,1,100000,100000),(421,149,1,100000,100000),(422,150,1,100000,100000),(423,151,1,100000,100000),(424,152,1,100000,100000),(425,153,1,100000,100000),(426,154,1,100000,100000),(427,139,1,100000,100000),(428,140,1,100000,100000),(429,141,1,100000,100000),(430,142,1,100000,100000),(431,143,1,100000,100000),(432,144,1,100000,100000),(433,145,1,100000,100000),(434,146,1,100000,100000),(435,131,1,100000,100000),(436,132,1,100000,100000),(437,133,1,100000,100000),(438,134,1,100000,100000),(439,135,1,100000,100000),(440,136,1,100000,100000),(441,137,1,100000,100000),(442,138,1,100000,100000),(443,123,1,100000,100000),(444,124,1,100000,100000),(445,125,1,100000,100000),(446,126,1,100000,100000),(447,127,1,100000,100000),(448,128,1,100000,100000),(449,129,1,100000,100000),(450,130,1,100000,100000),(451,115,1,100000,100000),(452,116,1,100000,100000),(453,117,1,100000,100000),(454,118,1,100000,100000),(455,119,1,100000,100000),(456,120,1,100000,100000),(457,121,1,100000,100000),(458,122,1,100000,100000),(459,107,1,100000,100000),(460,108,1,100000,100000),(461,109,1,100000,100000),(462,110,1,100000,100000),(463,111,1,100000,100000),(464,112,1,100000,100000),(465,113,1,100000,100000),(466,114,1,100000,100000),(467,99,1,100000,100000),(468,100,1,100000,100000),(469,101,1,100000,100000),(470,102,1,100000,100000),(471,103,1,100000,100000),(472,104,1,100000,100000),(473,105,1,100000,100000),(474,106,1,100000,100000),(475,91,1,100000,100000),(476,92,1,100000,100000),(477,93,1,100000,100000),(478,94,1,100000,100000),(479,95,1,100000,100000),(480,96,1,100000,100000),(481,97,1,100000,100000),(482,98,1,100000,100000),(483,83,1,100000,35000),(484,84,1,100000,100000),(485,85,1,100000,100000),(486,86,1,100000,100000),(487,87,1,100000,100000),(488,88,1,100000,100000),(489,89,1,100000,100000),(490,90,1,100000,100000),(491,51,1,100000,100000),(492,52,1,100000,100000);

#
# Source for table "keu_tahunbuku"
#

DROP TABLE IF EXISTS `keu_tahunbuku`;
CREATE TABLE `keu_tahunbuku` (
  `replid` int(10) unsigned NOT NULL AUTO_INCREMENT,
  `nama` varchar(100) NOT NULL,
  `tanggal1` date NOT NULL DEFAULT '0000-00-00',
  `tanggal2` date NOT NULL DEFAULT '0000-00-00',
  `kode` varchar(20) NOT NULL,
  `saldoawal` decimal(10,0) NOT NULL DEFAULT '0',
  `aktif` enum('1','0') NOT NULL DEFAULT '1',
  `keterangan` varchar(200) NOT NULL,
  PRIMARY KEY (`replid`)
) ENGINE=MyISAM AUTO_INCREMENT=14 DEFAULT CHARSET=latin1;

#
# Data for table "keu_tahunbuku"
#

/*!40000 ALTER TABLE `keu_tahunbuku` DISABLE KEYS */;
INSERT INTO `keu_tahunbuku` VALUES (1,'2014','2015-01-01','0000-00-00','',649100,'1','Kas Satelit'),(5,'2015','2015-05-21','0000-00-00','',0,'0','tes'),(13,'77','2014-10-23','0000-00-00','',0,'0','');
/*!40000 ALTER TABLE `keu_tahunbuku` ENABLE KEYS */;

#
# Source for table "keu_transaksi"
#

DROP TABLE IF EXISTS `keu_transaksi`;
CREATE TABLE `keu_transaksi` (
  `replid` int(10) unsigned NOT NULL AUTO_INCREMENT,
  `tahunbuku` int(10) unsigned NOT NULL DEFAULT '0',
  `nomer` varchar(50) NOT NULL,
  `nobukti` varchar(50) NOT NULL,
  `tanggal` date NOT NULL DEFAULT '0000-00-00',
  `rekkas` int(10) unsigned NOT NULL DEFAULT '0',
  `rekitem` int(10) unsigned NOT NULL DEFAULT '0',
  `nominal` double(14,0) NOT NULL DEFAULT '0',
  `uraian` varchar(250) NOT NULL,
  `modul` int(10) unsigned NOT NULL DEFAULT '0',
  `kategori` int(10) unsigned NOT NULL DEFAULT '0',
  `pembayaran` int(10) unsigned NOT NULL DEFAULT '0',
  `penerimaanbrg` int(10) unsigned NOT NULL DEFAULT '0',
  `jenis` tinyint(4) NOT NULL DEFAULT '0',
  `budget` int(10) unsigned NOT NULL DEFAULT '0',
  `ct` int(10) unsigned NOT NULL DEFAULT '0',
  `detjenistrans` int(10) NOT NULL,
  `detilanggaran` int(10) NOT NULL,
  PRIMARY KEY (`replid`)
) ENGINE=MyISAM AUTO_INCREMENT=6 DEFAULT CHARSET=latin1;

#
# Data for table "keu_transaksi"
#

/*!40000 ALTER TABLE `keu_transaksi` DISABLE KEYS */;
INSERT INTO `keu_transaksi` VALUES (1,1,'BKM-0001/05/2015','o','2015-05-25',1,83,80000,'8',0,0,0,0,0,0,0,4,0),(2,1,'BKK-0002/05/2015','d','2015-05-25',1,83,15000,'gaji xx',0,0,0,0,0,0,0,7,39),(3,1,'BKK-0003/05/2015','','2015-05-25',6,222,35000,'pesangon',0,0,0,0,0,0,0,7,39),(4,1,'BKM-0004/05/2015','','2015-05-25',1,203,70000,'donasi uang sekolah dari para wali murid',0,0,0,0,0,0,0,4,0),(5,1,'MMJ-0005/05/2015','ju 2','2015-05-26',0,0,55000,'uraian ju 2 ',0,0,0,0,0,0,0,8,0);
/*!40000 ALTER TABLE `keu_transaksi` ENABLE KEYS */;

#
# Source for table "kon_aksi"
#

DROP TABLE IF EXISTS `kon_aksi`;
CREATE TABLE `kon_aksi` (
  `id_aksi` int(11) NOT NULL AUTO_INCREMENT,
  `aksi` char(1) NOT NULL,
  `keterangan` text NOT NULL,
  PRIMARY KEY (`id_aksi`)
) ENGINE=InnoDB AUTO_INCREMENT=7 DEFAULT CHARSET=latin1;

#
# Data for table "kon_aksi"
#

INSERT INTO `kon_aksi` VALUES (1,'r','read'),(2,'c','create'),(3,'u','update'),(4,'d','delete'),(5,'s','search'),(6,'p','print/report');

#
# Source for table "kon_grupmenu"
#

DROP TABLE IF EXISTS `kon_grupmenu`;
CREATE TABLE `kon_grupmenu` (
  `id_grupmenu` int(11) NOT NULL AUTO_INCREMENT,
  `id_katgrupmenu` int(11) NOT NULL,
  `id_modul` int(11) NOT NULL,
  `grupmenu` varchar(50) NOT NULL,
  `size` varchar(20) NOT NULL,
  PRIMARY KEY (`id_grupmenu`)
) ENGINE=InnoDB AUTO_INCREMENT=9 DEFAULT CHARSET=latin1;

#
# Data for table "kon_grupmenu"
#

INSERT INTO `kon_grupmenu` VALUES (1,2,1,'kesiswaan','four'),(2,2,1,'Guru dan Pelajaran','four'),(3,1,1,'referensi','four'),(4,1,2,'ok','four'),(5,2,6,'Transaksi Keuangan','four'),(6,1,6,'Referensi','four'),(7,1,10,'Sistem','four'),(8,2,10,'User','four');

#
# Source for table "kon_grupmodul"
#

DROP TABLE IF EXISTS `kon_grupmodul`;
CREATE TABLE `kon_grupmodul` (
  `id_grupmodul` int(11) NOT NULL AUTO_INCREMENT,
  `grupmodul` varchar(50) NOT NULL,
  `size` varchar(20) NOT NULL,
  PRIMARY KEY (`id_grupmodul`)
) ENGINE=InnoDB AUTO_INCREMENT=4 DEFAULT CHARSET=latin1;

#
# Data for table "kon_grupmodul"
#

INSERT INTO `kon_grupmodul` VALUES (1,'satu','four'),(2,'dua','four'),(3,'tiga','four');

#
# Source for table "kon_icon"
#

DROP TABLE IF EXISTS `kon_icon`;
CREATE TABLE `kon_icon` (
  `id_icon` int(11) NOT NULL AUTO_INCREMENT,
  `icon` varchar(25) NOT NULL,
  PRIMARY KEY (`id_icon`)
) ENGINE=InnoDB AUTO_INCREMENT=21 DEFAULT CHARSET=latin1;

#
# Data for table "kon_icon"
#

INSERT INTO `kon_icon` VALUES (1,'akademik'),(2,'sarpras'),(3,'hrd'),(4,'psb'),(5,'keuangan'),(6,'student'),(7,'perpus'),(8,'manajemen'),(9,'pencil'),(10,'address-book'),(11,'book'),(12,'copy'),(13,'user-3'),(14,'user'),(15,'grid-view'),(16,'tab'),(17,'cog'),(18,'user-2'),(20,'loop');

#
# Source for table "kon_katgrupmenu"
#

DROP TABLE IF EXISTS `kon_katgrupmenu`;
CREATE TABLE `kon_katgrupmenu` (
  `id_katgrupmenu` int(11) NOT NULL AUTO_INCREMENT,
  `katgrupmenu` char(1) NOT NULL,
  `keterangan` text NOT NULL,
  PRIMARY KEY (`id_katgrupmenu`)
) ENGINE=InnoDB AUTO_INCREMENT=3 DEFAULT CHARSET=latin1;

#
# Data for table "kon_katgrupmenu"
#

INSERT INTO `kon_katgrupmenu` VALUES (1,'M','Master'),(2,'T','Transaksi');

#
# Source for table "kon_level"
#

DROP TABLE IF EXISTS `kon_level`;
CREATE TABLE `kon_level` (
  `id_level` int(11) NOT NULL AUTO_INCREMENT,
  `level` varchar(20) NOT NULL,
  `keterangan` text NOT NULL,
  PRIMARY KEY (`id_level`)
) ENGINE=InnoDB AUTO_INCREMENT=5 DEFAULT CHARSET=latin1;

#
# Data for table "kon_level"
#

INSERT INTO `kon_level` VALUES (1,'SA','superadmin'),(2,'A','admin'),(3,'O','operator'),(4,'G','guest');

#
# Source for table "kon_levelaksi"
#

DROP TABLE IF EXISTS `kon_levelaksi`;
CREATE TABLE `kon_levelaksi` (
  `id_levelaksi` int(11) NOT NULL AUTO_INCREMENT,
  `id_levelkatgrupmenu` int(11) NOT NULL,
  `id_aksi` int(11) NOT NULL,
  PRIMARY KEY (`id_levelaksi`)
) ENGINE=InnoDB AUTO_INCREMENT=37 DEFAULT CHARSET=latin1;

#
# Data for table "kon_levelaksi"
#

INSERT INTO `kon_levelaksi` VALUES (1,1,1),(2,1,2),(3,1,3),(4,1,4),(5,1,5),(6,1,6),(7,2,1),(8,2,2),(9,2,3),(10,2,4),(11,2,5),(12,2,6),(13,3,1),(14,3,2),(15,3,3),(16,3,4),(17,3,5),(18,3,6),(19,4,1),(20,4,2),(21,4,3),(22,4,4),(23,4,5),(24,4,6),(25,5,1),(26,5,2),(27,5,3),(28,5,4),(29,5,5),(30,5,6),(31,6,1),(32,6,5),(33,6,6),(34,7,1),(35,7,5),(36,7,6);

#
# Source for table "kon_levelkatgrupmenu"
#

DROP TABLE IF EXISTS `kon_levelkatgrupmenu`;
CREATE TABLE `kon_levelkatgrupmenu` (
  `id_levelkatgrupmenu` int(11) NOT NULL AUTO_INCREMENT,
  `id_level` int(11) NOT NULL,
  `id_katgrupmenu` int(11) NOT NULL,
  PRIMARY KEY (`id_levelkatgrupmenu`)
) ENGINE=InnoDB AUTO_INCREMENT=8 DEFAULT CHARSET=latin1;

#
# Data for table "kon_levelkatgrupmenu"
#

INSERT INTO `kon_levelkatgrupmenu` VALUES (1,1,1),(2,1,2),(3,2,1),(4,2,2),(5,3,2),(6,4,1),(7,4,2);

#
# Source for table "kon_login"
#

DROP TABLE IF EXISTS `kon_login`;
CREATE TABLE `kon_login` (
  `id_login` int(11) NOT NULL AUTO_INCREMENT,
  `nama` varchar(100) NOT NULL,
  `username` varchar(20) NOT NULL,
  `password` varchar(128) NOT NULL,
  `id_level` int(11) NOT NULL,
  `pegawai` int(10) unsigned NOT NULL DEFAULT '0',
  `aktif` enum('1','0') NOT NULL DEFAULT '1',
  `bahasa` varchar(2) NOT NULL DEFAULT '',
  `tlogin` datetime NOT NULL DEFAULT '0000-00-00 00:00:00',
  PRIMARY KEY (`id_login`),
  UNIQUE KEY `username` (`username`),
  KEY `id_level` (`id_level`),
  CONSTRAINT `kon_login_ibfk_1` FOREIGN KEY (`id_level`) REFERENCES `kon_level` (`id_level`) ON DELETE NO ACTION
) ENGINE=InnoDB AUTO_INCREMENT=3 DEFAULT CHARSET=latin1;

#
# Data for table "kon_login"
#

INSERT INTO `kon_login` VALUES (1,'EPI','admin','MjEyMzJmMjk3YTU3YTVhNzQzODk0YTBlNGE4MDFmYzM=',2,0,'1','id','0000-00-00 00:00:00'),(2,'operator','operator','operator',3,0,'1','','0000-00-00 00:00:00');

#
# Source for table "kon_logindepartemen"
#

DROP TABLE IF EXISTS `kon_logindepartemen`;
CREATE TABLE `kon_logindepartemen` (
  `id_logindepartemen` int(11) NOT NULL AUTO_INCREMENT,
  `id_login` int(11) NOT NULL,
  `id_departemen` int(11) NOT NULL,
  PRIMARY KEY (`id_logindepartemen`)
) ENGINE=InnoDB AUTO_INCREMENT=4 DEFAULT CHARSET=latin1;

#
# Data for table "kon_logindepartemen"
#

INSERT INTO `kon_logindepartemen` VALUES (1,1,1),(2,1,2),(3,1,3);

#
# Source for table "kon_menu"
#

DROP TABLE IF EXISTS `kon_menu`;
CREATE TABLE `kon_menu` (
  `id_menu` int(11) NOT NULL AUTO_INCREMENT,
  `id_grupmenu` int(11) NOT NULL,
  `menu` varchar(50) NOT NULL,
  `link` varchar(100) NOT NULL,
  `size` enum('','double','double double-vertical') NOT NULL DEFAULT '',
  `id_warna` int(11) NOT NULL,
  `id_icon` int(11) NOT NULL,
  `keterangan` text NOT NULL,
  PRIMARY KEY (`id_menu`)
) ENGINE=InnoDB AUTO_INCREMENT=23 DEFAULT CHARSET=latin1;

#
# Data for table "kon_menu"
#

INSERT INTO `kon_menu` VALUES (1,1,'Pendataan Siswa','pendataan-siswa','double',1,9,''),(2,1,'Presensi Siswa','presensi-siswa','double',2,10,''),(3,1,'Rapor Siswa','rapor-siswa','double',3,11,''),(4,1,'Pendataan Alumni','pendataan-alumni','double',4,12,''),(5,1,'Pelajaran','pelajaran','double',5,13,''),(6,1,'Guru','guru','double',6,14,''),(7,1,'Jadwal Pelajaran','jadwal-pelajaran','double',7,15,''),(8,5,'Transaksi','transaksi','double',8,16,''),(9,5,'Modul Pembayaran','modul-pembayaran','double',9,17,''),(10,5,'Penerimaan','penerimaan','double',10,18,''),(11,5,'Inventory','inventory','double',11,19,''),(12,6,'Tahun Buku','tahun-buku','',12,20,''),(13,6,'Saldo Awal','saldo-rekening','',13,13,''),(14,6,'Kategori COA','kategori-rekening','',14,14,''),(15,6,'COA','detil-rekening','',15,19,''),(16,6,'Anggaran','set-anggaran','',16,16,''),(18,6,'Kategori Modul Pembayaran','kategori-modul','',18,18,''),(19,7,'Warna','warna','',4,17,''),(20,8,'level','level','',5,16,''),(21,8,'user','user','',7,15,''),(22,7,'Icon','icon','',4,13,''),(23,5,'Pendanaan Aktivitas','pendanaan-aktivitas','double',7,13,'');

#
# Source for table "kon_modul"
#

DROP TABLE IF EXISTS `kon_modul`;
CREATE TABLE `kon_modul` (
  `id_modul` int(11) NOT NULL AUTO_INCREMENT,
  `id_grupmodul` int(11) NOT NULL,
  `link` varchar(100) NOT NULL,
  `modul` varchar(100) NOT NULL,
  `id_warna` int(11) NOT NULL,
  `id_icon` int(11) NOT NULL,
  `size` enum('','double','double double-vertical') NOT NULL DEFAULT '',
  `keterangan` text NOT NULL,
  PRIMARY KEY (`id_modul`)
) ENGINE=InnoDB AUTO_INCREMENT=11 DEFAULT CHARSET=latin1;

#
# Data for table "kon_modul"
#

INSERT INTO `kon_modul` VALUES (1,1,'akademik','akademik',13,9,'double','data akademik siswa'),(2,1,'psb','penerimaan siswa baru',14,10,'double','data penerimaan siswa'),(3,1,'perpustakaan','perpustakaan',3,11,'double double-vertical','data koleksi dan sirkulasi buku di perpustakaan'),(4,1,'sarpras','sarana dan prasarana',4,12,'double double-vertical','data sirkulasi peminjaman barang / inventaris'),(5,2,'hrd','kepegawaian',5,13,'double double-vertical','data kepegawaian dan penggajian'),(6,2,'keuangan','keuangan',6,14,'double double-vertical','data keuangan'),(7,2,'student','student services',7,15,'double','data pembelian seragam dan buku'),(8,2,'purchaseorder','purchase order',8,16,'double','data purchase order'),(9,3,'guru','guru',9,17,'double','data guru dan proses belajar mengajar'),(10,3,'konfigurasi','konfigurasi',12,20,'','konfigurasi sistem');

#
# Source for table "kon_privillege"
#

DROP TABLE IF EXISTS `kon_privillege`;
CREATE TABLE `kon_privillege` (
  `id_privillege` int(11) NOT NULL AUTO_INCREMENT,
  `id_login` int(11) NOT NULL,
  `id_menu` int(11) NOT NULL,
  PRIMARY KEY (`id_privillege`)
) ENGINE=InnoDB AUTO_INCREMENT=20 DEFAULT CHARSET=latin1;

#
# Data for table "kon_privillege"
#

INSERT INTO `kon_privillege` VALUES (1,1,12),(2,1,13),(4,1,15),(5,1,16),(7,2,18),(8,1,8),(9,1,9),(10,1,10),(11,2,11),(12,1,20),(13,1,21),(14,1,19),(15,1,22),(17,1,11),(18,1,18),(19,1,23);

#
# Source for table "kon_warna"
#

DROP TABLE IF EXISTS `kon_warna`;
CREATE TABLE `kon_warna` (
  `id_warna` int(11) NOT NULL AUTO_INCREMENT,
  `warna` varchar(25) NOT NULL,
  PRIMARY KEY (`id_warna`)
) ENGINE=InnoDB AUTO_INCREMENT=48 DEFAULT CHARSET=latin1;

#
# Data for table "kon_warna"
#

INSERT INTO `kon_warna` VALUES (1,'black'),(2,'white'),(3,'lime'),(4,'green'),(5,'emerald'),(6,'teal'),(7,'cyan'),(8,'cobalt'),(9,'indigo'),(10,'violet'),(11,'pink'),(12,'magenta'),(13,'crimson'),(14,'red'),(15,'orange'),(16,'amber'),(17,'yellow'),(18,'brown'),(19,'olive'),(20,'steel'),(21,'mauve'),(22,'taupe'),(23,'gray'),(24,'dark'),(25,'darker'),(26,'transparent'),(27,'darkBrown'),(28,'darkCrimson'),(29,'darkMagenta'),(30,'darkIndigo'),(31,'darkCyan'),(32,'darkCobalt'),(33,'darkTeal'),(34,'darkEmerald'),(35,'darkGreen'),(36,'darkOrange'),(37,'darkRed'),(38,'darkPink'),(39,'darkViolet'),(40,'darkBlue'),(41,'lightBlue'),(42,'lightTeal'),(43,'lightOlive'),(44,'lightOrange'),(45,'lightPink'),(46,'lightRed'),(47,'lightGreen');

#
# Source for table "level"
#

DROP TABLE IF EXISTS `level`;
CREATE TABLE `level` (
  `id_level` int(11) NOT NULL AUTO_INCREMENT,
  `level` varchar(20) NOT NULL,
  `action` varchar(255) NOT NULL,
  `keterangan` text NOT NULL,
  PRIMARY KEY (`id_level`)
) ENGINE=InnoDB AUTO_INCREMENT=5 DEFAULT CHARSET=latin1;

#
# Data for table "level"
#

INSERT INTO `level` VALUES (1,'SA','MTR','superadmin'),(2,'A','MTR','admin'),(3,'O','TR','operator'),(4,'G','R','guest');

/*!40014 SET FOREIGN_KEY_CHECKS=@OLD_FOREIGN_KEY_CHECKS */;
/*!40014 SET UNIQUE_CHECKS=@OLD_UNIQUE_CHECKS */;
/*!40111 SET SQL_NOTES=@OLD_SQL_NOTES */;
/*!40101 SET SQL_MODE=@OLD_SQL_MODE */;
/*!40101 SET CHARACTER_SET_CLIENT=@OLD_CHARACTER_SET_CLIENT */;
/*!40101 SET CHARACTER_SET_RESULTS=@OLD_CHARACTER_SET_RESULTS */;
/*!40101 SET COLLATION_CONNECTION=@OLD_COLLATION_CONNECTION */;
