/*
Navicat MySQL Data Transfer

Source Server         : local
Source Server Version : 50620
Source Host           : localhost:3306
Source Database       : sister_siadu

Target Server Type    : MYSQL
Target Server Version : 50620
File Encoding         : 65001

Date: 2015-11-02 20:35:19
*/

SET FOREIGN_KEY_CHECKS=0;

-- ----------------------------
-- Table structure for psb_angsuran
-- ----------------------------
DROP TABLE IF EXISTS `psb_angsuran`;
CREATE TABLE `psb_angsuran` (
  `replid` int(10) unsigned NOT NULL AUTO_INCREMENT,
  `angsuran` int(11) NOT NULL,
  `keterangan` varchar(200) NOT NULL,
  PRIMARY KEY (`replid`,`angsuran`)
) ENGINE=MyISAM AUTO_INCREMENT=18 DEFAULT CHARSET=latin1;

-- ----------------------------
-- Records of psb_angsuran
-- ----------------------------
INSERT INTO `psb_angsuran` VALUES ('2', '2', 'in house kedua');
INSERT INTO `psb_angsuran` VALUES ('3', '3', 'in house ketiga');
INSERT INTO `psb_angsuran` VALUES ('4', '4', '-\r\n');
INSERT INTO `psb_angsuran` VALUES ('5', '5', '');
INSERT INTO `psb_angsuran` VALUES ('6', '6', '');
INSERT INTO `psb_angsuran` VALUES ('7', '7', '');
INSERT INTO `psb_angsuran` VALUES ('8', '8', '');
INSERT INTO `psb_angsuran` VALUES ('9', '9', '');
INSERT INTO `psb_angsuran` VALUES ('10', '10', '');
INSERT INTO `psb_angsuran` VALUES ('11', '11', '');
INSERT INTO `psb_angsuran` VALUES ('12', '12', '');

-- ----------------------------
-- Table structure for psb_biaya
-- ----------------------------
DROP TABLE IF EXISTS `psb_biaya`;
CREATE TABLE `psb_biaya` (
  `replid` int(11) NOT NULL AUTO_INCREMENT,
  `biaya` varchar(100) NOT NULL,
  `kode` varchar(50) NOT NULL,
  `isAngsur` int(1) NOT NULL DEFAULT '1',
  `isDiskon` int(1) NOT NULL DEFAULT '0',
  `keterangan` text,
  PRIMARY KEY (`replid`)
) ENGINE=InnoDB AUTO_INCREMENT=10 DEFAULT CHARSET=latin1;

-- ----------------------------
-- Records of psb_biaya
-- ----------------------------
INSERT INTO `psb_biaya` VALUES ('3', 'Formulir', 'formulir', '0', '0', 'Formulr Pendafataran');
INSERT INTO `psb_biaya` VALUES ('4', 'DPP', 'dpp', '1', '3', 'Uang Gedung');
INSERT INTO `psb_biaya` VALUES ('7', 'SPP', 'spp', '0', '3', 'sumbangan per bulan ');
INSERT INTO `psb_biaya` VALUES ('8', 'Joining Fee', 'joining_fee', '1', '3', 'biaya yg dibayar sekali saat masuk');
INSERT INTO `psb_biaya` VALUES ('9', 'Lain - Lain', '', '1', '1', '');

-- ----------------------------
-- Table structure for psb_detailbiaya
-- ----------------------------
DROP TABLE IF EXISTS `psb_detailbiaya`;
CREATE TABLE `psb_detailbiaya` (
  `replid` int(11) NOT NULL AUTO_INCREMENT,
  `biaya` int(11) NOT NULL,
  `nominal` decimal(14,0) NOT NULL,
  `subtingkat` int(11) NOT NULL DEFAULT '0',
  `golongan` int(11) NOT NULL DEFAULT '0',
  `detailgelombang` int(11) NOT NULL DEFAULT '0',
  `detilrekening` int(11) NOT NULL,
  PRIMARY KEY (`replid`),
  KEY `detailgelombang` (`detailgelombang`) USING BTREE,
  KEY `golongan` (`golongan`) USING BTREE,
  KEY `subtingkat` (`subtingkat`) USING BTREE,
  KEY `biaya` (`biaya`) USING BTREE,
  CONSTRAINT `biayaFK` FOREIGN KEY (`biaya`) REFERENCES `psb_biaya` (`replid`) ON DELETE CASCADE ON UPDATE CASCADE,
  CONSTRAINT `detailgelombangFK4` FOREIGN KEY (`detailgelombang`) REFERENCES `psb_detailgelombang` (`replid`) ON DELETE CASCADE ON UPDATE CASCADE,
  CONSTRAINT `golonganFK2` FOREIGN KEY (`golongan`) REFERENCES `psb_golongan` (`replid`) ON DELETE CASCADE ON UPDATE CASCADE,
  CONSTRAINT `subtingkatFK2` FOREIGN KEY (`subtingkat`) REFERENCES `aka_subtingkat` (`replid`) ON DELETE CASCADE ON UPDATE CASCADE
) ENGINE=InnoDB AUTO_INCREMENT=6792 DEFAULT CHARSET=utf8;

-- ----------------------------
-- Records of psb_detailbiaya
-- ----------------------------
INSERT INTO `psb_detailbiaya` VALUES ('2', '3', '0', '4', '2', '97', '0');
INSERT INTO `psb_detailbiaya` VALUES ('11', '7', '0', '4', '2', '97', '0');
INSERT INTO `psb_detailbiaya` VALUES ('20', '8', '0', '4', '2', '97', '0');
INSERT INTO `psb_detailbiaya` VALUES ('29', '4', '0', '4', '2', '97', '0');
INSERT INTO `psb_detailbiaya` VALUES ('38', '3', '0', '5', '2', '97', '0');
INSERT INTO `psb_detailbiaya` VALUES ('47', '7', '0', '5', '2', '97', '0');
INSERT INTO `psb_detailbiaya` VALUES ('56', '8', '0', '5', '2', '97', '0');
INSERT INTO `psb_detailbiaya` VALUES ('65', '4', '0', '5', '2', '97', '0');
INSERT INTO `psb_detailbiaya` VALUES ('74', '3', '0', '6', '2', '97', '0');
INSERT INTO `psb_detailbiaya` VALUES ('83', '7', '0', '6', '2', '97', '0');
INSERT INTO `psb_detailbiaya` VALUES ('92', '8', '0', '6', '2', '97', '0');
INSERT INTO `psb_detailbiaya` VALUES ('101', '4', '0', '6', '2', '97', '0');
INSERT INTO `psb_detailbiaya` VALUES ('110', '3', '0', '7', '2', '97', '0');
INSERT INTO `psb_detailbiaya` VALUES ('119', '7', '0', '7', '2', '97', '0');
INSERT INTO `psb_detailbiaya` VALUES ('128', '8', '0', '7', '2', '97', '0');
INSERT INTO `psb_detailbiaya` VALUES ('137', '4', '0', '7', '2', '97', '0');
INSERT INTO `psb_detailbiaya` VALUES ('146', '3', '0', '8', '2', '97', '0');
INSERT INTO `psb_detailbiaya` VALUES ('155', '7', '0', '8', '2', '97', '0');
INSERT INTO `psb_detailbiaya` VALUES ('164', '8', '0', '8', '2', '97', '0');
INSERT INTO `psb_detailbiaya` VALUES ('173', '4', '0', '8', '2', '97', '0');
INSERT INTO `psb_detailbiaya` VALUES ('182', '3', '0', '9', '2', '97', '0');
INSERT INTO `psb_detailbiaya` VALUES ('191', '7', '0', '9', '2', '97', '0');
INSERT INTO `psb_detailbiaya` VALUES ('200', '8', '0', '9', '2', '97', '0');
INSERT INTO `psb_detailbiaya` VALUES ('209', '4', '0', '9', '2', '97', '0');
INSERT INTO `psb_detailbiaya` VALUES ('218', '3', '0', '10', '2', '97', '0');
INSERT INTO `psb_detailbiaya` VALUES ('227', '7', '0', '10', '2', '97', '0');
INSERT INTO `psb_detailbiaya` VALUES ('236', '8', '0', '10', '2', '97', '0');
INSERT INTO `psb_detailbiaya` VALUES ('245', '4', '0', '10', '2', '97', '0');
INSERT INTO `psb_detailbiaya` VALUES ('254', '3', '0', '11', '2', '97', '0');
INSERT INTO `psb_detailbiaya` VALUES ('263', '7', '0', '11', '2', '97', '0');
INSERT INTO `psb_detailbiaya` VALUES ('272', '8', '0', '11', '2', '97', '0');
INSERT INTO `psb_detailbiaya` VALUES ('281', '4', '0', '11', '2', '97', '0');
INSERT INTO `psb_detailbiaya` VALUES ('290', '3', '0', '12', '2', '97', '0');
INSERT INTO `psb_detailbiaya` VALUES ('299', '7', '0', '12', '2', '97', '0');
INSERT INTO `psb_detailbiaya` VALUES ('308', '8', '0', '12', '2', '97', '0');
INSERT INTO `psb_detailbiaya` VALUES ('317', '4', '0', '12', '2', '97', '0');
INSERT INTO `psb_detailbiaya` VALUES ('326', '3', '0', '13', '2', '97', '0');
INSERT INTO `psb_detailbiaya` VALUES ('335', '7', '0', '13', '2', '97', '0');
INSERT INTO `psb_detailbiaya` VALUES ('344', '8', '0', '13', '2', '97', '0');
INSERT INTO `psb_detailbiaya` VALUES ('353', '4', '0', '13', '2', '97', '0');
INSERT INTO `psb_detailbiaya` VALUES ('362', '3', '0', '14', '2', '97', '0');
INSERT INTO `psb_detailbiaya` VALUES ('371', '7', '0', '14', '2', '97', '0');
INSERT INTO `psb_detailbiaya` VALUES ('380', '8', '0', '14', '2', '97', '0');
INSERT INTO `psb_detailbiaya` VALUES ('389', '4', '0', '14', '2', '97', '0');
INSERT INTO `psb_detailbiaya` VALUES ('398', '3', '0', '15', '2', '97', '0');
INSERT INTO `psb_detailbiaya` VALUES ('407', '7', '0', '15', '2', '97', '0');
INSERT INTO `psb_detailbiaya` VALUES ('416', '8', '0', '15', '2', '97', '0');
INSERT INTO `psb_detailbiaya` VALUES ('425', '4', '0', '15', '2', '97', '0');
INSERT INTO `psb_detailbiaya` VALUES ('434', '3', '0', '16', '2', '97', '0');
INSERT INTO `psb_detailbiaya` VALUES ('443', '7', '0', '16', '2', '97', '0');
INSERT INTO `psb_detailbiaya` VALUES ('452', '8', '0', '16', '2', '97', '0');
INSERT INTO `psb_detailbiaya` VALUES ('461', '4', '0', '16', '2', '97', '0');
INSERT INTO `psb_detailbiaya` VALUES ('470', '3', '0', '17', '2', '97', '0');
INSERT INTO `psb_detailbiaya` VALUES ('479', '7', '0', '17', '2', '97', '0');
INSERT INTO `psb_detailbiaya` VALUES ('488', '8', '0', '17', '2', '97', '0');
INSERT INTO `psb_detailbiaya` VALUES ('497', '4', '0', '17', '2', '97', '0');
INSERT INTO `psb_detailbiaya` VALUES ('506', '3', '0', '18', '2', '97', '0');
INSERT INTO `psb_detailbiaya` VALUES ('515', '7', '0', '18', '2', '97', '0');
INSERT INTO `psb_detailbiaya` VALUES ('524', '8', '0', '18', '2', '97', '0');
INSERT INTO `psb_detailbiaya` VALUES ('533', '4', '0', '18', '2', '97', '0');
INSERT INTO `psb_detailbiaya` VALUES ('542', '3', '0', '19', '2', '97', '0');
INSERT INTO `psb_detailbiaya` VALUES ('551', '7', '0', '19', '2', '97', '0');
INSERT INTO `psb_detailbiaya` VALUES ('560', '8', '0', '19', '2', '97', '0');
INSERT INTO `psb_detailbiaya` VALUES ('569', '4', '0', '19', '2', '97', '0');
INSERT INTO `psb_detailbiaya` VALUES ('578', '3', '0', '20', '2', '97', '0');
INSERT INTO `psb_detailbiaya` VALUES ('587', '7', '0', '20', '2', '97', '0');
INSERT INTO `psb_detailbiaya` VALUES ('596', '8', '0', '20', '2', '97', '0');
INSERT INTO `psb_detailbiaya` VALUES ('605', '4', '0', '20', '2', '97', '0');
INSERT INTO `psb_detailbiaya` VALUES ('614', '3', '0', '24', '2', '97', '0');
INSERT INTO `psb_detailbiaya` VALUES ('623', '7', '0', '24', '2', '97', '0');
INSERT INTO `psb_detailbiaya` VALUES ('632', '8', '0', '24', '2', '97', '0');
INSERT INTO `psb_detailbiaya` VALUES ('641', '4', '0', '24', '2', '97', '0');
INSERT INTO `psb_detailbiaya` VALUES ('650', '3', '300000', '4', '2', '98', '0');
INSERT INTO `psb_detailbiaya` VALUES ('659', '7', '500000', '4', '2', '98', '0');
INSERT INTO `psb_detailbiaya` VALUES ('668', '8', '1750000', '4', '2', '98', '0');
INSERT INTO `psb_detailbiaya` VALUES ('677', '4', '14000000', '4', '2', '98', '0');
INSERT INTO `psb_detailbiaya` VALUES ('686', '3', '300000', '5', '2', '98', '0');
INSERT INTO `psb_detailbiaya` VALUES ('695', '7', '1100000', '5', '2', '98', '0');
INSERT INTO `psb_detailbiaya` VALUES ('704', '8', '1750000', '5', '2', '98', '0');
INSERT INTO `psb_detailbiaya` VALUES ('713', '4', '16000000', '5', '2', '98', '0');
INSERT INTO `psb_detailbiaya` VALUES ('722', '3', '300000', '6', '2', '98', '0');
INSERT INTO `psb_detailbiaya` VALUES ('731', '7', '1200000', '6', '2', '98', '0');
INSERT INTO `psb_detailbiaya` VALUES ('740', '8', '1750000', '6', '2', '98', '0');
INSERT INTO `psb_detailbiaya` VALUES ('749', '4', '8000000', '6', '2', '98', '0');
INSERT INTO `psb_detailbiaya` VALUES ('758', '3', '300000', '7', '2', '98', '0');
INSERT INTO `psb_detailbiaya` VALUES ('767', '7', '1500000', '7', '2', '98', '0');
INSERT INTO `psb_detailbiaya` VALUES ('776', '8', '1750000', '7', '2', '98', '0');
INSERT INTO `psb_detailbiaya` VALUES ('785', '4', '17000000', '7', '2', '98', '0');
INSERT INTO `psb_detailbiaya` VALUES ('794', '3', '300000', '8', '2', '98', '0');
INSERT INTO `psb_detailbiaya` VALUES ('803', '7', '1500000', '8', '2', '98', '0');
INSERT INTO `psb_detailbiaya` VALUES ('812', '8', '1750000', '8', '2', '98', '0');
INSERT INTO `psb_detailbiaya` VALUES ('821', '4', '9000000', '8', '2', '98', '0');
INSERT INTO `psb_detailbiaya` VALUES ('830', '3', '400000', '9', '2', '98', '0');
INSERT INTO `psb_detailbiaya` VALUES ('839', '7', '1925000', '9', '2', '98', '0');
INSERT INTO `psb_detailbiaya` VALUES ('848', '8', '1750000', '9', '2', '98', '0');
INSERT INTO `psb_detailbiaya` VALUES ('857', '4', '41500000', '9', '2', '98', '0');
INSERT INTO `psb_detailbiaya` VALUES ('866', '3', '400000', '10', '2', '98', '0');
INSERT INTO `psb_detailbiaya` VALUES ('875', '7', '1925000', '10', '2', '98', '0');
INSERT INTO `psb_detailbiaya` VALUES ('884', '8', '1750000', '10', '2', '98', '0');
INSERT INTO `psb_detailbiaya` VALUES ('893', '4', '0', '10', '2', '98', '0');
INSERT INTO `psb_detailbiaya` VALUES ('902', '3', '400000', '11', '2', '98', '0');
INSERT INTO `psb_detailbiaya` VALUES ('911', '7', '1925000', '11', '2', '98', '0');
INSERT INTO `psb_detailbiaya` VALUES ('920', '8', '1750000', '11', '2', '98', '0');
INSERT INTO `psb_detailbiaya` VALUES ('929', '4', '0', '11', '2', '98', '0');
INSERT INTO `psb_detailbiaya` VALUES ('938', '3', '400000', '12', '2', '98', '0');
INSERT INTO `psb_detailbiaya` VALUES ('947', '7', '2075000', '12', '2', '98', '0');
INSERT INTO `psb_detailbiaya` VALUES ('956', '8', '1750000', '12', '2', '98', '0');
INSERT INTO `psb_detailbiaya` VALUES ('965', '4', '0', '12', '2', '98', '0');
INSERT INTO `psb_detailbiaya` VALUES ('974', '3', '400000', '13', '2', '98', '0');
INSERT INTO `psb_detailbiaya` VALUES ('983', '7', '2075000', '13', '2', '98', '0');
INSERT INTO `psb_detailbiaya` VALUES ('992', '8', '1750000', '13', '2', '98', '0');
INSERT INTO `psb_detailbiaya` VALUES ('1001', '4', '0', '13', '2', '98', '0');
INSERT INTO `psb_detailbiaya` VALUES ('1010', '3', '400000', '14', '2', '98', '0');
INSERT INTO `psb_detailbiaya` VALUES ('1019', '7', '2200000', '14', '2', '98', '0');
INSERT INTO `psb_detailbiaya` VALUES ('1028', '8', '1750000', '14', '2', '98', '0');
INSERT INTO `psb_detailbiaya` VALUES ('1037', '4', '0', '14', '2', '98', '0');
INSERT INTO `psb_detailbiaya` VALUES ('1046', '3', '400000', '15', '2', '98', '0');
INSERT INTO `psb_detailbiaya` VALUES ('1055', '7', '2750000', '15', '2', '98', '0');
INSERT INTO `psb_detailbiaya` VALUES ('1064', '8', '1750000', '15', '2', '98', '0');
INSERT INTO `psb_detailbiaya` VALUES ('1073', '4', '36000000', '15', '2', '98', '0');
INSERT INTO `psb_detailbiaya` VALUES ('1082', '3', '400000', '16', '2', '98', '0');
INSERT INTO `psb_detailbiaya` VALUES ('1091', '7', '2850000', '16', '2', '98', '0');
INSERT INTO `psb_detailbiaya` VALUES ('1100', '8', '1750000', '16', '2', '98', '0');
INSERT INTO `psb_detailbiaya` VALUES ('1109', '4', '0', '16', '2', '98', '0');
INSERT INTO `psb_detailbiaya` VALUES ('1118', '3', '400000', '17', '2', '98', '0');
INSERT INTO `psb_detailbiaya` VALUES ('1127', '7', '2950000', '17', '2', '98', '0');
INSERT INTO `psb_detailbiaya` VALUES ('1136', '8', '1750000', '17', '2', '98', '0');
INSERT INTO `psb_detailbiaya` VALUES ('1145', '4', '0', '17', '2', '98', '0');
INSERT INTO `psb_detailbiaya` VALUES ('1154', '3', '400000', '18', '2', '98', '0');
INSERT INTO `psb_detailbiaya` VALUES ('1163', '7', '2950000', '18', '2', '98', '0');
INSERT INTO `psb_detailbiaya` VALUES ('1172', '8', '1750000', '18', '2', '98', '0');
INSERT INTO `psb_detailbiaya` VALUES ('1181', '4', '33000000', '18', '2', '98', '0');
INSERT INTO `psb_detailbiaya` VALUES ('1190', '3', '500000', '19', '2', '98', '0');
INSERT INTO `psb_detailbiaya` VALUES ('1199', '7', '3200000', '19', '2', '98', '0');
INSERT INTO `psb_detailbiaya` VALUES ('1208', '8', '1750000', '19', '2', '98', '0');
INSERT INTO `psb_detailbiaya` VALUES ('1217', '4', '28000000', '19', '2', '98', '0');
INSERT INTO `psb_detailbiaya` VALUES ('1226', '3', '500000', '20', '2', '98', '0');
INSERT INTO `psb_detailbiaya` VALUES ('1235', '7', '3200000', '20', '2', '98', '0');
INSERT INTO `psb_detailbiaya` VALUES ('1244', '8', '1750000', '20', '2', '98', '0');
INSERT INTO `psb_detailbiaya` VALUES ('1253', '4', '0', '20', '2', '98', '0');
INSERT INTO `psb_detailbiaya` VALUES ('1262', '3', '0', '24', '2', '98', '0');
INSERT INTO `psb_detailbiaya` VALUES ('1271', '7', '0', '24', '2', '98', '0');
INSERT INTO `psb_detailbiaya` VALUES ('1280', '8', '0', '24', '2', '98', '0');
INSERT INTO `psb_detailbiaya` VALUES ('1289', '4', '0', '24', '2', '98', '0');
INSERT INTO `psb_detailbiaya` VALUES ('1298', '3', '0', '9', '2', '99', '0');
INSERT INTO `psb_detailbiaya` VALUES ('1307', '7', '0', '9', '2', '99', '0');
INSERT INTO `psb_detailbiaya` VALUES ('1316', '8', '0', '9', '2', '99', '0');
INSERT INTO `psb_detailbiaya` VALUES ('1325', '4', '0', '9', '2', '99', '0');
INSERT INTO `psb_detailbiaya` VALUES ('1334', '3', '0', '10', '2', '99', '0');
INSERT INTO `psb_detailbiaya` VALUES ('1343', '7', '0', '10', '2', '99', '0');
INSERT INTO `psb_detailbiaya` VALUES ('1352', '8', '0', '10', '2', '99', '0');
INSERT INTO `psb_detailbiaya` VALUES ('1361', '4', '0', '10', '2', '99', '0');
INSERT INTO `psb_detailbiaya` VALUES ('1370', '3', '0', '11', '2', '99', '0');
INSERT INTO `psb_detailbiaya` VALUES ('1379', '7', '0', '11', '2', '99', '0');
INSERT INTO `psb_detailbiaya` VALUES ('1388', '8', '0', '11', '2', '99', '0');
INSERT INTO `psb_detailbiaya` VALUES ('1397', '4', '0', '11', '2', '99', '0');
INSERT INTO `psb_detailbiaya` VALUES ('1406', '3', '0', '12', '2', '99', '0');
INSERT INTO `psb_detailbiaya` VALUES ('1415', '7', '0', '12', '2', '99', '0');
INSERT INTO `psb_detailbiaya` VALUES ('1424', '8', '0', '12', '2', '99', '0');
INSERT INTO `psb_detailbiaya` VALUES ('1433', '4', '0', '12', '2', '99', '0');
INSERT INTO `psb_detailbiaya` VALUES ('1442', '3', '0', '13', '2', '99', '0');
INSERT INTO `psb_detailbiaya` VALUES ('1451', '7', '0', '13', '2', '99', '0');
INSERT INTO `psb_detailbiaya` VALUES ('1460', '8', '0', '13', '2', '99', '0');
INSERT INTO `psb_detailbiaya` VALUES ('1469', '4', '0', '13', '2', '99', '0');
INSERT INTO `psb_detailbiaya` VALUES ('1478', '3', '0', '14', '2', '99', '0');
INSERT INTO `psb_detailbiaya` VALUES ('1487', '7', '0', '14', '2', '99', '0');
INSERT INTO `psb_detailbiaya` VALUES ('1496', '8', '0', '14', '2', '99', '0');
INSERT INTO `psb_detailbiaya` VALUES ('1505', '4', '0', '14', '2', '99', '0');
INSERT INTO `psb_detailbiaya` VALUES ('1514', '3', '0', '15', '2', '99', '0');
INSERT INTO `psb_detailbiaya` VALUES ('1523', '7', '0', '15', '2', '99', '0');
INSERT INTO `psb_detailbiaya` VALUES ('1532', '8', '0', '15', '2', '99', '0');
INSERT INTO `psb_detailbiaya` VALUES ('1541', '4', '0', '15', '2', '99', '0');
INSERT INTO `psb_detailbiaya` VALUES ('1550', '3', '0', '16', '2', '99', '0');
INSERT INTO `psb_detailbiaya` VALUES ('1559', '7', '0', '16', '2', '99', '0');
INSERT INTO `psb_detailbiaya` VALUES ('1568', '8', '0', '16', '2', '99', '0');
INSERT INTO `psb_detailbiaya` VALUES ('1577', '4', '0', '16', '2', '99', '0');
INSERT INTO `psb_detailbiaya` VALUES ('1586', '3', '0', '17', '2', '99', '0');
INSERT INTO `psb_detailbiaya` VALUES ('1595', '7', '0', '17', '2', '99', '0');
INSERT INTO `psb_detailbiaya` VALUES ('1604', '8', '0', '17', '2', '99', '0');
INSERT INTO `psb_detailbiaya` VALUES ('1613', '4', '0', '17', '2', '99', '0');
INSERT INTO `psb_detailbiaya` VALUES ('1622', '3', '0', '18', '2', '99', '0');
INSERT INTO `psb_detailbiaya` VALUES ('1631', '7', '0', '18', '2', '99', '0');
INSERT INTO `psb_detailbiaya` VALUES ('1640', '8', '0', '18', '2', '99', '0');
INSERT INTO `psb_detailbiaya` VALUES ('1649', '4', '0', '18', '2', '99', '0');
INSERT INTO `psb_detailbiaya` VALUES ('1658', '3', '400000', '9', '2', '100', '0');
INSERT INTO `psb_detailbiaya` VALUES ('1667', '7', '1650000', '9', '2', '100', '0');
INSERT INTO `psb_detailbiaya` VALUES ('1676', '8', '1750000', '9', '2', '100', '0');
INSERT INTO `psb_detailbiaya` VALUES ('1685', '4', '25000000', '9', '2', '100', '0');
INSERT INTO `psb_detailbiaya` VALUES ('1694', '3', '0', '10', '2', '100', '0');
INSERT INTO `psb_detailbiaya` VALUES ('1703', '7', '0', '10', '2', '100', '0');
INSERT INTO `psb_detailbiaya` VALUES ('1712', '8', '0', '10', '2', '100', '0');
INSERT INTO `psb_detailbiaya` VALUES ('1721', '4', '0', '10', '2', '100', '0');
INSERT INTO `psb_detailbiaya` VALUES ('1730', '3', '400000', '11', '2', '100', '0');
INSERT INTO `psb_detailbiaya` VALUES ('1739', '7', '1650000', '11', '2', '100', '0');
INSERT INTO `psb_detailbiaya` VALUES ('1748', '8', '1750000', '11', '2', '100', '0');
INSERT INTO `psb_detailbiaya` VALUES ('1757', '4', '0', '11', '2', '100', '0');
INSERT INTO `psb_detailbiaya` VALUES ('1766', '3', '400000', '12', '2', '100', '0');
INSERT INTO `psb_detailbiaya` VALUES ('1775', '7', '1750000', '12', '2', '100', '0');
INSERT INTO `psb_detailbiaya` VALUES ('1784', '8', '1750000', '12', '2', '100', '0');
INSERT INTO `psb_detailbiaya` VALUES ('1793', '4', '0', '12', '2', '100', '0');
INSERT INTO `psb_detailbiaya` VALUES ('1802', '3', '400000', '13', '2', '100', '0');
INSERT INTO `psb_detailbiaya` VALUES ('1811', '7', '1750000', '13', '2', '100', '0');
INSERT INTO `psb_detailbiaya` VALUES ('1820', '8', '1750000', '13', '2', '100', '0');
INSERT INTO `psb_detailbiaya` VALUES ('1829', '4', '0', '13', '2', '100', '0');
INSERT INTO `psb_detailbiaya` VALUES ('1838', '3', '400000', '14', '2', '100', '0');
INSERT INTO `psb_detailbiaya` VALUES ('1847', '7', '1800000', '14', '2', '100', '0');
INSERT INTO `psb_detailbiaya` VALUES ('1856', '8', '1750000', '14', '2', '100', '0');
INSERT INTO `psb_detailbiaya` VALUES ('1865', '4', '0', '14', '2', '100', '0');
INSERT INTO `psb_detailbiaya` VALUES ('1874', '3', '400000', '15', '2', '100', '0');
INSERT INTO `psb_detailbiaya` VALUES ('1883', '7', '2000000', '15', '2', '100', '0');
INSERT INTO `psb_detailbiaya` VALUES ('1892', '8', '1750000', '15', '2', '100', '0');
INSERT INTO `psb_detailbiaya` VALUES ('1901', '4', '20000000', '15', '2', '100', '0');
INSERT INTO `psb_detailbiaya` VALUES ('1910', '3', '400000', '16', '2', '100', '0');
INSERT INTO `psb_detailbiaya` VALUES ('1919', '7', '2100000', '16', '2', '100', '0');
INSERT INTO `psb_detailbiaya` VALUES ('1928', '8', '1750000', '16', '2', '100', '0');
INSERT INTO `psb_detailbiaya` VALUES ('1937', '4', '0', '16', '2', '100', '0');
INSERT INTO `psb_detailbiaya` VALUES ('1946', '3', '400000', '17', '2', '100', '0');
INSERT INTO `psb_detailbiaya` VALUES ('1955', '7', '2150000', '17', '2', '100', '0');
INSERT INTO `psb_detailbiaya` VALUES ('1964', '8', '1750000', '17', '2', '100', '0');
INSERT INTO `psb_detailbiaya` VALUES ('1973', '4', '0', '17', '2', '100', '0');
INSERT INTO `psb_detailbiaya` VALUES ('1982', '3', '0', '18', '2', '100', '0');
INSERT INTO `psb_detailbiaya` VALUES ('1991', '7', '0', '18', '2', '100', '0');
INSERT INTO `psb_detailbiaya` VALUES ('2000', '8', '0', '18', '2', '100', '0');
INSERT INTO `psb_detailbiaya` VALUES ('2009', '4', '0', '18', '2', '100', '0');
INSERT INTO `psb_detailbiaya` VALUES ('2018', '3', '0', '4', '2', '101', '0');
INSERT INTO `psb_detailbiaya` VALUES ('2027', '7', '0', '4', '2', '101', '0');
INSERT INTO `psb_detailbiaya` VALUES ('2036', '8', '0', '4', '2', '101', '0');
INSERT INTO `psb_detailbiaya` VALUES ('2045', '4', '0', '4', '2', '101', '0');
INSERT INTO `psb_detailbiaya` VALUES ('2054', '3', '0', '5', '2', '101', '0');
INSERT INTO `psb_detailbiaya` VALUES ('2063', '7', '0', '5', '2', '101', '0');
INSERT INTO `psb_detailbiaya` VALUES ('2072', '8', '0', '5', '2', '101', '0');
INSERT INTO `psb_detailbiaya` VALUES ('2081', '4', '0', '5', '2', '101', '0');
INSERT INTO `psb_detailbiaya` VALUES ('2090', '3', '0', '6', '2', '101', '0');
INSERT INTO `psb_detailbiaya` VALUES ('2099', '7', '0', '6', '2', '101', '0');
INSERT INTO `psb_detailbiaya` VALUES ('2108', '8', '0', '6', '2', '101', '0');
INSERT INTO `psb_detailbiaya` VALUES ('2117', '4', '0', '6', '2', '101', '0');
INSERT INTO `psb_detailbiaya` VALUES ('2126', '3', '0', '7', '2', '101', '0');
INSERT INTO `psb_detailbiaya` VALUES ('2135', '7', '0', '7', '2', '101', '0');
INSERT INTO `psb_detailbiaya` VALUES ('2144', '8', '0', '7', '2', '101', '0');
INSERT INTO `psb_detailbiaya` VALUES ('2153', '4', '0', '7', '2', '101', '0');
INSERT INTO `psb_detailbiaya` VALUES ('2162', '3', '0', '8', '2', '101', '0');
INSERT INTO `psb_detailbiaya` VALUES ('2171', '7', '0', '8', '2', '101', '0');
INSERT INTO `psb_detailbiaya` VALUES ('2180', '8', '0', '8', '2', '101', '0');
INSERT INTO `psb_detailbiaya` VALUES ('2189', '4', '0', '8', '2', '101', '0');
INSERT INTO `psb_detailbiaya` VALUES ('2198', '3', '300000', '4', '2', '102', '0');
INSERT INTO `psb_detailbiaya` VALUES ('2207', '7', '500000', '4', '2', '102', '0');
INSERT INTO `psb_detailbiaya` VALUES ('2216', '8', '1750000', '4', '2', '102', '0');
INSERT INTO `psb_detailbiaya` VALUES ('2225', '4', '12000000', '4', '2', '102', '0');
INSERT INTO `psb_detailbiaya` VALUES ('2234', '3', '300000', '5', '2', '102', '0');
INSERT INTO `psb_detailbiaya` VALUES ('2243', '7', '1000000', '5', '2', '102', '0');
INSERT INTO `psb_detailbiaya` VALUES ('2252', '8', '1750000', '5', '2', '102', '0');
INSERT INTO `psb_detailbiaya` VALUES ('2261', '4', '13500000', '5', '2', '102', '0');
INSERT INTO `psb_detailbiaya` VALUES ('2270', '3', '300000', '6', '2', '102', '0');
INSERT INTO `psb_detailbiaya` VALUES ('2279', '7', '1100000', '6', '2', '102', '0');
INSERT INTO `psb_detailbiaya` VALUES ('2288', '8', '1750000', '6', '2', '102', '0');
INSERT INTO `psb_detailbiaya` VALUES ('2297', '4', '7000000', '6', '2', '102', '0');
INSERT INTO `psb_detailbiaya` VALUES ('2306', '3', '300000', '7', '2', '102', '0');
INSERT INTO `psb_detailbiaya` VALUES ('2315', '7', '1200000', '7', '2', '102', '0');
INSERT INTO `psb_detailbiaya` VALUES ('2324', '8', '1750000', '7', '2', '102', '0');
INSERT INTO `psb_detailbiaya` VALUES ('2333', '4', '15000000', '7', '2', '102', '0');
INSERT INTO `psb_detailbiaya` VALUES ('2342', '3', '300000', '8', '2', '102', '0');
INSERT INTO `psb_detailbiaya` VALUES ('2351', '7', '1200000', '8', '2', '102', '0');
INSERT INTO `psb_detailbiaya` VALUES ('2360', '8', '1750000', '8', '2', '102', '0');
INSERT INTO `psb_detailbiaya` VALUES ('2369', '4', '8000000', '8', '2', '102', '0');
INSERT INTO `psb_detailbiaya` VALUES ('2378', '3', '0', '4', '2', '103', '0');
INSERT INTO `psb_detailbiaya` VALUES ('2387', '7', '0', '4', '2', '103', '0');
INSERT INTO `psb_detailbiaya` VALUES ('2396', '8', '0', '4', '2', '103', '0');
INSERT INTO `psb_detailbiaya` VALUES ('2405', '4', '0', '4', '2', '103', '0');
INSERT INTO `psb_detailbiaya` VALUES ('2414', '3', '0', '5', '2', '103', '0');
INSERT INTO `psb_detailbiaya` VALUES ('2423', '7', '0', '5', '2', '103', '0');
INSERT INTO `psb_detailbiaya` VALUES ('2432', '8', '0', '5', '2', '103', '0');
INSERT INTO `psb_detailbiaya` VALUES ('2441', '4', '0', '5', '2', '103', '0');
INSERT INTO `psb_detailbiaya` VALUES ('2450', '3', '0', '6', '2', '103', '0');
INSERT INTO `psb_detailbiaya` VALUES ('2459', '7', '0', '6', '2', '103', '0');
INSERT INTO `psb_detailbiaya` VALUES ('2468', '8', '0', '6', '2', '103', '0');
INSERT INTO `psb_detailbiaya` VALUES ('2477', '4', '0', '6', '2', '103', '0');
INSERT INTO `psb_detailbiaya` VALUES ('2486', '3', '0', '7', '2', '103', '0');
INSERT INTO `psb_detailbiaya` VALUES ('2495', '7', '0', '7', '2', '103', '0');
INSERT INTO `psb_detailbiaya` VALUES ('2504', '8', '0', '7', '2', '103', '0');
INSERT INTO `psb_detailbiaya` VALUES ('2513', '4', '0', '7', '2', '103', '0');
INSERT INTO `psb_detailbiaya` VALUES ('2522', '3', '0', '8', '2', '103', '0');
INSERT INTO `psb_detailbiaya` VALUES ('2531', '7', '0', '8', '2', '103', '0');
INSERT INTO `psb_detailbiaya` VALUES ('2540', '8', '0', '8', '2', '103', '0');
INSERT INTO `psb_detailbiaya` VALUES ('2549', '4', '0', '8', '2', '103', '0');
INSERT INTO `psb_detailbiaya` VALUES ('2558', '3', '0', '9', '2', '103', '0');
INSERT INTO `psb_detailbiaya` VALUES ('2567', '7', '0', '9', '2', '103', '0');
INSERT INTO `psb_detailbiaya` VALUES ('2576', '8', '0', '9', '2', '103', '0');
INSERT INTO `psb_detailbiaya` VALUES ('2585', '4', '0', '9', '2', '103', '0');
INSERT INTO `psb_detailbiaya` VALUES ('2594', '3', '0', '10', '2', '103', '0');
INSERT INTO `psb_detailbiaya` VALUES ('2603', '7', '0', '10', '2', '103', '0');
INSERT INTO `psb_detailbiaya` VALUES ('2612', '8', '0', '10', '2', '103', '0');
INSERT INTO `psb_detailbiaya` VALUES ('2621', '4', '0', '10', '2', '103', '0');
INSERT INTO `psb_detailbiaya` VALUES ('2630', '3', '0', '11', '2', '103', '0');
INSERT INTO `psb_detailbiaya` VALUES ('2639', '7', '0', '11', '2', '103', '0');
INSERT INTO `psb_detailbiaya` VALUES ('2648', '8', '0', '11', '2', '103', '0');
INSERT INTO `psb_detailbiaya` VALUES ('2657', '4', '0', '11', '2', '103', '0');
INSERT INTO `psb_detailbiaya` VALUES ('2666', '3', '0', '12', '2', '103', '0');
INSERT INTO `psb_detailbiaya` VALUES ('2675', '7', '0', '12', '2', '103', '0');
INSERT INTO `psb_detailbiaya` VALUES ('2684', '8', '0', '12', '2', '103', '0');
INSERT INTO `psb_detailbiaya` VALUES ('2693', '4', '0', '12', '2', '103', '0');
INSERT INTO `psb_detailbiaya` VALUES ('2702', '3', '0', '13', '2', '103', '0');
INSERT INTO `psb_detailbiaya` VALUES ('2711', '7', '0', '13', '2', '103', '0');
INSERT INTO `psb_detailbiaya` VALUES ('2720', '8', '0', '13', '2', '103', '0');
INSERT INTO `psb_detailbiaya` VALUES ('2729', '4', '0', '13', '2', '103', '0');
INSERT INTO `psb_detailbiaya` VALUES ('2738', '3', '0', '14', '2', '103', '0');
INSERT INTO `psb_detailbiaya` VALUES ('2747', '7', '0', '14', '2', '103', '0');
INSERT INTO `psb_detailbiaya` VALUES ('2756', '8', '0', '14', '2', '103', '0');
INSERT INTO `psb_detailbiaya` VALUES ('2765', '4', '0', '14', '2', '103', '0');
INSERT INTO `psb_detailbiaya` VALUES ('2774', '3', '0', '15', '2', '103', '0');
INSERT INTO `psb_detailbiaya` VALUES ('2783', '7', '0', '15', '2', '103', '0');
INSERT INTO `psb_detailbiaya` VALUES ('2792', '8', '0', '15', '2', '103', '0');
INSERT INTO `psb_detailbiaya` VALUES ('2801', '4', '0', '15', '2', '103', '0');
INSERT INTO `psb_detailbiaya` VALUES ('2810', '3', '0', '16', '2', '103', '0');
INSERT INTO `psb_detailbiaya` VALUES ('2819', '7', '0', '16', '2', '103', '0');
INSERT INTO `psb_detailbiaya` VALUES ('2828', '8', '0', '16', '2', '103', '0');
INSERT INTO `psb_detailbiaya` VALUES ('2837', '4', '0', '16', '2', '103', '0');
INSERT INTO `psb_detailbiaya` VALUES ('2846', '3', '0', '17', '2', '103', '0');
INSERT INTO `psb_detailbiaya` VALUES ('2855', '7', '0', '17', '2', '103', '0');
INSERT INTO `psb_detailbiaya` VALUES ('2864', '8', '0', '17', '2', '103', '0');
INSERT INTO `psb_detailbiaya` VALUES ('2873', '4', '0', '17', '2', '103', '0');
INSERT INTO `psb_detailbiaya` VALUES ('2882', '3', '0', '18', '2', '103', '0');
INSERT INTO `psb_detailbiaya` VALUES ('2891', '7', '0', '18', '2', '103', '0');
INSERT INTO `psb_detailbiaya` VALUES ('2900', '8', '0', '18', '2', '103', '0');
INSERT INTO `psb_detailbiaya` VALUES ('2909', '4', '0', '18', '2', '103', '0');
INSERT INTO `psb_detailbiaya` VALUES ('2918', '3', '0', '19', '2', '103', '0');
INSERT INTO `psb_detailbiaya` VALUES ('2927', '7', '0', '19', '2', '103', '0');
INSERT INTO `psb_detailbiaya` VALUES ('2936', '8', '0', '19', '2', '103', '0');
INSERT INTO `psb_detailbiaya` VALUES ('2945', '4', '0', '19', '2', '103', '0');
INSERT INTO `psb_detailbiaya` VALUES ('2954', '3', '0', '20', '2', '103', '0');
INSERT INTO `psb_detailbiaya` VALUES ('2963', '7', '0', '20', '2', '103', '0');
INSERT INTO `psb_detailbiaya` VALUES ('2972', '8', '0', '20', '2', '103', '0');
INSERT INTO `psb_detailbiaya` VALUES ('2981', '4', '0', '20', '2', '103', '0');
INSERT INTO `psb_detailbiaya` VALUES ('2990', '3', '0', '24', '2', '103', '0');
INSERT INTO `psb_detailbiaya` VALUES ('2999', '7', '0', '24', '2', '103', '0');
INSERT INTO `psb_detailbiaya` VALUES ('3008', '8', '0', '24', '2', '103', '0');
INSERT INTO `psb_detailbiaya` VALUES ('3017', '4', '0', '24', '2', '103', '0');
INSERT INTO `psb_detailbiaya` VALUES ('3026', '3', '0', '4', '2', '104', '0');
INSERT INTO `psb_detailbiaya` VALUES ('3035', '7', '0', '4', '2', '104', '0');
INSERT INTO `psb_detailbiaya` VALUES ('3044', '8', '0', '4', '2', '104', '0');
INSERT INTO `psb_detailbiaya` VALUES ('3053', '4', '0', '4', '2', '104', '0');
INSERT INTO `psb_detailbiaya` VALUES ('3062', '3', '0', '5', '2', '104', '0');
INSERT INTO `psb_detailbiaya` VALUES ('3071', '7', '0', '5', '2', '104', '0');
INSERT INTO `psb_detailbiaya` VALUES ('3080', '8', '0', '5', '2', '104', '0');
INSERT INTO `psb_detailbiaya` VALUES ('3089', '4', '0', '5', '2', '104', '0');
INSERT INTO `psb_detailbiaya` VALUES ('3098', '3', '0', '6', '2', '104', '0');
INSERT INTO `psb_detailbiaya` VALUES ('3107', '7', '0', '6', '2', '104', '0');
INSERT INTO `psb_detailbiaya` VALUES ('3116', '8', '0', '6', '2', '104', '0');
INSERT INTO `psb_detailbiaya` VALUES ('3125', '4', '0', '6', '2', '104', '0');
INSERT INTO `psb_detailbiaya` VALUES ('3134', '3', '0', '7', '2', '104', '0');
INSERT INTO `psb_detailbiaya` VALUES ('3143', '7', '0', '7', '2', '104', '0');
INSERT INTO `psb_detailbiaya` VALUES ('3152', '8', '0', '7', '2', '104', '0');
INSERT INTO `psb_detailbiaya` VALUES ('3161', '4', '0', '7', '2', '104', '0');
INSERT INTO `psb_detailbiaya` VALUES ('3170', '3', '0', '8', '2', '104', '0');
INSERT INTO `psb_detailbiaya` VALUES ('3179', '7', '0', '8', '2', '104', '0');
INSERT INTO `psb_detailbiaya` VALUES ('3188', '8', '0', '8', '2', '104', '0');
INSERT INTO `psb_detailbiaya` VALUES ('3197', '4', '0', '8', '2', '104', '0');
INSERT INTO `psb_detailbiaya` VALUES ('3206', '3', '0', '9', '2', '104', '0');
INSERT INTO `psb_detailbiaya` VALUES ('3215', '7', '0', '9', '2', '104', '0');
INSERT INTO `psb_detailbiaya` VALUES ('3224', '8', '0', '9', '2', '104', '0');
INSERT INTO `psb_detailbiaya` VALUES ('3233', '4', '0', '9', '2', '104', '0');
INSERT INTO `psb_detailbiaya` VALUES ('3242', '3', '0', '10', '2', '104', '0');
INSERT INTO `psb_detailbiaya` VALUES ('3251', '7', '0', '10', '2', '104', '0');
INSERT INTO `psb_detailbiaya` VALUES ('3260', '8', '0', '10', '2', '104', '0');
INSERT INTO `psb_detailbiaya` VALUES ('3269', '4', '0', '10', '2', '104', '0');
INSERT INTO `psb_detailbiaya` VALUES ('3278', '3', '0', '11', '2', '104', '0');
INSERT INTO `psb_detailbiaya` VALUES ('3287', '7', '0', '11', '2', '104', '0');
INSERT INTO `psb_detailbiaya` VALUES ('3296', '8', '0', '11', '2', '104', '0');
INSERT INTO `psb_detailbiaya` VALUES ('3305', '4', '0', '11', '2', '104', '0');
INSERT INTO `psb_detailbiaya` VALUES ('3314', '3', '0', '12', '2', '104', '0');
INSERT INTO `psb_detailbiaya` VALUES ('3323', '7', '0', '12', '2', '104', '0');
INSERT INTO `psb_detailbiaya` VALUES ('3332', '8', '0', '12', '2', '104', '0');
INSERT INTO `psb_detailbiaya` VALUES ('3341', '4', '0', '12', '2', '104', '0');
INSERT INTO `psb_detailbiaya` VALUES ('3350', '3', '0', '13', '2', '104', '0');
INSERT INTO `psb_detailbiaya` VALUES ('3359', '7', '0', '13', '2', '104', '0');
INSERT INTO `psb_detailbiaya` VALUES ('3368', '8', '0', '13', '2', '104', '0');
INSERT INTO `psb_detailbiaya` VALUES ('3377', '4', '0', '13', '2', '104', '0');
INSERT INTO `psb_detailbiaya` VALUES ('3386', '3', '0', '14', '2', '104', '0');
INSERT INTO `psb_detailbiaya` VALUES ('3395', '7', '0', '14', '2', '104', '0');
INSERT INTO `psb_detailbiaya` VALUES ('3404', '8', '0', '14', '2', '104', '0');
INSERT INTO `psb_detailbiaya` VALUES ('3413', '4', '0', '14', '2', '104', '0');
INSERT INTO `psb_detailbiaya` VALUES ('3422', '3', '0', '15', '2', '104', '0');
INSERT INTO `psb_detailbiaya` VALUES ('3431', '7', '0', '15', '2', '104', '0');
INSERT INTO `psb_detailbiaya` VALUES ('3440', '8', '0', '15', '2', '104', '0');
INSERT INTO `psb_detailbiaya` VALUES ('3449', '4', '0', '15', '2', '104', '0');
INSERT INTO `psb_detailbiaya` VALUES ('3458', '3', '0', '16', '2', '104', '0');
INSERT INTO `psb_detailbiaya` VALUES ('3467', '7', '0', '16', '2', '104', '0');
INSERT INTO `psb_detailbiaya` VALUES ('3476', '8', '0', '16', '2', '104', '0');
INSERT INTO `psb_detailbiaya` VALUES ('3485', '4', '0', '16', '2', '104', '0');
INSERT INTO `psb_detailbiaya` VALUES ('3494', '3', '0', '17', '2', '104', '0');
INSERT INTO `psb_detailbiaya` VALUES ('3503', '7', '0', '17', '2', '104', '0');
INSERT INTO `psb_detailbiaya` VALUES ('3512', '8', '0', '17', '2', '104', '0');
INSERT INTO `psb_detailbiaya` VALUES ('3521', '4', '0', '17', '2', '104', '0');
INSERT INTO `psb_detailbiaya` VALUES ('3530', '3', '0', '18', '2', '104', '0');
INSERT INTO `psb_detailbiaya` VALUES ('3539', '7', '0', '18', '2', '104', '0');
INSERT INTO `psb_detailbiaya` VALUES ('3548', '8', '0', '18', '2', '104', '0');
INSERT INTO `psb_detailbiaya` VALUES ('3557', '4', '0', '18', '2', '104', '0');
INSERT INTO `psb_detailbiaya` VALUES ('3566', '3', '0', '19', '2', '104', '0');
INSERT INTO `psb_detailbiaya` VALUES ('3575', '7', '0', '19', '2', '104', '0');
INSERT INTO `psb_detailbiaya` VALUES ('3584', '8', '0', '19', '2', '104', '0');
INSERT INTO `psb_detailbiaya` VALUES ('3593', '4', '0', '19', '2', '104', '0');
INSERT INTO `psb_detailbiaya` VALUES ('3602', '3', '0', '20', '2', '104', '0');
INSERT INTO `psb_detailbiaya` VALUES ('3611', '7', '0', '20', '2', '104', '0');
INSERT INTO `psb_detailbiaya` VALUES ('3620', '8', '0', '20', '2', '104', '0');
INSERT INTO `psb_detailbiaya` VALUES ('3629', '4', '0', '20', '2', '104', '0');
INSERT INTO `psb_detailbiaya` VALUES ('3638', '3', '0', '24', '2', '104', '0');
INSERT INTO `psb_detailbiaya` VALUES ('3647', '7', '0', '24', '2', '104', '0');
INSERT INTO `psb_detailbiaya` VALUES ('3656', '8', '0', '24', '2', '104', '0');
INSERT INTO `psb_detailbiaya` VALUES ('3665', '4', '0', '24', '2', '104', '0');
INSERT INTO `psb_detailbiaya` VALUES ('3674', '3', '0', '9', '2', '105', '0');
INSERT INTO `psb_detailbiaya` VALUES ('3683', '7', '0', '9', '2', '105', '0');
INSERT INTO `psb_detailbiaya` VALUES ('3692', '8', '0', '9', '2', '105', '0');
INSERT INTO `psb_detailbiaya` VALUES ('3701', '4', '0', '9', '2', '105', '0');
INSERT INTO `psb_detailbiaya` VALUES ('3710', '3', '0', '10', '2', '105', '0');
INSERT INTO `psb_detailbiaya` VALUES ('3719', '7', '0', '10', '2', '105', '0');
INSERT INTO `psb_detailbiaya` VALUES ('3728', '8', '0', '10', '2', '105', '0');
INSERT INTO `psb_detailbiaya` VALUES ('3737', '4', '0', '10', '2', '105', '0');
INSERT INTO `psb_detailbiaya` VALUES ('3746', '3', '0', '11', '2', '105', '0');
INSERT INTO `psb_detailbiaya` VALUES ('3755', '7', '0', '11', '2', '105', '0');
INSERT INTO `psb_detailbiaya` VALUES ('3764', '8', '0', '11', '2', '105', '0');
INSERT INTO `psb_detailbiaya` VALUES ('3773', '4', '0', '11', '2', '105', '0');
INSERT INTO `psb_detailbiaya` VALUES ('3782', '3', '0', '12', '2', '105', '0');
INSERT INTO `psb_detailbiaya` VALUES ('3791', '7', '0', '12', '2', '105', '0');
INSERT INTO `psb_detailbiaya` VALUES ('3800', '8', '0', '12', '2', '105', '0');
INSERT INTO `psb_detailbiaya` VALUES ('3809', '4', '0', '12', '2', '105', '0');
INSERT INTO `psb_detailbiaya` VALUES ('3818', '3', '0', '13', '2', '105', '0');
INSERT INTO `psb_detailbiaya` VALUES ('3827', '7', '0', '13', '2', '105', '0');
INSERT INTO `psb_detailbiaya` VALUES ('3836', '8', '0', '13', '2', '105', '0');
INSERT INTO `psb_detailbiaya` VALUES ('3845', '4', '0', '13', '2', '105', '0');
INSERT INTO `psb_detailbiaya` VALUES ('3854', '3', '0', '14', '2', '105', '0');
INSERT INTO `psb_detailbiaya` VALUES ('3863', '7', '0', '14', '2', '105', '0');
INSERT INTO `psb_detailbiaya` VALUES ('3872', '8', '0', '14', '2', '105', '0');
INSERT INTO `psb_detailbiaya` VALUES ('3881', '4', '0', '14', '2', '105', '0');
INSERT INTO `psb_detailbiaya` VALUES ('3890', '3', '0', '15', '2', '105', '0');
INSERT INTO `psb_detailbiaya` VALUES ('3899', '7', '0', '15', '2', '105', '0');
INSERT INTO `psb_detailbiaya` VALUES ('3908', '8', '0', '15', '2', '105', '0');
INSERT INTO `psb_detailbiaya` VALUES ('3917', '4', '0', '15', '2', '105', '0');
INSERT INTO `psb_detailbiaya` VALUES ('3926', '3', '0', '16', '2', '105', '0');
INSERT INTO `psb_detailbiaya` VALUES ('3935', '7', '0', '16', '2', '105', '0');
INSERT INTO `psb_detailbiaya` VALUES ('3944', '8', '0', '16', '2', '105', '0');
INSERT INTO `psb_detailbiaya` VALUES ('3953', '4', '0', '16', '2', '105', '0');
INSERT INTO `psb_detailbiaya` VALUES ('3962', '3', '0', '17', '2', '105', '0');
INSERT INTO `psb_detailbiaya` VALUES ('3971', '7', '0', '17', '2', '105', '0');
INSERT INTO `psb_detailbiaya` VALUES ('3980', '8', '0', '17', '2', '105', '0');
INSERT INTO `psb_detailbiaya` VALUES ('3989', '4', '0', '17', '2', '105', '0');
INSERT INTO `psb_detailbiaya` VALUES ('3998', '3', '0', '18', '2', '105', '0');
INSERT INTO `psb_detailbiaya` VALUES ('4007', '7', '0', '18', '2', '105', '0');
INSERT INTO `psb_detailbiaya` VALUES ('4016', '8', '0', '18', '2', '105', '0');
INSERT INTO `psb_detailbiaya` VALUES ('4025', '4', '0', '18', '2', '105', '0');
INSERT INTO `psb_detailbiaya` VALUES ('4034', '3', '0', '9', '2', '106', '0');
INSERT INTO `psb_detailbiaya` VALUES ('4043', '7', '0', '9', '2', '106', '0');
INSERT INTO `psb_detailbiaya` VALUES ('4052', '8', '0', '9', '2', '106', '0');
INSERT INTO `psb_detailbiaya` VALUES ('4061', '4', '0', '9', '2', '106', '0');
INSERT INTO `psb_detailbiaya` VALUES ('4070', '3', '0', '10', '2', '106', '0');
INSERT INTO `psb_detailbiaya` VALUES ('4079', '7', '0', '10', '2', '106', '0');
INSERT INTO `psb_detailbiaya` VALUES ('4088', '8', '0', '10', '2', '106', '0');
INSERT INTO `psb_detailbiaya` VALUES ('4097', '4', '0', '10', '2', '106', '0');
INSERT INTO `psb_detailbiaya` VALUES ('4106', '3', '0', '11', '2', '106', '0');
INSERT INTO `psb_detailbiaya` VALUES ('4115', '7', '0', '11', '2', '106', '0');
INSERT INTO `psb_detailbiaya` VALUES ('4124', '8', '0', '11', '2', '106', '0');
INSERT INTO `psb_detailbiaya` VALUES ('4133', '4', '0', '11', '2', '106', '0');
INSERT INTO `psb_detailbiaya` VALUES ('4142', '3', '0', '12', '2', '106', '0');
INSERT INTO `psb_detailbiaya` VALUES ('4151', '7', '0', '12', '2', '106', '0');
INSERT INTO `psb_detailbiaya` VALUES ('4160', '8', '0', '12', '2', '106', '0');
INSERT INTO `psb_detailbiaya` VALUES ('4169', '4', '0', '12', '2', '106', '0');
INSERT INTO `psb_detailbiaya` VALUES ('4178', '3', '0', '13', '2', '106', '0');
INSERT INTO `psb_detailbiaya` VALUES ('4187', '7', '0', '13', '2', '106', '0');
INSERT INTO `psb_detailbiaya` VALUES ('4196', '8', '0', '13', '2', '106', '0');
INSERT INTO `psb_detailbiaya` VALUES ('4205', '4', '0', '13', '2', '106', '0');
INSERT INTO `psb_detailbiaya` VALUES ('4214', '3', '0', '14', '2', '106', '0');
INSERT INTO `psb_detailbiaya` VALUES ('4223', '7', '0', '14', '2', '106', '0');
INSERT INTO `psb_detailbiaya` VALUES ('4232', '8', '0', '14', '2', '106', '0');
INSERT INTO `psb_detailbiaya` VALUES ('4241', '4', '0', '14', '2', '106', '0');
INSERT INTO `psb_detailbiaya` VALUES ('4250', '3', '0', '15', '2', '106', '0');
INSERT INTO `psb_detailbiaya` VALUES ('4259', '7', '0', '15', '2', '106', '0');
INSERT INTO `psb_detailbiaya` VALUES ('4268', '8', '0', '15', '2', '106', '0');
INSERT INTO `psb_detailbiaya` VALUES ('4277', '4', '0', '15', '2', '106', '0');
INSERT INTO `psb_detailbiaya` VALUES ('4286', '3', '0', '16', '2', '106', '0');
INSERT INTO `psb_detailbiaya` VALUES ('4295', '7', '0', '16', '2', '106', '0');
INSERT INTO `psb_detailbiaya` VALUES ('4304', '8', '0', '16', '2', '106', '0');
INSERT INTO `psb_detailbiaya` VALUES ('4313', '4', '0', '16', '2', '106', '0');
INSERT INTO `psb_detailbiaya` VALUES ('4322', '3', '0', '17', '2', '106', '0');
INSERT INTO `psb_detailbiaya` VALUES ('4331', '7', '0', '17', '2', '106', '0');
INSERT INTO `psb_detailbiaya` VALUES ('4340', '8', '0', '17', '2', '106', '0');
INSERT INTO `psb_detailbiaya` VALUES ('4349', '4', '0', '17', '2', '106', '0');
INSERT INTO `psb_detailbiaya` VALUES ('4358', '3', '0', '18', '2', '106', '0');
INSERT INTO `psb_detailbiaya` VALUES ('4367', '7', '0', '18', '2', '106', '0');
INSERT INTO `psb_detailbiaya` VALUES ('4376', '8', '0', '18', '2', '106', '0');
INSERT INTO `psb_detailbiaya` VALUES ('4385', '4', '0', '18', '2', '106', '0');
INSERT INTO `psb_detailbiaya` VALUES ('4394', '3', '0', '4', '2', '107', '0');
INSERT INTO `psb_detailbiaya` VALUES ('4403', '7', '0', '4', '2', '107', '0');
INSERT INTO `psb_detailbiaya` VALUES ('4412', '8', '0', '4', '2', '107', '0');
INSERT INTO `psb_detailbiaya` VALUES ('4421', '4', '0', '4', '2', '107', '0');
INSERT INTO `psb_detailbiaya` VALUES ('4430', '3', '0', '5', '2', '107', '0');
INSERT INTO `psb_detailbiaya` VALUES ('4439', '7', '0', '5', '2', '107', '0');
INSERT INTO `psb_detailbiaya` VALUES ('4448', '8', '0', '5', '2', '107', '0');
INSERT INTO `psb_detailbiaya` VALUES ('4457', '4', '0', '5', '2', '107', '0');
INSERT INTO `psb_detailbiaya` VALUES ('4466', '3', '0', '6', '2', '107', '0');
INSERT INTO `psb_detailbiaya` VALUES ('4475', '7', '0', '6', '2', '107', '0');
INSERT INTO `psb_detailbiaya` VALUES ('4484', '8', '0', '6', '2', '107', '0');
INSERT INTO `psb_detailbiaya` VALUES ('4493', '4', '0', '6', '2', '107', '0');
INSERT INTO `psb_detailbiaya` VALUES ('4502', '3', '0', '7', '2', '107', '0');
INSERT INTO `psb_detailbiaya` VALUES ('4511', '7', '0', '7', '2', '107', '0');
INSERT INTO `psb_detailbiaya` VALUES ('4520', '8', '0', '7', '2', '107', '0');
INSERT INTO `psb_detailbiaya` VALUES ('4529', '4', '0', '7', '2', '107', '0');
INSERT INTO `psb_detailbiaya` VALUES ('4538', '3', '0', '8', '2', '107', '0');
INSERT INTO `psb_detailbiaya` VALUES ('4547', '7', '0', '8', '2', '107', '0');
INSERT INTO `psb_detailbiaya` VALUES ('4556', '8', '0', '8', '2', '107', '0');
INSERT INTO `psb_detailbiaya` VALUES ('4565', '4', '0', '8', '2', '107', '0');
INSERT INTO `psb_detailbiaya` VALUES ('4574', '3', '0', '4', '2', '108', '0');
INSERT INTO `psb_detailbiaya` VALUES ('4583', '7', '0', '4', '2', '108', '0');
INSERT INTO `psb_detailbiaya` VALUES ('4592', '8', '0', '4', '2', '108', '0');
INSERT INTO `psb_detailbiaya` VALUES ('4601', '4', '0', '4', '2', '108', '0');
INSERT INTO `psb_detailbiaya` VALUES ('4610', '3', '0', '5', '2', '108', '0');
INSERT INTO `psb_detailbiaya` VALUES ('4619', '7', '0', '5', '2', '108', '0');
INSERT INTO `psb_detailbiaya` VALUES ('4628', '8', '0', '5', '2', '108', '0');
INSERT INTO `psb_detailbiaya` VALUES ('4637', '4', '0', '5', '2', '108', '0');
INSERT INTO `psb_detailbiaya` VALUES ('4646', '3', '0', '6', '2', '108', '0');
INSERT INTO `psb_detailbiaya` VALUES ('4655', '7', '0', '6', '2', '108', '0');
INSERT INTO `psb_detailbiaya` VALUES ('4664', '8', '0', '6', '2', '108', '0');
INSERT INTO `psb_detailbiaya` VALUES ('4673', '4', '0', '6', '2', '108', '0');
INSERT INTO `psb_detailbiaya` VALUES ('4682', '3', '0', '7', '2', '108', '0');
INSERT INTO `psb_detailbiaya` VALUES ('4691', '7', '0', '7', '2', '108', '0');
INSERT INTO `psb_detailbiaya` VALUES ('4700', '8', '0', '7', '2', '108', '0');
INSERT INTO `psb_detailbiaya` VALUES ('4709', '4', '0', '7', '2', '108', '0');
INSERT INTO `psb_detailbiaya` VALUES ('4718', '3', '0', '8', '2', '108', '0');
INSERT INTO `psb_detailbiaya` VALUES ('4727', '7', '0', '8', '2', '108', '0');
INSERT INTO `psb_detailbiaya` VALUES ('4736', '8', '0', '8', '2', '108', '0');
INSERT INTO `psb_detailbiaya` VALUES ('4745', '4', '0', '8', '2', '108', '0');
INSERT INTO `psb_detailbiaya` VALUES ('6330', '3', '350000', '4', '2', '145', '0');
INSERT INTO `psb_detailbiaya` VALUES ('6331', '8', '2000000', '4', '2', '145', '0');
INSERT INTO `psb_detailbiaya` VALUES ('6332', '4', '16500000', '4', '2', '145', '0');
INSERT INTO `psb_detailbiaya` VALUES ('6333', '7', '600000', '4', '2', '145', '0');
INSERT INTO `psb_detailbiaya` VALUES ('6334', '3', '350000', '5', '2', '145', '0');
INSERT INTO `psb_detailbiaya` VALUES ('6335', '8', '2000000', '5', '2', '145', '0');
INSERT INTO `psb_detailbiaya` VALUES ('6336', '4', '16500000', '5', '2', '145', '0');
INSERT INTO `psb_detailbiaya` VALUES ('6337', '7', '1200000', '5', '2', '145', '0');
INSERT INTO `psb_detailbiaya` VALUES ('6338', '3', '350000', '6', '2', '145', '0');
INSERT INTO `psb_detailbiaya` VALUES ('6339', '8', '2000000', '6', '2', '145', '0');
INSERT INTO `psb_detailbiaya` VALUES ('6340', '4', '9000000', '6', '2', '145', '0');
INSERT INTO `psb_detailbiaya` VALUES ('6341', '7', '1350000', '6', '2', '145', '0');
INSERT INTO `psb_detailbiaya` VALUES ('6342', '3', '350000', '7', '2', '145', '0');
INSERT INTO `psb_detailbiaya` VALUES ('6343', '8', '2000000', '7', '2', '145', '0');
INSERT INTO `psb_detailbiaya` VALUES ('6344', '4', '18500000', '7', '2', '145', '0');
INSERT INTO `psb_detailbiaya` VALUES ('6345', '7', '1700000', '7', '2', '145', '0');
INSERT INTO `psb_detailbiaya` VALUES ('6346', '3', '350000', '8', '2', '145', '0');
INSERT INTO `psb_detailbiaya` VALUES ('6347', '8', '2000000', '8', '2', '145', '0');
INSERT INTO `psb_detailbiaya` VALUES ('6348', '4', '9500000', '8', '2', '145', '0');
INSERT INTO `psb_detailbiaya` VALUES ('6349', '7', '1700000', '8', '2', '145', '0');
INSERT INTO `psb_detailbiaya` VALUES ('6350', '3', '500000', '9', '2', '145', '0');
INSERT INTO `psb_detailbiaya` VALUES ('6351', '8', '2000000', '9', '2', '145', '0');
INSERT INTO `psb_detailbiaya` VALUES ('6352', '4', '45000000', '9', '2', '145', '0');
INSERT INTO `psb_detailbiaya` VALUES ('6353', '7', '2150000', '9', '2', '145', '0');
INSERT INTO `psb_detailbiaya` VALUES ('6354', '3', '350000', '10', '2', '145', '0');
INSERT INTO `psb_detailbiaya` VALUES ('6355', '8', '2000000', '10', '2', '145', '0');
INSERT INTO `psb_detailbiaya` VALUES ('6356', '4', '37500000', '10', '2', '145', '0');
INSERT INTO `psb_detailbiaya` VALUES ('6357', '7', '2150000', '10', '2', '145', '0');
INSERT INTO `psb_detailbiaya` VALUES ('6358', '3', '500000', '11', '2', '145', '0');
INSERT INTO `psb_detailbiaya` VALUES ('6359', '8', '2000000', '11', '2', '145', '0');
INSERT INTO `psb_detailbiaya` VALUES ('6360', '4', '30000000', '11', '2', '145', '0');
INSERT INTO `psb_detailbiaya` VALUES ('6361', '7', '2150000', '11', '2', '145', '0');
INSERT INTO `psb_detailbiaya` VALUES ('6362', '3', '500000', '12', '2', '145', '0');
INSERT INTO `psb_detailbiaya` VALUES ('6363', '8', '2000000', '12', '2', '145', '0');
INSERT INTO `psb_detailbiaya` VALUES ('6364', '4', '22500000', '12', '2', '145', '0');
INSERT INTO `psb_detailbiaya` VALUES ('6365', '7', '2250000', '12', '2', '145', '0');
INSERT INTO `psb_detailbiaya` VALUES ('6366', '3', '500000', '13', '2', '145', '0');
INSERT INTO `psb_detailbiaya` VALUES ('6367', '8', '2000000', '13', '2', '145', '0');
INSERT INTO `psb_detailbiaya` VALUES ('6368', '4', '15000000', '13', '2', '145', '0');
INSERT INTO `psb_detailbiaya` VALUES ('6369', '7', '2300000', '13', '2', '145', '0');
INSERT INTO `psb_detailbiaya` VALUES ('6370', '3', '500000', '14', '2', '145', '0');
INSERT INTO `psb_detailbiaya` VALUES ('6371', '8', '2000000', '14', '2', '145', '0');
INSERT INTO `psb_detailbiaya` VALUES ('6372', '4', '7500000', '14', '2', '145', '0');
INSERT INTO `psb_detailbiaya` VALUES ('6373', '7', '2450000', '14', '2', '145', '0');
INSERT INTO `psb_detailbiaya` VALUES ('6374', '3', '500000', '15', '2', '145', '0');
INSERT INTO `psb_detailbiaya` VALUES ('6375', '8', '2000000', '15', '2', '145', '0');
INSERT INTO `psb_detailbiaya` VALUES ('6376', '4', '40000000', '15', '2', '145', '0');
INSERT INTO `psb_detailbiaya` VALUES ('6377', '7', '2950000', '15', '2', '145', '0');
INSERT INTO `psb_detailbiaya` VALUES ('6378', '3', '500000', '16', '2', '145', '0');
INSERT INTO `psb_detailbiaya` VALUES ('6379', '8', '2000000', '16', '2', '145', '0');
INSERT INTO `psb_detailbiaya` VALUES ('6380', '4', '30000000', '16', '2', '145', '0');
INSERT INTO `psb_detailbiaya` VALUES ('6381', '7', '3200000', '16', '2', '145', '0');
INSERT INTO `psb_detailbiaya` VALUES ('6382', '3', '500000', '17', '2', '145', '0');
INSERT INTO `psb_detailbiaya` VALUES ('6383', '8', '2000000', '17', '2', '145', '0');
INSERT INTO `psb_detailbiaya` VALUES ('6384', '4', '20000000', '17', '2', '145', '0');
INSERT INTO `psb_detailbiaya` VALUES ('6385', '7', '3450000', '17', '2', '145', '0');
INSERT INTO `psb_detailbiaya` VALUES ('6386', '3', '500000', '18', '2', '145', '0');
INSERT INTO `psb_detailbiaya` VALUES ('6387', '8', '2000000', '18', '2', '145', '0');
INSERT INTO `psb_detailbiaya` VALUES ('6388', '4', '36000000', '18', '2', '145', '0');
INSERT INTO `psb_detailbiaya` VALUES ('6389', '7', '3450000', '18', '2', '145', '0');
INSERT INTO `psb_detailbiaya` VALUES ('6390', '3', '550000', '19', '2', '145', '0');
INSERT INTO `psb_detailbiaya` VALUES ('6391', '8', '2000000', '19', '2', '145', '0');
INSERT INTO `psb_detailbiaya` VALUES ('6392', '4', '29000000', '19', '2', '145', '0');
INSERT INTO `psb_detailbiaya` VALUES ('6393', '7', '3850000', '19', '2', '145', '0');
INSERT INTO `psb_detailbiaya` VALUES ('6394', '3', '550000', '20', '2', '145', '0');
INSERT INTO `psb_detailbiaya` VALUES ('6395', '8', '2000000', '20', '2', '145', '0');
INSERT INTO `psb_detailbiaya` VALUES ('6396', '4', '14500000', '20', '2', '145', '0');
INSERT INTO `psb_detailbiaya` VALUES ('6397', '7', '3950000', '20', '2', '145', '0');
INSERT INTO `psb_detailbiaya` VALUES ('6398', '3', '0', '24', '2', '145', '0');
INSERT INTO `psb_detailbiaya` VALUES ('6399', '8', '0', '24', '2', '145', '0');
INSERT INTO `psb_detailbiaya` VALUES ('6400', '4', '0', '24', '2', '145', '0');
INSERT INTO `psb_detailbiaya` VALUES ('6401', '7', '0', '24', '2', '145', '0');
INSERT INTO `psb_detailbiaya` VALUES ('6402', '3', '500000', '9', '2', '146', '0');
INSERT INTO `psb_detailbiaya` VALUES ('6403', '8', '2000000', '9', '2', '146', '0');
INSERT INTO `psb_detailbiaya` VALUES ('6404', '4', '27500000', '9', '2', '146', '0');
INSERT INTO `psb_detailbiaya` VALUES ('6405', '7', '1750000', '9', '2', '146', '0');
INSERT INTO `psb_detailbiaya` VALUES ('6406', '3', '500000', '10', '2', '146', '0');
INSERT INTO `psb_detailbiaya` VALUES ('6407', '8', '2000000', '10', '2', '146', '0');
INSERT INTO `psb_detailbiaya` VALUES ('6408', '4', '22916667', '10', '2', '146', '0');
INSERT INTO `psb_detailbiaya` VALUES ('6409', '7', '1750000', '10', '2', '146', '0');
INSERT INTO `psb_detailbiaya` VALUES ('6410', '3', '500000', '11', '2', '146', '0');
INSERT INTO `psb_detailbiaya` VALUES ('6411', '8', '2000000', '11', '2', '146', '0');
INSERT INTO `psb_detailbiaya` VALUES ('6412', '4', '18333333', '11', '2', '146', '0');
INSERT INTO `psb_detailbiaya` VALUES ('6413', '7', '1750000', '11', '2', '146', '0');
INSERT INTO `psb_detailbiaya` VALUES ('6414', '3', '500000', '12', '2', '146', '0');
INSERT INTO `psb_detailbiaya` VALUES ('6415', '8', '2000000', '12', '2', '146', '0');
INSERT INTO `psb_detailbiaya` VALUES ('6416', '4', '13750000', '12', '2', '146', '0');
INSERT INTO `psb_detailbiaya` VALUES ('6417', '7', '1900000', '12', '2', '146', '0');
INSERT INTO `psb_detailbiaya` VALUES ('6418', '3', '500000', '13', '2', '146', '0');
INSERT INTO `psb_detailbiaya` VALUES ('6419', '8', '2000000', '13', '2', '146', '0');
INSERT INTO `psb_detailbiaya` VALUES ('6420', '4', '9166667', '13', '2', '146', '0');
INSERT INTO `psb_detailbiaya` VALUES ('6421', '7', '1900000', '13', '2', '146', '0');
INSERT INTO `psb_detailbiaya` VALUES ('6422', '3', '500000', '14', '2', '146', '0');
INSERT INTO `psb_detailbiaya` VALUES ('6423', '8', '2000000', '14', '2', '146', '0');
INSERT INTO `psb_detailbiaya` VALUES ('6424', '4', '4583333', '14', '2', '146', '0');
INSERT INTO `psb_detailbiaya` VALUES ('6425', '7', '2000000', '14', '2', '146', '0');
INSERT INTO `psb_detailbiaya` VALUES ('6426', '3', '500000', '15', '2', '146', '0');
INSERT INTO `psb_detailbiaya` VALUES ('6427', '8', '2000000', '15', '2', '146', '0');
INSERT INTO `psb_detailbiaya` VALUES ('6428', '4', '16500000', '15', '2', '146', '0');
INSERT INTO `psb_detailbiaya` VALUES ('6429', '7', '2100000', '15', '2', '146', '0');
INSERT INTO `psb_detailbiaya` VALUES ('6430', '3', '500000', '16', '2', '146', '0');
INSERT INTO `psb_detailbiaya` VALUES ('6431', '8', '2000000', '16', '2', '146', '0');
INSERT INTO `psb_detailbiaya` VALUES ('6432', '4', '11000000', '16', '2', '146', '0');
INSERT INTO `psb_detailbiaya` VALUES ('6433', '7', '2200000', '16', '2', '146', '0');
INSERT INTO `psb_detailbiaya` VALUES ('6434', '3', '500000', '17', '2', '146', '0');
INSERT INTO `psb_detailbiaya` VALUES ('6435', '8', '2000000', '17', '2', '146', '0');
INSERT INTO `psb_detailbiaya` VALUES ('6436', '4', '5500000', '17', '2', '146', '0');
INSERT INTO `psb_detailbiaya` VALUES ('6437', '7', '2300000', '17', '2', '146', '0');
INSERT INTO `psb_detailbiaya` VALUES ('6438', '3', '0', '18', '2', '146', '0');
INSERT INTO `psb_detailbiaya` VALUES ('6439', '8', '0', '18', '2', '146', '0');
INSERT INTO `psb_detailbiaya` VALUES ('6440', '4', '0', '18', '2', '146', '0');
INSERT INTO `psb_detailbiaya` VALUES ('6441', '7', '0', '18', '2', '146', '0');
INSERT INTO `psb_detailbiaya` VALUES ('6442', '3', '350000', '4', '2', '147', '0');
INSERT INTO `psb_detailbiaya` VALUES ('6443', '8', '2000000', '4', '2', '147', '0');
INSERT INTO `psb_detailbiaya` VALUES ('6444', '4', '15000000', '4', '2', '147', '0');
INSERT INTO `psb_detailbiaya` VALUES ('6445', '7', '600000', '4', '2', '147', '0');
INSERT INTO `psb_detailbiaya` VALUES ('6446', '3', '350000', '5', '2', '147', '0');
INSERT INTO `psb_detailbiaya` VALUES ('6447', '8', '2000000', '5', '2', '147', '0');
INSERT INTO `psb_detailbiaya` VALUES ('6448', '4', '15000000', '5', '2', '147', '0');
INSERT INTO `psb_detailbiaya` VALUES ('6449', '7', '1100000', '5', '2', '147', '0');
INSERT INTO `psb_detailbiaya` VALUES ('6450', '3', '350000', '6', '2', '147', '0');
INSERT INTO `psb_detailbiaya` VALUES ('6451', '8', '2000000', '6', '2', '147', '0');
INSERT INTO `psb_detailbiaya` VALUES ('6452', '4', '7500000', '6', '2', '147', '0');
INSERT INTO `psb_detailbiaya` VALUES ('6453', '7', '1200000', '6', '2', '147', '0');
INSERT INTO `psb_detailbiaya` VALUES ('6454', '3', '350000', '7', '2', '147', '0');
INSERT INTO `psb_detailbiaya` VALUES ('6455', '8', '2000000', '7', '2', '147', '0');
INSERT INTO `psb_detailbiaya` VALUES ('6456', '4', '15500000', '7', '2', '147', '0');
INSERT INTO `psb_detailbiaya` VALUES ('6457', '7', '1300000', '7', '2', '147', '0');
INSERT INTO `psb_detailbiaya` VALUES ('6458', '3', '350000', '8', '2', '147', '0');
INSERT INTO `psb_detailbiaya` VALUES ('6459', '8', '2000000', '8', '2', '147', '0');
INSERT INTO `psb_detailbiaya` VALUES ('6460', '4', '8000000', '8', '2', '147', '0');
INSERT INTO `psb_detailbiaya` VALUES ('6461', '7', '1300000', '8', '2', '147', '0');
INSERT INTO `psb_detailbiaya` VALUES ('6462', '3', '0', '4', '2', '148', '0');
INSERT INTO `psb_detailbiaya` VALUES ('6463', '8', '0', '4', '2', '148', '0');
INSERT INTO `psb_detailbiaya` VALUES ('6464', '4', '0', '4', '2', '148', '0');
INSERT INTO `psb_detailbiaya` VALUES ('6465', '7', '0', '4', '2', '148', '0');
INSERT INTO `psb_detailbiaya` VALUES ('6466', '3', '0', '5', '2', '148', '0');
INSERT INTO `psb_detailbiaya` VALUES ('6467', '8', '0', '5', '2', '148', '0');
INSERT INTO `psb_detailbiaya` VALUES ('6468', '4', '0', '5', '2', '148', '0');
INSERT INTO `psb_detailbiaya` VALUES ('6469', '7', '0', '5', '2', '148', '0');
INSERT INTO `psb_detailbiaya` VALUES ('6470', '3', '0', '6', '2', '148', '0');
INSERT INTO `psb_detailbiaya` VALUES ('6471', '8', '0', '6', '2', '148', '0');
INSERT INTO `psb_detailbiaya` VALUES ('6472', '4', '0', '6', '2', '148', '0');
INSERT INTO `psb_detailbiaya` VALUES ('6473', '7', '0', '6', '2', '148', '0');
INSERT INTO `psb_detailbiaya` VALUES ('6474', '3', '0', '7', '2', '148', '0');
INSERT INTO `psb_detailbiaya` VALUES ('6475', '8', '0', '7', '2', '148', '0');
INSERT INTO `psb_detailbiaya` VALUES ('6476', '4', '0', '7', '2', '148', '0');
INSERT INTO `psb_detailbiaya` VALUES ('6477', '7', '0', '7', '2', '148', '0');
INSERT INTO `psb_detailbiaya` VALUES ('6478', '3', '0', '8', '2', '148', '0');
INSERT INTO `psb_detailbiaya` VALUES ('6479', '8', '0', '8', '2', '148', '0');
INSERT INTO `psb_detailbiaya` VALUES ('6480', '4', '0', '8', '2', '148', '0');
INSERT INTO `psb_detailbiaya` VALUES ('6481', '7', '0', '8', '2', '148', '0');
INSERT INTO `psb_detailbiaya` VALUES ('6482', '3', '0', '9', '2', '148', '0');
INSERT INTO `psb_detailbiaya` VALUES ('6483', '8', '0', '9', '2', '148', '0');
INSERT INTO `psb_detailbiaya` VALUES ('6484', '4', '0', '9', '2', '148', '0');
INSERT INTO `psb_detailbiaya` VALUES ('6485', '7', '0', '9', '2', '148', '0');
INSERT INTO `psb_detailbiaya` VALUES ('6486', '3', '0', '10', '2', '148', '0');
INSERT INTO `psb_detailbiaya` VALUES ('6487', '8', '0', '10', '2', '148', '0');
INSERT INTO `psb_detailbiaya` VALUES ('6488', '4', '0', '10', '2', '148', '0');
INSERT INTO `psb_detailbiaya` VALUES ('6489', '7', '0', '10', '2', '148', '0');
INSERT INTO `psb_detailbiaya` VALUES ('6490', '3', '0', '11', '2', '148', '0');
INSERT INTO `psb_detailbiaya` VALUES ('6491', '8', '0', '11', '2', '148', '0');
INSERT INTO `psb_detailbiaya` VALUES ('6492', '4', '0', '11', '2', '148', '0');
INSERT INTO `psb_detailbiaya` VALUES ('6493', '7', '0', '11', '2', '148', '0');
INSERT INTO `psb_detailbiaya` VALUES ('6494', '3', '0', '12', '2', '148', '0');
INSERT INTO `psb_detailbiaya` VALUES ('6495', '8', '0', '12', '2', '148', '0');
INSERT INTO `psb_detailbiaya` VALUES ('6496', '4', '0', '12', '2', '148', '0');
INSERT INTO `psb_detailbiaya` VALUES ('6497', '7', '0', '12', '2', '148', '0');
INSERT INTO `psb_detailbiaya` VALUES ('6498', '3', '0', '13', '2', '148', '0');
INSERT INTO `psb_detailbiaya` VALUES ('6499', '8', '0', '13', '2', '148', '0');
INSERT INTO `psb_detailbiaya` VALUES ('6500', '4', '0', '13', '2', '148', '0');
INSERT INTO `psb_detailbiaya` VALUES ('6501', '7', '0', '13', '2', '148', '0');
INSERT INTO `psb_detailbiaya` VALUES ('6502', '3', '0', '14', '2', '148', '0');
INSERT INTO `psb_detailbiaya` VALUES ('6503', '8', '0', '14', '2', '148', '0');
INSERT INTO `psb_detailbiaya` VALUES ('6504', '4', '0', '14', '2', '148', '0');
INSERT INTO `psb_detailbiaya` VALUES ('6505', '7', '0', '14', '2', '148', '0');
INSERT INTO `psb_detailbiaya` VALUES ('6506', '3', '0', '15', '2', '148', '0');
INSERT INTO `psb_detailbiaya` VALUES ('6507', '8', '0', '15', '2', '148', '0');
INSERT INTO `psb_detailbiaya` VALUES ('6508', '4', '0', '15', '2', '148', '0');
INSERT INTO `psb_detailbiaya` VALUES ('6509', '7', '0', '15', '2', '148', '0');
INSERT INTO `psb_detailbiaya` VALUES ('6510', '3', '0', '16', '2', '148', '0');
INSERT INTO `psb_detailbiaya` VALUES ('6511', '8', '0', '16', '2', '148', '0');
INSERT INTO `psb_detailbiaya` VALUES ('6512', '4', '0', '16', '2', '148', '0');
INSERT INTO `psb_detailbiaya` VALUES ('6513', '7', '0', '16', '2', '148', '0');
INSERT INTO `psb_detailbiaya` VALUES ('6514', '3', '0', '17', '2', '148', '0');
INSERT INTO `psb_detailbiaya` VALUES ('6515', '8', '0', '17', '2', '148', '0');
INSERT INTO `psb_detailbiaya` VALUES ('6516', '4', '0', '17', '2', '148', '0');
INSERT INTO `psb_detailbiaya` VALUES ('6517', '7', '0', '17', '2', '148', '0');
INSERT INTO `psb_detailbiaya` VALUES ('6518', '3', '0', '18', '2', '148', '0');
INSERT INTO `psb_detailbiaya` VALUES ('6519', '8', '0', '18', '2', '148', '0');
INSERT INTO `psb_detailbiaya` VALUES ('6520', '4', '0', '18', '2', '148', '0');
INSERT INTO `psb_detailbiaya` VALUES ('6521', '7', '0', '18', '2', '148', '0');
INSERT INTO `psb_detailbiaya` VALUES ('6522', '3', '0', '19', '2', '148', '0');
INSERT INTO `psb_detailbiaya` VALUES ('6523', '8', '0', '19', '2', '148', '0');
INSERT INTO `psb_detailbiaya` VALUES ('6524', '4', '0', '19', '2', '148', '0');
INSERT INTO `psb_detailbiaya` VALUES ('6525', '7', '0', '19', '2', '148', '0');
INSERT INTO `psb_detailbiaya` VALUES ('6526', '3', '0', '20', '2', '148', '0');
INSERT INTO `psb_detailbiaya` VALUES ('6527', '8', '0', '20', '2', '148', '0');
INSERT INTO `psb_detailbiaya` VALUES ('6528', '4', '0', '20', '2', '148', '0');
INSERT INTO `psb_detailbiaya` VALUES ('6529', '7', '0', '20', '2', '148', '0');
INSERT INTO `psb_detailbiaya` VALUES ('6530', '3', '0', '24', '2', '148', '0');
INSERT INTO `psb_detailbiaya` VALUES ('6531', '8', '0', '24', '2', '148', '0');
INSERT INTO `psb_detailbiaya` VALUES ('6532', '4', '0', '24', '2', '148', '0');
INSERT INTO `psb_detailbiaya` VALUES ('6533', '7', '0', '24', '2', '148', '0');
INSERT INTO `psb_detailbiaya` VALUES ('6534', '3', '0', '9', '2', '149', '0');
INSERT INTO `psb_detailbiaya` VALUES ('6535', '8', '0', '9', '2', '149', '0');
INSERT INTO `psb_detailbiaya` VALUES ('6536', '4', '0', '9', '2', '149', '0');
INSERT INTO `psb_detailbiaya` VALUES ('6537', '7', '0', '9', '2', '149', '0');
INSERT INTO `psb_detailbiaya` VALUES ('6538', '3', '0', '10', '2', '149', '0');
INSERT INTO `psb_detailbiaya` VALUES ('6539', '8', '0', '10', '2', '149', '0');
INSERT INTO `psb_detailbiaya` VALUES ('6540', '4', '0', '10', '2', '149', '0');
INSERT INTO `psb_detailbiaya` VALUES ('6541', '7', '0', '10', '2', '149', '0');
INSERT INTO `psb_detailbiaya` VALUES ('6542', '3', '0', '11', '2', '149', '0');
INSERT INTO `psb_detailbiaya` VALUES ('6543', '8', '0', '11', '2', '149', '0');
INSERT INTO `psb_detailbiaya` VALUES ('6544', '4', '0', '11', '2', '149', '0');
INSERT INTO `psb_detailbiaya` VALUES ('6545', '7', '0', '11', '2', '149', '0');
INSERT INTO `psb_detailbiaya` VALUES ('6546', '3', '0', '12', '2', '149', '0');
INSERT INTO `psb_detailbiaya` VALUES ('6547', '8', '0', '12', '2', '149', '0');
INSERT INTO `psb_detailbiaya` VALUES ('6548', '4', '0', '12', '2', '149', '0');
INSERT INTO `psb_detailbiaya` VALUES ('6549', '7', '0', '12', '2', '149', '0');
INSERT INTO `psb_detailbiaya` VALUES ('6550', '3', '0', '13', '2', '149', '0');
INSERT INTO `psb_detailbiaya` VALUES ('6551', '8', '0', '13', '2', '149', '0');
INSERT INTO `psb_detailbiaya` VALUES ('6552', '4', '0', '13', '2', '149', '0');
INSERT INTO `psb_detailbiaya` VALUES ('6553', '7', '0', '13', '2', '149', '0');
INSERT INTO `psb_detailbiaya` VALUES ('6554', '3', '0', '14', '2', '149', '0');
INSERT INTO `psb_detailbiaya` VALUES ('6555', '8', '0', '14', '2', '149', '0');
INSERT INTO `psb_detailbiaya` VALUES ('6556', '4', '0', '14', '2', '149', '0');
INSERT INTO `psb_detailbiaya` VALUES ('6557', '7', '0', '14', '2', '149', '0');
INSERT INTO `psb_detailbiaya` VALUES ('6558', '3', '0', '15', '2', '149', '0');
INSERT INTO `psb_detailbiaya` VALUES ('6559', '8', '0', '15', '2', '149', '0');
INSERT INTO `psb_detailbiaya` VALUES ('6560', '4', '0', '15', '2', '149', '0');
INSERT INTO `psb_detailbiaya` VALUES ('6561', '7', '0', '15', '2', '149', '0');
INSERT INTO `psb_detailbiaya` VALUES ('6562', '3', '0', '16', '2', '149', '0');
INSERT INTO `psb_detailbiaya` VALUES ('6563', '8', '0', '16', '2', '149', '0');
INSERT INTO `psb_detailbiaya` VALUES ('6564', '4', '0', '16', '2', '149', '0');
INSERT INTO `psb_detailbiaya` VALUES ('6565', '7', '0', '16', '2', '149', '0');
INSERT INTO `psb_detailbiaya` VALUES ('6566', '3', '0', '17', '2', '149', '0');
INSERT INTO `psb_detailbiaya` VALUES ('6567', '8', '0', '17', '2', '149', '0');
INSERT INTO `psb_detailbiaya` VALUES ('6568', '4', '0', '17', '2', '149', '0');
INSERT INTO `psb_detailbiaya` VALUES ('6569', '7', '0', '17', '2', '149', '0');
INSERT INTO `psb_detailbiaya` VALUES ('6570', '3', '0', '18', '2', '149', '0');
INSERT INTO `psb_detailbiaya` VALUES ('6571', '8', '0', '18', '2', '149', '0');
INSERT INTO `psb_detailbiaya` VALUES ('6572', '4', '0', '18', '2', '149', '0');
INSERT INTO `psb_detailbiaya` VALUES ('6573', '7', '0', '18', '2', '149', '0');
INSERT INTO `psb_detailbiaya` VALUES ('6574', '3', '0', '4', '2', '150', '0');
INSERT INTO `psb_detailbiaya` VALUES ('6575', '8', '0', '4', '2', '150', '0');
INSERT INTO `psb_detailbiaya` VALUES ('6576', '4', '0', '4', '2', '150', '0');
INSERT INTO `psb_detailbiaya` VALUES ('6577', '7', '0', '4', '2', '150', '0');
INSERT INTO `psb_detailbiaya` VALUES ('6578', '3', '0', '5', '2', '150', '0');
INSERT INTO `psb_detailbiaya` VALUES ('6579', '8', '0', '5', '2', '150', '0');
INSERT INTO `psb_detailbiaya` VALUES ('6580', '4', '0', '5', '2', '150', '0');
INSERT INTO `psb_detailbiaya` VALUES ('6581', '7', '0', '5', '2', '150', '0');
INSERT INTO `psb_detailbiaya` VALUES ('6582', '3', '0', '6', '2', '150', '0');
INSERT INTO `psb_detailbiaya` VALUES ('6583', '8', '0', '6', '2', '150', '0');
INSERT INTO `psb_detailbiaya` VALUES ('6584', '4', '0', '6', '2', '150', '0');
INSERT INTO `psb_detailbiaya` VALUES ('6585', '7', '0', '6', '2', '150', '0');
INSERT INTO `psb_detailbiaya` VALUES ('6586', '3', '0', '7', '2', '150', '0');
INSERT INTO `psb_detailbiaya` VALUES ('6587', '8', '0', '7', '2', '150', '0');
INSERT INTO `psb_detailbiaya` VALUES ('6588', '4', '0', '7', '2', '150', '0');
INSERT INTO `psb_detailbiaya` VALUES ('6589', '7', '0', '7', '2', '150', '0');
INSERT INTO `psb_detailbiaya` VALUES ('6590', '3', '0', '8', '2', '150', '0');
INSERT INTO `psb_detailbiaya` VALUES ('6591', '8', '0', '8', '2', '150', '0');
INSERT INTO `psb_detailbiaya` VALUES ('6592', '4', '0', '8', '2', '150', '0');
INSERT INTO `psb_detailbiaya` VALUES ('6593', '7', '0', '8', '2', '150', '0');
INSERT INTO `psb_detailbiaya` VALUES ('6594', '9', '0', '4', '2', '97', '0');
INSERT INTO `psb_detailbiaya` VALUES ('6595', '9', '0', '5', '2', '97', '0');
INSERT INTO `psb_detailbiaya` VALUES ('6596', '9', '0', '6', '2', '97', '0');
INSERT INTO `psb_detailbiaya` VALUES ('6597', '9', '0', '7', '2', '97', '0');
INSERT INTO `psb_detailbiaya` VALUES ('6598', '9', '0', '8', '2', '97', '0');
INSERT INTO `psb_detailbiaya` VALUES ('6599', '9', '0', '9', '2', '97', '0');
INSERT INTO `psb_detailbiaya` VALUES ('6600', '9', '0', '10', '2', '97', '0');
INSERT INTO `psb_detailbiaya` VALUES ('6601', '9', '0', '11', '2', '97', '0');
INSERT INTO `psb_detailbiaya` VALUES ('6602', '9', '0', '12', '2', '97', '0');
INSERT INTO `psb_detailbiaya` VALUES ('6603', '9', '0', '13', '2', '97', '0');
INSERT INTO `psb_detailbiaya` VALUES ('6604', '9', '0', '14', '2', '97', '0');
INSERT INTO `psb_detailbiaya` VALUES ('6605', '9', '0', '15', '2', '97', '0');
INSERT INTO `psb_detailbiaya` VALUES ('6606', '9', '0', '16', '2', '97', '0');
INSERT INTO `psb_detailbiaya` VALUES ('6607', '9', '0', '17', '2', '97', '0');
INSERT INTO `psb_detailbiaya` VALUES ('6608', '9', '0', '18', '2', '97', '0');
INSERT INTO `psb_detailbiaya` VALUES ('6609', '9', '0', '19', '2', '97', '0');
INSERT INTO `psb_detailbiaya` VALUES ('6610', '9', '0', '20', '2', '97', '0');
INSERT INTO `psb_detailbiaya` VALUES ('6611', '9', '0', '24', '2', '97', '0');
INSERT INTO `psb_detailbiaya` VALUES ('6612', '9', '0', '4', '2', '98', '0');
INSERT INTO `psb_detailbiaya` VALUES ('6613', '9', '0', '5', '2', '98', '0');
INSERT INTO `psb_detailbiaya` VALUES ('6614', '9', '0', '6', '2', '98', '0');
INSERT INTO `psb_detailbiaya` VALUES ('6615', '9', '0', '7', '2', '98', '0');
INSERT INTO `psb_detailbiaya` VALUES ('6616', '9', '0', '8', '2', '98', '0');
INSERT INTO `psb_detailbiaya` VALUES ('6617', '9', '0', '9', '2', '98', '0');
INSERT INTO `psb_detailbiaya` VALUES ('6618', '9', '0', '10', '2', '98', '0');
INSERT INTO `psb_detailbiaya` VALUES ('6619', '9', '0', '11', '2', '98', '0');
INSERT INTO `psb_detailbiaya` VALUES ('6620', '9', '0', '12', '2', '98', '0');
INSERT INTO `psb_detailbiaya` VALUES ('6621', '9', '0', '13', '2', '98', '0');
INSERT INTO `psb_detailbiaya` VALUES ('6622', '9', '0', '14', '2', '98', '0');
INSERT INTO `psb_detailbiaya` VALUES ('6623', '9', '0', '15', '2', '98', '0');
INSERT INTO `psb_detailbiaya` VALUES ('6624', '9', '0', '16', '2', '98', '0');
INSERT INTO `psb_detailbiaya` VALUES ('6625', '9', '0', '17', '2', '98', '0');
INSERT INTO `psb_detailbiaya` VALUES ('6626', '9', '0', '18', '2', '98', '0');
INSERT INTO `psb_detailbiaya` VALUES ('6627', '9', '0', '19', '2', '98', '0');
INSERT INTO `psb_detailbiaya` VALUES ('6628', '9', '0', '20', '2', '98', '0');
INSERT INTO `psb_detailbiaya` VALUES ('6629', '9', '0', '24', '2', '98', '0');
INSERT INTO `psb_detailbiaya` VALUES ('6630', '9', '0', '4', '2', '103', '0');
INSERT INTO `psb_detailbiaya` VALUES ('6631', '9', '0', '5', '2', '103', '0');
INSERT INTO `psb_detailbiaya` VALUES ('6632', '9', '0', '6', '2', '103', '0');
INSERT INTO `psb_detailbiaya` VALUES ('6633', '9', '0', '7', '2', '103', '0');
INSERT INTO `psb_detailbiaya` VALUES ('6634', '9', '0', '8', '2', '103', '0');
INSERT INTO `psb_detailbiaya` VALUES ('6635', '9', '0', '9', '2', '103', '0');
INSERT INTO `psb_detailbiaya` VALUES ('6636', '9', '0', '10', '2', '103', '0');
INSERT INTO `psb_detailbiaya` VALUES ('6637', '9', '0', '11', '2', '103', '0');
INSERT INTO `psb_detailbiaya` VALUES ('6638', '9', '0', '12', '2', '103', '0');
INSERT INTO `psb_detailbiaya` VALUES ('6639', '9', '0', '13', '2', '103', '0');
INSERT INTO `psb_detailbiaya` VALUES ('6640', '9', '0', '14', '2', '103', '0');
INSERT INTO `psb_detailbiaya` VALUES ('6641', '9', '0', '15', '2', '103', '0');
INSERT INTO `psb_detailbiaya` VALUES ('6642', '9', '0', '16', '2', '103', '0');
INSERT INTO `psb_detailbiaya` VALUES ('6643', '9', '0', '17', '2', '103', '0');
INSERT INTO `psb_detailbiaya` VALUES ('6644', '9', '0', '18', '2', '103', '0');
INSERT INTO `psb_detailbiaya` VALUES ('6645', '9', '0', '19', '2', '103', '0');
INSERT INTO `psb_detailbiaya` VALUES ('6646', '9', '0', '20', '2', '103', '0');
INSERT INTO `psb_detailbiaya` VALUES ('6647', '9', '0', '24', '2', '103', '0');
INSERT INTO `psb_detailbiaya` VALUES ('6648', '9', '0', '4', '2', '104', '0');
INSERT INTO `psb_detailbiaya` VALUES ('6649', '9', '0', '5', '2', '104', '0');
INSERT INTO `psb_detailbiaya` VALUES ('6650', '9', '0', '6', '2', '104', '0');
INSERT INTO `psb_detailbiaya` VALUES ('6651', '9', '0', '7', '2', '104', '0');
INSERT INTO `psb_detailbiaya` VALUES ('6652', '9', '0', '8', '2', '104', '0');
INSERT INTO `psb_detailbiaya` VALUES ('6653', '9', '0', '9', '2', '104', '0');
INSERT INTO `psb_detailbiaya` VALUES ('6654', '9', '0', '10', '2', '104', '0');
INSERT INTO `psb_detailbiaya` VALUES ('6655', '9', '0', '11', '2', '104', '0');
INSERT INTO `psb_detailbiaya` VALUES ('6656', '9', '0', '12', '2', '104', '0');
INSERT INTO `psb_detailbiaya` VALUES ('6657', '9', '0', '13', '2', '104', '0');
INSERT INTO `psb_detailbiaya` VALUES ('6658', '9', '0', '14', '2', '104', '0');
INSERT INTO `psb_detailbiaya` VALUES ('6659', '9', '0', '15', '2', '104', '0');
INSERT INTO `psb_detailbiaya` VALUES ('6660', '9', '0', '16', '2', '104', '0');
INSERT INTO `psb_detailbiaya` VALUES ('6661', '9', '0', '17', '2', '104', '0');
INSERT INTO `psb_detailbiaya` VALUES ('6662', '9', '0', '18', '2', '104', '0');
INSERT INTO `psb_detailbiaya` VALUES ('6663', '9', '0', '19', '2', '104', '0');
INSERT INTO `psb_detailbiaya` VALUES ('6664', '9', '0', '20', '2', '104', '0');
INSERT INTO `psb_detailbiaya` VALUES ('6665', '9', '0', '24', '2', '104', '0');
INSERT INTO `psb_detailbiaya` VALUES ('6666', '9', '0', '4', '2', '145', '0');
INSERT INTO `psb_detailbiaya` VALUES ('6667', '9', '0', '5', '2', '145', '0');
INSERT INTO `psb_detailbiaya` VALUES ('6668', '9', '0', '6', '2', '145', '0');
INSERT INTO `psb_detailbiaya` VALUES ('6669', '9', '0', '7', '2', '145', '0');
INSERT INTO `psb_detailbiaya` VALUES ('6670', '9', '0', '8', '2', '145', '0');
INSERT INTO `psb_detailbiaya` VALUES ('6671', '9', '0', '9', '2', '145', '0');
INSERT INTO `psb_detailbiaya` VALUES ('6672', '9', '0', '10', '2', '145', '0');
INSERT INTO `psb_detailbiaya` VALUES ('6673', '9', '0', '11', '2', '145', '0');
INSERT INTO `psb_detailbiaya` VALUES ('6674', '9', '0', '12', '2', '145', '0');
INSERT INTO `psb_detailbiaya` VALUES ('6675', '9', '0', '13', '2', '145', '0');
INSERT INTO `psb_detailbiaya` VALUES ('6676', '9', '0', '14', '2', '145', '0');
INSERT INTO `psb_detailbiaya` VALUES ('6677', '9', '0', '15', '2', '145', '0');
INSERT INTO `psb_detailbiaya` VALUES ('6678', '9', '0', '16', '2', '145', '0');
INSERT INTO `psb_detailbiaya` VALUES ('6679', '9', '0', '17', '2', '145', '0');
INSERT INTO `psb_detailbiaya` VALUES ('6680', '9', '0', '18', '2', '145', '0');
INSERT INTO `psb_detailbiaya` VALUES ('6681', '9', '0', '19', '2', '145', '0');
INSERT INTO `psb_detailbiaya` VALUES ('6682', '9', '0', '20', '2', '145', '0');
INSERT INTO `psb_detailbiaya` VALUES ('6683', '9', '0', '24', '2', '145', '0');
INSERT INTO `psb_detailbiaya` VALUES ('6684', '9', '0', '4', '2', '148', '0');
INSERT INTO `psb_detailbiaya` VALUES ('6685', '9', '0', '5', '2', '148', '0');
INSERT INTO `psb_detailbiaya` VALUES ('6686', '9', '0', '6', '2', '148', '0');
INSERT INTO `psb_detailbiaya` VALUES ('6687', '9', '0', '7', '2', '148', '0');
INSERT INTO `psb_detailbiaya` VALUES ('6688', '9', '0', '8', '2', '148', '0');
INSERT INTO `psb_detailbiaya` VALUES ('6689', '9', '0', '9', '2', '148', '0');
INSERT INTO `psb_detailbiaya` VALUES ('6690', '9', '0', '10', '2', '148', '0');
INSERT INTO `psb_detailbiaya` VALUES ('6691', '9', '0', '11', '2', '148', '0');
INSERT INTO `psb_detailbiaya` VALUES ('6692', '9', '0', '12', '2', '148', '0');
INSERT INTO `psb_detailbiaya` VALUES ('6693', '9', '0', '13', '2', '148', '0');
INSERT INTO `psb_detailbiaya` VALUES ('6694', '9', '0', '14', '2', '148', '0');
INSERT INTO `psb_detailbiaya` VALUES ('6695', '9', '0', '15', '2', '148', '0');
INSERT INTO `psb_detailbiaya` VALUES ('6696', '9', '0', '16', '2', '148', '0');
INSERT INTO `psb_detailbiaya` VALUES ('6697', '9', '0', '17', '2', '148', '0');
INSERT INTO `psb_detailbiaya` VALUES ('6698', '9', '0', '18', '2', '148', '0');
INSERT INTO `psb_detailbiaya` VALUES ('6699', '9', '0', '19', '2', '148', '0');
INSERT INTO `psb_detailbiaya` VALUES ('6700', '9', '0', '20', '2', '148', '0');
INSERT INTO `psb_detailbiaya` VALUES ('6701', '9', '0', '24', '2', '148', '0');
INSERT INTO `psb_detailbiaya` VALUES ('6702', '9', '0', '9', '2', '99', '0');
INSERT INTO `psb_detailbiaya` VALUES ('6703', '9', '0', '10', '2', '99', '0');
INSERT INTO `psb_detailbiaya` VALUES ('6704', '9', '0', '11', '2', '99', '0');
INSERT INTO `psb_detailbiaya` VALUES ('6705', '9', '0', '12', '2', '99', '0');
INSERT INTO `psb_detailbiaya` VALUES ('6706', '9', '0', '13', '2', '99', '0');
INSERT INTO `psb_detailbiaya` VALUES ('6707', '9', '0', '14', '2', '99', '0');
INSERT INTO `psb_detailbiaya` VALUES ('6708', '9', '0', '15', '2', '99', '0');
INSERT INTO `psb_detailbiaya` VALUES ('6709', '9', '0', '16', '2', '99', '0');
INSERT INTO `psb_detailbiaya` VALUES ('6710', '9', '0', '17', '2', '99', '0');
INSERT INTO `psb_detailbiaya` VALUES ('6711', '9', '0', '18', '2', '99', '0');
INSERT INTO `psb_detailbiaya` VALUES ('6712', '9', '0', '9', '2', '100', '0');
INSERT INTO `psb_detailbiaya` VALUES ('6713', '9', '0', '10', '2', '100', '0');
INSERT INTO `psb_detailbiaya` VALUES ('6714', '9', '0', '11', '2', '100', '0');
INSERT INTO `psb_detailbiaya` VALUES ('6715', '9', '0', '12', '2', '100', '0');
INSERT INTO `psb_detailbiaya` VALUES ('6716', '9', '0', '13', '2', '100', '0');
INSERT INTO `psb_detailbiaya` VALUES ('6717', '9', '0', '14', '2', '100', '0');
INSERT INTO `psb_detailbiaya` VALUES ('6718', '9', '0', '15', '2', '100', '0');
INSERT INTO `psb_detailbiaya` VALUES ('6719', '9', '0', '16', '2', '100', '0');
INSERT INTO `psb_detailbiaya` VALUES ('6720', '9', '0', '17', '2', '100', '0');
INSERT INTO `psb_detailbiaya` VALUES ('6721', '9', '0', '18', '2', '100', '0');
INSERT INTO `psb_detailbiaya` VALUES ('6722', '9', '0', '9', '2', '105', '0');
INSERT INTO `psb_detailbiaya` VALUES ('6723', '9', '0', '10', '2', '105', '0');
INSERT INTO `psb_detailbiaya` VALUES ('6724', '9', '0', '11', '2', '105', '0');
INSERT INTO `psb_detailbiaya` VALUES ('6725', '9', '0', '12', '2', '105', '0');
INSERT INTO `psb_detailbiaya` VALUES ('6726', '9', '0', '13', '2', '105', '0');
INSERT INTO `psb_detailbiaya` VALUES ('6727', '9', '0', '14', '2', '105', '0');
INSERT INTO `psb_detailbiaya` VALUES ('6728', '9', '0', '15', '2', '105', '0');
INSERT INTO `psb_detailbiaya` VALUES ('6729', '9', '0', '16', '2', '105', '0');
INSERT INTO `psb_detailbiaya` VALUES ('6730', '9', '0', '17', '2', '105', '0');
INSERT INTO `psb_detailbiaya` VALUES ('6731', '9', '0', '18', '2', '105', '0');
INSERT INTO `psb_detailbiaya` VALUES ('6732', '9', '0', '9', '2', '106', '0');
INSERT INTO `psb_detailbiaya` VALUES ('6733', '9', '0', '10', '2', '106', '0');
INSERT INTO `psb_detailbiaya` VALUES ('6734', '9', '0', '11', '2', '106', '0');
INSERT INTO `psb_detailbiaya` VALUES ('6735', '9', '0', '12', '2', '106', '0');
INSERT INTO `psb_detailbiaya` VALUES ('6736', '9', '0', '13', '2', '106', '0');
INSERT INTO `psb_detailbiaya` VALUES ('6737', '9', '0', '14', '2', '106', '0');
INSERT INTO `psb_detailbiaya` VALUES ('6738', '9', '0', '15', '2', '106', '0');
INSERT INTO `psb_detailbiaya` VALUES ('6739', '9', '0', '16', '2', '106', '0');
INSERT INTO `psb_detailbiaya` VALUES ('6740', '9', '0', '17', '2', '106', '0');
INSERT INTO `psb_detailbiaya` VALUES ('6741', '9', '0', '18', '2', '106', '0');
INSERT INTO `psb_detailbiaya` VALUES ('6742', '9', '0', '9', '2', '146', '0');
INSERT INTO `psb_detailbiaya` VALUES ('6743', '9', '0', '10', '2', '146', '0');
INSERT INTO `psb_detailbiaya` VALUES ('6744', '9', '0', '11', '2', '146', '0');
INSERT INTO `psb_detailbiaya` VALUES ('6745', '9', '0', '12', '2', '146', '0');
INSERT INTO `psb_detailbiaya` VALUES ('6746', '9', '0', '13', '2', '146', '0');
INSERT INTO `psb_detailbiaya` VALUES ('6747', '9', '0', '14', '2', '146', '0');
INSERT INTO `psb_detailbiaya` VALUES ('6748', '9', '0', '15', '2', '146', '0');
INSERT INTO `psb_detailbiaya` VALUES ('6749', '9', '0', '16', '2', '146', '0');
INSERT INTO `psb_detailbiaya` VALUES ('6750', '9', '0', '17', '2', '146', '0');
INSERT INTO `psb_detailbiaya` VALUES ('6751', '9', '0', '18', '2', '146', '0');
INSERT INTO `psb_detailbiaya` VALUES ('6752', '9', '0', '9', '2', '149', '0');
INSERT INTO `psb_detailbiaya` VALUES ('6753', '9', '0', '10', '2', '149', '0');
INSERT INTO `psb_detailbiaya` VALUES ('6754', '9', '0', '11', '2', '149', '0');
INSERT INTO `psb_detailbiaya` VALUES ('6755', '9', '0', '12', '2', '149', '0');
INSERT INTO `psb_detailbiaya` VALUES ('6756', '9', '0', '13', '2', '149', '0');
INSERT INTO `psb_detailbiaya` VALUES ('6757', '9', '0', '14', '2', '149', '0');
INSERT INTO `psb_detailbiaya` VALUES ('6758', '9', '0', '15', '2', '149', '0');
INSERT INTO `psb_detailbiaya` VALUES ('6759', '9', '0', '16', '2', '149', '0');
INSERT INTO `psb_detailbiaya` VALUES ('6760', '9', '0', '17', '2', '149', '0');
INSERT INTO `psb_detailbiaya` VALUES ('6761', '9', '0', '18', '2', '149', '0');
INSERT INTO `psb_detailbiaya` VALUES ('6762', '9', '0', '4', '2', '101', '0');
INSERT INTO `psb_detailbiaya` VALUES ('6763', '9', '0', '5', '2', '101', '0');
INSERT INTO `psb_detailbiaya` VALUES ('6764', '9', '0', '6', '2', '101', '0');
INSERT INTO `psb_detailbiaya` VALUES ('6765', '9', '0', '7', '2', '101', '0');
INSERT INTO `psb_detailbiaya` VALUES ('6766', '9', '0', '8', '2', '101', '0');
INSERT INTO `psb_detailbiaya` VALUES ('6767', '9', '0', '4', '2', '102', '0');
INSERT INTO `psb_detailbiaya` VALUES ('6768', '9', '0', '5', '2', '102', '0');
INSERT INTO `psb_detailbiaya` VALUES ('6769', '9', '0', '6', '2', '102', '0');
INSERT INTO `psb_detailbiaya` VALUES ('6770', '9', '0', '7', '2', '102', '0');
INSERT INTO `psb_detailbiaya` VALUES ('6771', '9', '0', '8', '2', '102', '0');
INSERT INTO `psb_detailbiaya` VALUES ('6772', '9', '0', '4', '2', '107', '0');
INSERT INTO `psb_detailbiaya` VALUES ('6773', '9', '0', '5', '2', '107', '0');
INSERT INTO `psb_detailbiaya` VALUES ('6774', '9', '0', '6', '2', '107', '0');
INSERT INTO `psb_detailbiaya` VALUES ('6775', '9', '0', '7', '2', '107', '0');
INSERT INTO `psb_detailbiaya` VALUES ('6776', '9', '0', '8', '2', '107', '0');
INSERT INTO `psb_detailbiaya` VALUES ('6777', '9', '0', '4', '2', '108', '0');
INSERT INTO `psb_detailbiaya` VALUES ('6778', '9', '0', '5', '2', '108', '0');
INSERT INTO `psb_detailbiaya` VALUES ('6779', '9', '0', '6', '2', '108', '0');
INSERT INTO `psb_detailbiaya` VALUES ('6780', '9', '0', '7', '2', '108', '0');
INSERT INTO `psb_detailbiaya` VALUES ('6781', '9', '0', '8', '2', '108', '0');
INSERT INTO `psb_detailbiaya` VALUES ('6782', '9', '0', '4', '2', '147', '0');
INSERT INTO `psb_detailbiaya` VALUES ('6783', '9', '0', '5', '2', '147', '0');
INSERT INTO `psb_detailbiaya` VALUES ('6784', '9', '0', '6', '2', '147', '0');
INSERT INTO `psb_detailbiaya` VALUES ('6785', '9', '0', '7', '2', '147', '0');
INSERT INTO `psb_detailbiaya` VALUES ('6786', '9', '0', '8', '2', '147', '0');
INSERT INTO `psb_detailbiaya` VALUES ('6787', '9', '0', '4', '2', '150', '0');
INSERT INTO `psb_detailbiaya` VALUES ('6788', '9', '0', '5', '2', '150', '0');
INSERT INTO `psb_detailbiaya` VALUES ('6789', '9', '0', '6', '2', '150', '0');
INSERT INTO `psb_detailbiaya` VALUES ('6790', '9', '0', '7', '2', '150', '0');
INSERT INTO `psb_detailbiaya` VALUES ('6791', '9', '0', '8', '2', '150', '0');

-- ----------------------------
-- Table structure for psb_detaildiskon
-- ----------------------------
DROP TABLE IF EXISTS `psb_detaildiskon`;
CREATE TABLE `psb_detaildiskon` (
  `replid` int(11) NOT NULL AUTO_INCREMENT,
  `diskon` int(11) NOT NULL DEFAULT '0',
  `nilai` float(5,0) NOT NULL,
  `tahunajaran` int(11) NOT NULL,
  `isAktif` int(1) NOT NULL DEFAULT '1',
  PRIMARY KEY (`replid`),
  KEY `tahunajaran` (`tahunajaran`) USING BTREE,
  KEY `diskon` (`diskon`) USING BTREE,
  CONSTRAINT `diskonFK` FOREIGN KEY (`diskon`) REFERENCES `psb_diskon` (`replid`) ON DELETE CASCADE ON UPDATE CASCADE,
  CONSTRAINT `tahunajaranFK` FOREIGN KEY (`tahunajaran`) REFERENCES `aka_tahunajaran` (`replid`) ON DELETE CASCADE ON UPDATE CASCADE
) ENGINE=InnoDB AUTO_INCREMENT=613 DEFAULT CHARSET=latin1;

-- ----------------------------
-- Records of psb_detaildiskon
-- ----------------------------
INSERT INTO `psb_detaildiskon` VALUES ('175', '91', '0', '3', '1');
INSERT INTO `psb_detaildiskon` VALUES ('176', '91', '0', '5', '1');
INSERT INTO `psb_detaildiskon` VALUES ('177', '91', '10', '12', '1');
INSERT INTO `psb_detaildiskon` VALUES ('178', '92', '0', '3', '1');
INSERT INTO `psb_detaildiskon` VALUES ('179', '92', '0', '5', '1');
INSERT INTO `psb_detaildiskon` VALUES ('180', '92', '10', '12', '1');
INSERT INTO `psb_detaildiskon` VALUES ('181', '93', '0', '3', '1');
INSERT INTO `psb_detaildiskon` VALUES ('182', '93', '0', '5', '1');
INSERT INTO `psb_detaildiskon` VALUES ('183', '93', '5', '12', '1');
INSERT INTO `psb_detaildiskon` VALUES ('184', '94', '0', '3', '1');
INSERT INTO `psb_detaildiskon` VALUES ('185', '94', '0', '5', '1');
INSERT INTO `psb_detaildiskon` VALUES ('186', '94', '5', '12', '1');
INSERT INTO `psb_detaildiskon` VALUES ('187', '95', '0', '3', '1');
INSERT INTO `psb_detaildiskon` VALUES ('188', '95', '0', '5', '1');
INSERT INTO `psb_detaildiskon` VALUES ('189', '95', '5', '12', '1');
INSERT INTO `psb_detaildiskon` VALUES ('190', '96', '0', '3', '1');
INSERT INTO `psb_detaildiskon` VALUES ('191', '96', '0', '5', '1');
INSERT INTO `psb_detaildiskon` VALUES ('192', '96', '80', '12', '1');
INSERT INTO `psb_detaildiskon` VALUES ('193', '97', '0', '3', '1');
INSERT INTO `psb_detaildiskon` VALUES ('194', '97', '0', '5', '1');
INSERT INTO `psb_detaildiskon` VALUES ('195', '97', '50', '12', '1');
INSERT INTO `psb_detaildiskon` VALUES ('196', '98', '0', '3', '1');
INSERT INTO `psb_detaildiskon` VALUES ('197', '98', '0', '5', '1');
INSERT INTO `psb_detaildiskon` VALUES ('198', '98', '40', '12', '1');
INSERT INTO `psb_detaildiskon` VALUES ('199', '99', '0', '3', '1');
INSERT INTO `psb_detaildiskon` VALUES ('200', '99', '0', '5', '1');
INSERT INTO `psb_detaildiskon` VALUES ('201', '99', '50', '12', '1');
INSERT INTO `psb_detaildiskon` VALUES ('202', '100', '0', '3', '1');
INSERT INTO `psb_detaildiskon` VALUES ('203', '100', '0', '5', '1');
INSERT INTO `psb_detaildiskon` VALUES ('204', '100', '40', '12', '1');
INSERT INTO `psb_detaildiskon` VALUES ('208', '102', '0', '3', '1');
INSERT INTO `psb_detaildiskon` VALUES ('209', '102', '0', '5', '1');
INSERT INTO `psb_detaildiskon` VALUES ('210', '102', '30', '12', '1');
INSERT INTO `psb_detaildiskon` VALUES ('211', '103', '0', '3', '1');
INSERT INTO `psb_detaildiskon` VALUES ('212', '103', '0', '5', '1');
INSERT INTO `psb_detaildiskon` VALUES ('213', '103', '15', '12', '1');
INSERT INTO `psb_detaildiskon` VALUES ('214', '104', '0', '3', '1');
INSERT INTO `psb_detaildiskon` VALUES ('215', '104', '0', '5', '1');
INSERT INTO `psb_detaildiskon` VALUES ('216', '104', '10', '12', '1');
INSERT INTO `psb_detaildiskon` VALUES ('217', '105', '0', '3', '1');
INSERT INTO `psb_detaildiskon` VALUES ('218', '105', '0', '5', '1');
INSERT INTO `psb_detaildiskon` VALUES ('219', '105', '5', '12', '1');
INSERT INTO `psb_detaildiskon` VALUES ('220', '106', '0', '3', '1');
INSERT INTO `psb_detaildiskon` VALUES ('221', '106', '0', '5', '1');
INSERT INTO `psb_detaildiskon` VALUES ('222', '106', '0', '12', '1');
INSERT INTO `psb_detaildiskon` VALUES ('223', '107', '0', '3', '1');
INSERT INTO `psb_detaildiskon` VALUES ('224', '107', '0', '5', '1');
INSERT INTO `psb_detaildiskon` VALUES ('225', '107', '50', '12', '1');
INSERT INTO `psb_detaildiskon` VALUES ('226', '108', '0', '3', '1');
INSERT INTO `psb_detaildiskon` VALUES ('227', '108', '0', '5', '1');
INSERT INTO `psb_detaildiskon` VALUES ('228', '108', '100', '12', '1');
INSERT INTO `psb_detaildiskon` VALUES ('229', '109', '0', '3', '1');
INSERT INTO `psb_detaildiskon` VALUES ('230', '109', '0', '5', '1');
INSERT INTO `psb_detaildiskon` VALUES ('231', '109', '25', '12', '1');
INSERT INTO `psb_detaildiskon` VALUES ('232', '110', '0', '3', '1');
INSERT INTO `psb_detaildiskon` VALUES ('233', '110', '0', '5', '1');
INSERT INTO `psb_detaildiskon` VALUES ('234', '110', '0', '12', '1');
INSERT INTO `psb_detaildiskon` VALUES ('235', '111', '0', '3', '1');
INSERT INTO `psb_detaildiskon` VALUES ('236', '111', '0', '5', '1');
INSERT INTO `psb_detaildiskon` VALUES ('237', '111', '15', '12', '1');
INSERT INTO `psb_detaildiskon` VALUES ('238', '112', '0', '3', '1');
INSERT INTO `psb_detaildiskon` VALUES ('239', '112', '0', '5', '1');
INSERT INTO `psb_detaildiskon` VALUES ('240', '112', '10', '12', '1');
INSERT INTO `psb_detaildiskon` VALUES ('241', '113', '0', '3', '1');
INSERT INTO `psb_detaildiskon` VALUES ('242', '113', '0', '5', '1');
INSERT INTO `psb_detaildiskon` VALUES ('243', '113', '50', '12', '1');
INSERT INTO `psb_detaildiskon` VALUES ('244', '114', '0', '3', '1');
INSERT INTO `psb_detaildiskon` VALUES ('245', '114', '0', '5', '1');
INSERT INTO `psb_detaildiskon` VALUES ('246', '114', '40', '12', '1');
INSERT INTO `psb_detaildiskon` VALUES ('247', '115', '0', '3', '1');
INSERT INTO `psb_detaildiskon` VALUES ('248', '115', '0', '5', '1');
INSERT INTO `psb_detaildiskon` VALUES ('249', '115', '5', '12', '1');
INSERT INTO `psb_detaildiskon` VALUES ('250', '116', '0', '3', '1');
INSERT INTO `psb_detaildiskon` VALUES ('251', '116', '0', '5', '1');
INSERT INTO `psb_detaildiskon` VALUES ('252', '116', '50', '12', '1');
INSERT INTO `psb_detaildiskon` VALUES ('253', '117', '0', '3', '1');
INSERT INTO `psb_detaildiskon` VALUES ('254', '117', '0', '5', '1');
INSERT INTO `psb_detaildiskon` VALUES ('255', '117', '50', '12', '1');
INSERT INTO `psb_detaildiskon` VALUES ('256', '118', '0', '3', '1');
INSERT INTO `psb_detaildiskon` VALUES ('257', '118', '0', '5', '1');
INSERT INTO `psb_detaildiskon` VALUES ('258', '118', '100', '12', '1');
INSERT INTO `psb_detaildiskon` VALUES ('259', '119', '0', '3', '1');
INSERT INTO `psb_detaildiskon` VALUES ('260', '119', '0', '5', '1');
INSERT INTO `psb_detaildiskon` VALUES ('261', '119', '50', '12', '1');
INSERT INTO `psb_detaildiskon` VALUES ('262', '120', '0', '3', '1');
INSERT INTO `psb_detaildiskon` VALUES ('263', '120', '0', '5', '1');
INSERT INTO `psb_detaildiskon` VALUES ('264', '120', '40', '12', '1');
INSERT INTO `psb_detaildiskon` VALUES ('265', '121', '0', '3', '1');
INSERT INTO `psb_detaildiskon` VALUES ('266', '121', '0', '5', '1');
INSERT INTO `psb_detaildiskon` VALUES ('267', '121', '30', '12', '1');
INSERT INTO `psb_detaildiskon` VALUES ('268', '122', '0', '3', '1');
INSERT INTO `psb_detaildiskon` VALUES ('269', '122', '0', '5', '1');
INSERT INTO `psb_detaildiskon` VALUES ('270', '122', '40', '12', '1');
INSERT INTO `psb_detaildiskon` VALUES ('271', '123', '0', '3', '1');
INSERT INTO `psb_detaildiskon` VALUES ('272', '123', '0', '5', '1');
INSERT INTO `psb_detaildiskon` VALUES ('273', '123', '5', '12', '1');
INSERT INTO `psb_detaildiskon` VALUES ('274', '124', '0', '3', '1');
INSERT INTO `psb_detaildiskon` VALUES ('275', '124', '0', '5', '1');
INSERT INTO `psb_detaildiskon` VALUES ('276', '124', '8', '12', '1');
INSERT INTO `psb_detaildiskon` VALUES ('280', '126', '0', '3', '1');
INSERT INTO `psb_detaildiskon` VALUES ('281', '126', '0', '5', '1');
INSERT INTO `psb_detaildiskon` VALUES ('282', '126', '100', '12', '1');
INSERT INTO `psb_detaildiskon` VALUES ('283', '127', '0', '3', '1');
INSERT INTO `psb_detaildiskon` VALUES ('284', '127', '0', '5', '1');
INSERT INTO `psb_detaildiskon` VALUES ('285', '127', '10', '12', '1');
INSERT INTO `psb_detaildiskon` VALUES ('286', '128', '0', '3', '1');
INSERT INTO `psb_detaildiskon` VALUES ('287', '128', '0', '5', '1');
INSERT INTO `psb_detaildiskon` VALUES ('288', '128', '10', '12', '1');
INSERT INTO `psb_detaildiskon` VALUES ('289', '129', '0', '3', '1');
INSERT INTO `psb_detaildiskon` VALUES ('290', '129', '0', '5', '1');
INSERT INTO `psb_detaildiskon` VALUES ('291', '129', '20', '12', '1');
INSERT INTO `psb_detaildiskon` VALUES ('292', '130', '0', '3', '1');
INSERT INTO `psb_detaildiskon` VALUES ('293', '130', '0', '5', '1');
INSERT INTO `psb_detaildiskon` VALUES ('294', '130', '10', '12', '1');
INSERT INTO `psb_detaildiskon` VALUES ('295', '131', '0', '3', '1');
INSERT INTO `psb_detaildiskon` VALUES ('296', '131', '0', '5', '1');
INSERT INTO `psb_detaildiskon` VALUES ('297', '131', '15', '12', '1');
INSERT INTO `psb_detaildiskon` VALUES ('298', '132', '0', '3', '1');
INSERT INTO `psb_detaildiskon` VALUES ('299', '132', '0', '5', '1');
INSERT INTO `psb_detaildiskon` VALUES ('300', '132', '75', '12', '1');
INSERT INTO `psb_detaildiskon` VALUES ('301', '133', '0', '3', '1');
INSERT INTO `psb_detaildiskon` VALUES ('302', '133', '0', '5', '1');
INSERT INTO `psb_detaildiskon` VALUES ('303', '133', '50', '12', '1');
INSERT INTO `psb_detaildiskon` VALUES ('304', '134', '0', '3', '1');
INSERT INTO `psb_detaildiskon` VALUES ('305', '134', '0', '5', '1');
INSERT INTO `psb_detaildiskon` VALUES ('306', '134', '0', '12', '1');
INSERT INTO `psb_detaildiskon` VALUES ('307', '135', '0', '3', '1');
INSERT INTO `psb_detaildiskon` VALUES ('308', '135', '0', '5', '1');
INSERT INTO `psb_detaildiskon` VALUES ('309', '135', '0', '12', '1');
INSERT INTO `psb_detaildiskon` VALUES ('310', '136', '0', '3', '1');
INSERT INTO `psb_detaildiskon` VALUES ('311', '136', '0', '5', '1');
INSERT INTO `psb_detaildiskon` VALUES ('312', '136', '0', '12', '1');
INSERT INTO `psb_detaildiskon` VALUES ('316', '138', '0', '3', '1');
INSERT INTO `psb_detaildiskon` VALUES ('317', '138', '0', '5', '1');
INSERT INTO `psb_detaildiskon` VALUES ('318', '138', '30', '12', '1');
INSERT INTO `psb_detaildiskon` VALUES ('319', '139', '0', '3', '1');
INSERT INTO `psb_detaildiskon` VALUES ('320', '139', '0', '5', '1');
INSERT INTO `psb_detaildiskon` VALUES ('321', '139', '50', '12', '1');
INSERT INTO `psb_detaildiskon` VALUES ('322', '140', '0', '3', '1');
INSERT INTO `psb_detaildiskon` VALUES ('323', '140', '0', '5', '1');
INSERT INTO `psb_detaildiskon` VALUES ('324', '140', '100', '12', '1');
INSERT INTO `psb_detaildiskon` VALUES ('325', '141', '0', '3', '1');
INSERT INTO `psb_detaildiskon` VALUES ('326', '141', '0', '5', '1');
INSERT INTO `psb_detaildiskon` VALUES ('327', '141', '50', '12', '1');
INSERT INTO `psb_detaildiskon` VALUES ('328', '142', '0', '3', '1');
INSERT INTO `psb_detaildiskon` VALUES ('329', '142', '0', '5', '1');
INSERT INTO `psb_detaildiskon` VALUES ('330', '142', '50', '12', '1');
INSERT INTO `psb_detaildiskon` VALUES ('331', '143', '0', '3', '1');
INSERT INTO `psb_detaildiskon` VALUES ('332', '143', '0', '5', '1');
INSERT INTO `psb_detaildiskon` VALUES ('333', '143', '40', '12', '1');
INSERT INTO `psb_detaildiskon` VALUES ('334', '144', '0', '3', '1');
INSERT INTO `psb_detaildiskon` VALUES ('335', '144', '0', '5', '1');
INSERT INTO `psb_detaildiskon` VALUES ('336', '144', '40', '12', '1');
INSERT INTO `psb_detaildiskon` VALUES ('337', '145', '0', '3', '1');
INSERT INTO `psb_detaildiskon` VALUES ('338', '145', '0', '5', '1');
INSERT INTO `psb_detaildiskon` VALUES ('339', '145', '75', '12', '1');
INSERT INTO `psb_detaildiskon` VALUES ('340', '146', '0', '3', '1');
INSERT INTO `psb_detaildiskon` VALUES ('341', '146', '0', '5', '1');
INSERT INTO `psb_detaildiskon` VALUES ('342', '146', '50', '12', '1');
INSERT INTO `psb_detaildiskon` VALUES ('343', '147', '0', '3', '1');
INSERT INTO `psb_detaildiskon` VALUES ('344', '147', '0', '5', '1');
INSERT INTO `psb_detaildiskon` VALUES ('345', '147', '30', '12', '1');
INSERT INTO `psb_detaildiskon` VALUES ('346', '148', '0', '3', '1');
INSERT INTO `psb_detaildiskon` VALUES ('347', '148', '0', '5', '1');
INSERT INTO `psb_detaildiskon` VALUES ('348', '148', '40', '12', '1');
INSERT INTO `psb_detaildiskon` VALUES ('349', '149', '0', '3', '1');
INSERT INTO `psb_detaildiskon` VALUES ('350', '149', '0', '5', '1');
INSERT INTO `psb_detaildiskon` VALUES ('351', '149', '30', '12', '1');
INSERT INTO `psb_detaildiskon` VALUES ('352', '150', '0', '3', '1');
INSERT INTO `psb_detaildiskon` VALUES ('353', '150', '0', '5', '1');
INSERT INTO `psb_detaildiskon` VALUES ('354', '150', '50', '12', '1');
INSERT INTO `psb_detaildiskon` VALUES ('355', '151', '0', '3', '1');
INSERT INTO `psb_detaildiskon` VALUES ('356', '151', '0', '5', '1');
INSERT INTO `psb_detaildiskon` VALUES ('357', '151', '5', '12', '1');
INSERT INTO `psb_detaildiskon` VALUES ('361', '153', '0', '3', '1');
INSERT INTO `psb_detaildiskon` VALUES ('362', '153', '0', '5', '1');
INSERT INTO `psb_detaildiskon` VALUES ('363', '153', '0', '12', '1');
INSERT INTO `psb_detaildiskon` VALUES ('364', '154', '0', '3', '1');
INSERT INTO `psb_detaildiskon` VALUES ('365', '154', '0', '5', '1');
INSERT INTO `psb_detaildiskon` VALUES ('366', '154', '5', '12', '1');
INSERT INTO `psb_detaildiskon` VALUES ('367', '155', '0', '3', '1');
INSERT INTO `psb_detaildiskon` VALUES ('368', '155', '0', '5', '1');
INSERT INTO `psb_detaildiskon` VALUES ('369', '155', '5', '12', '1');
INSERT INTO `psb_detaildiskon` VALUES ('370', '156', '0', '3', '1');
INSERT INTO `psb_detaildiskon` VALUES ('371', '156', '0', '5', '1');
INSERT INTO `psb_detaildiskon` VALUES ('372', '156', '15', '12', '1');
INSERT INTO `psb_detaildiskon` VALUES ('373', '157', '0', '3', '1');
INSERT INTO `psb_detaildiskon` VALUES ('374', '157', '0', '5', '1');
INSERT INTO `psb_detaildiskon` VALUES ('375', '157', '5', '12', '1');
INSERT INTO `psb_detaildiskon` VALUES ('376', '158', '0', '3', '1');
INSERT INTO `psb_detaildiskon` VALUES ('377', '158', '0', '5', '1');
INSERT INTO `psb_detaildiskon` VALUES ('378', '158', '15', '12', '1');
INSERT INTO `psb_detaildiskon` VALUES ('379', '159', '0', '3', '1');
INSERT INTO `psb_detaildiskon` VALUES ('380', '159', '0', '5', '1');
INSERT INTO `psb_detaildiskon` VALUES ('381', '159', '25', '12', '1');
INSERT INTO `psb_detaildiskon` VALUES ('382', '160', '0', '3', '1');
INSERT INTO `psb_detaildiskon` VALUES ('383', '160', '0', '5', '1');
INSERT INTO `psb_detaildiskon` VALUES ('384', '160', '10', '12', '1');
INSERT INTO `psb_detaildiskon` VALUES ('385', '161', '0', '3', '1');
INSERT INTO `psb_detaildiskon` VALUES ('386', '161', '0', '5', '1');
INSERT INTO `psb_detaildiskon` VALUES ('387', '161', '10', '12', '1');
INSERT INTO `psb_detaildiskon` VALUES ('388', '162', '0', '3', '1');
INSERT INTO `psb_detaildiskon` VALUES ('389', '162', '0', '5', '1');
INSERT INTO `psb_detaildiskon` VALUES ('390', '162', '0', '12', '1');
INSERT INTO `psb_detaildiskon` VALUES ('391', '163', '0', '3', '1');
INSERT INTO `psb_detaildiskon` VALUES ('392', '163', '0', '5', '1');
INSERT INTO `psb_detaildiskon` VALUES ('393', '163', '50', '12', '1');
INSERT INTO `psb_detaildiskon` VALUES ('394', '164', '0', '3', '1');
INSERT INTO `psb_detaildiskon` VALUES ('395', '164', '0', '5', '1');
INSERT INTO `psb_detaildiskon` VALUES ('396', '164', '100', '12', '1');
INSERT INTO `psb_detaildiskon` VALUES ('397', '165', '0', '3', '1');
INSERT INTO `psb_detaildiskon` VALUES ('398', '165', '0', '5', '1');
INSERT INTO `psb_detaildiskon` VALUES ('399', '165', '20', '12', '1');
INSERT INTO `psb_detaildiskon` VALUES ('400', '166', '0', '3', '1');
INSERT INTO `psb_detaildiskon` VALUES ('401', '166', '0', '5', '1');
INSERT INTO `psb_detaildiskon` VALUES ('402', '166', '10', '12', '1');
INSERT INTO `psb_detaildiskon` VALUES ('403', '167', '0', '3', '1');
INSERT INTO `psb_detaildiskon` VALUES ('404', '167', '0', '5', '1');
INSERT INTO `psb_detaildiskon` VALUES ('405', '167', '100', '12', '1');
INSERT INTO `psb_detaildiskon` VALUES ('406', '168', '0', '3', '1');
INSERT INTO `psb_detaildiskon` VALUES ('407', '168', '0', '5', '1');
INSERT INTO `psb_detaildiskon` VALUES ('408', '168', '10', '12', '1');
INSERT INTO `psb_detaildiskon` VALUES ('409', '169', '0', '3', '1');
INSERT INTO `psb_detaildiskon` VALUES ('410', '169', '0', '5', '1');
INSERT INTO `psb_detaildiskon` VALUES ('411', '169', '0', '12', '1');
INSERT INTO `psb_detaildiskon` VALUES ('412', '170', '0', '3', '1');
INSERT INTO `psb_detaildiskon` VALUES ('413', '170', '0', '5', '1');
INSERT INTO `psb_detaildiskon` VALUES ('414', '170', '0', '12', '1');
INSERT INTO `psb_detaildiskon` VALUES ('415', '171', '0', '3', '1');
INSERT INTO `psb_detaildiskon` VALUES ('416', '171', '0', '5', '1');
INSERT INTO `psb_detaildiskon` VALUES ('417', '171', '0', '12', '1');
INSERT INTO `psb_detaildiskon` VALUES ('418', '172', '0', '3', '1');
INSERT INTO `psb_detaildiskon` VALUES ('419', '172', '0', '5', '1');
INSERT INTO `psb_detaildiskon` VALUES ('420', '172', '8', '12', '1');
INSERT INTO `psb_detaildiskon` VALUES ('421', '173', '0', '3', '1');
INSERT INTO `psb_detaildiskon` VALUES ('422', '173', '0', '5', '1');
INSERT INTO `psb_detaildiskon` VALUES ('423', '173', '5', '12', '1');
INSERT INTO `psb_detaildiskon` VALUES ('424', '174', '0', '3', '1');
INSERT INTO `psb_detaildiskon` VALUES ('425', '174', '0', '5', '1');
INSERT INTO `psb_detaildiskon` VALUES ('426', '174', '5', '12', '1');
INSERT INTO `psb_detaildiskon` VALUES ('427', '175', '0', '3', '1');
INSERT INTO `psb_detaildiskon` VALUES ('428', '175', '0', '5', '1');
INSERT INTO `psb_detaildiskon` VALUES ('429', '175', '5', '12', '1');
INSERT INTO `psb_detaildiskon` VALUES ('430', '176', '0', '3', '1');
INSERT INTO `psb_detaildiskon` VALUES ('431', '176', '0', '5', '1');
INSERT INTO `psb_detaildiskon` VALUES ('432', '176', '80', '12', '1');
INSERT INTO `psb_detaildiskon` VALUES ('436', '178', '0', '3', '1');
INSERT INTO `psb_detaildiskon` VALUES ('437', '178', '0', '5', '1');
INSERT INTO `psb_detaildiskon` VALUES ('438', '178', '50', '12', '1');
INSERT INTO `psb_detaildiskon` VALUES ('439', '179', '0', '3', '1');
INSERT INTO `psb_detaildiskon` VALUES ('440', '179', '0', '5', '1');
INSERT INTO `psb_detaildiskon` VALUES ('441', '179', '40', '12', '1');
INSERT INTO `psb_detaildiskon` VALUES ('442', '180', '0', '3', '1');
INSERT INTO `psb_detaildiskon` VALUES ('443', '180', '0', '5', '1');
INSERT INTO `psb_detaildiskon` VALUES ('444', '180', '50', '12', '1');
INSERT INTO `psb_detaildiskon` VALUES ('445', '181', '0', '3', '1');
INSERT INTO `psb_detaildiskon` VALUES ('446', '181', '0', '5', '1');
INSERT INTO `psb_detaildiskon` VALUES ('447', '181', '50', '12', '1');
INSERT INTO `psb_detaildiskon` VALUES ('448', '182', '0', '3', '1');
INSERT INTO `psb_detaildiskon` VALUES ('449', '182', '0', '5', '1');
INSERT INTO `psb_detaildiskon` VALUES ('450', '182', '40', '12', '1');
INSERT INTO `psb_detaildiskon` VALUES ('451', '183', '0', '3', '1');
INSERT INTO `psb_detaildiskon` VALUES ('452', '183', '0', '5', '1');
INSERT INTO `psb_detaildiskon` VALUES ('453', '183', '10', '12', '1');
INSERT INTO `psb_detaildiskon` VALUES ('454', '184', '0', '3', '1');
INSERT INTO `psb_detaildiskon` VALUES ('455', '184', '0', '5', '1');
INSERT INTO `psb_detaildiskon` VALUES ('456', '184', '50', '12', '1');
INSERT INTO `psb_detaildiskon` VALUES ('457', '185', '0', '3', '1');
INSERT INTO `psb_detaildiskon` VALUES ('458', '185', '0', '5', '1');
INSERT INTO `psb_detaildiskon` VALUES ('459', '185', '30', '12', '1');
INSERT INTO `psb_detaildiskon` VALUES ('460', '186', '0', '3', '1');
INSERT INTO `psb_detaildiskon` VALUES ('461', '186', '0', '5', '1');
INSERT INTO `psb_detaildiskon` VALUES ('462', '186', '10', '12', '1');
INSERT INTO `psb_detaildiskon` VALUES ('463', '187', '0', '3', '1');
INSERT INTO `psb_detaildiskon` VALUES ('464', '187', '0', '5', '1');
INSERT INTO `psb_detaildiskon` VALUES ('465', '187', '15', '12', '1');
INSERT INTO `psb_detaildiskon` VALUES ('466', '188', '0', '3', '1');
INSERT INTO `psb_detaildiskon` VALUES ('467', '188', '0', '5', '1');
INSERT INTO `psb_detaildiskon` VALUES ('468', '188', '10', '12', '1');
INSERT INTO `psb_detaildiskon` VALUES ('469', '189', '0', '3', '1');
INSERT INTO `psb_detaildiskon` VALUES ('470', '189', '0', '5', '1');
INSERT INTO `psb_detaildiskon` VALUES ('471', '189', '5', '12', '1');
INSERT INTO `psb_detaildiskon` VALUES ('472', '190', '0', '3', '1');
INSERT INTO `psb_detaildiskon` VALUES ('473', '190', '0', '5', '1');
INSERT INTO `psb_detaildiskon` VALUES ('474', '190', '50', '12', '1');
INSERT INTO `psb_detaildiskon` VALUES ('475', '191', '0', '3', '1');
INSERT INTO `psb_detaildiskon` VALUES ('476', '191', '0', '5', '1');
INSERT INTO `psb_detaildiskon` VALUES ('477', '191', '100', '12', '1');
INSERT INTO `psb_detaildiskon` VALUES ('478', '192', '0', '3', '1');
INSERT INTO `psb_detaildiskon` VALUES ('479', '192', '0', '5', '1');
INSERT INTO `psb_detaildiskon` VALUES ('480', '192', '50', '12', '1');
INSERT INTO `psb_detaildiskon` VALUES ('481', '193', '0', '3', '1');
INSERT INTO `psb_detaildiskon` VALUES ('482', '193', '0', '5', '1');
INSERT INTO `psb_detaildiskon` VALUES ('483', '193', '50', '12', '1');
INSERT INTO `psb_detaildiskon` VALUES ('484', '194', '0', '3', '1');
INSERT INTO `psb_detaildiskon` VALUES ('485', '194', '0', '5', '1');
INSERT INTO `psb_detaildiskon` VALUES ('486', '194', '40', '12', '1');
INSERT INTO `psb_detaildiskon` VALUES ('487', '195', '0', '3', '1');
INSERT INTO `psb_detaildiskon` VALUES ('488', '195', '0', '5', '1');
INSERT INTO `psb_detaildiskon` VALUES ('489', '195', '40', '12', '1');
INSERT INTO `psb_detaildiskon` VALUES ('490', '196', '0', '3', '1');
INSERT INTO `psb_detaildiskon` VALUES ('491', '196', '0', '5', '1');
INSERT INTO `psb_detaildiskon` VALUES ('492', '196', '75', '12', '1');
INSERT INTO `psb_detaildiskon` VALUES ('493', '197', '0', '3', '1');
INSERT INTO `psb_detaildiskon` VALUES ('494', '197', '0', '5', '1');
INSERT INTO `psb_detaildiskon` VALUES ('495', '197', '50', '12', '1');
INSERT INTO `psb_detaildiskon` VALUES ('496', '198', '0', '3', '1');
INSERT INTO `psb_detaildiskon` VALUES ('497', '198', '0', '5', '1');
INSERT INTO `psb_detaildiskon` VALUES ('498', '198', '30', '12', '1');
INSERT INTO `psb_detaildiskon` VALUES ('499', '199', '0', '3', '1');
INSERT INTO `psb_detaildiskon` VALUES ('500', '199', '0', '5', '1');
INSERT INTO `psb_detaildiskon` VALUES ('501', '199', '40', '12', '1');
INSERT INTO `psb_detaildiskon` VALUES ('502', '200', '0', '3', '1');
INSERT INTO `psb_detaildiskon` VALUES ('503', '200', '0', '5', '1');
INSERT INTO `psb_detaildiskon` VALUES ('504', '200', '30', '12', '1');
INSERT INTO `psb_detaildiskon` VALUES ('505', '201', '0', '3', '1');
INSERT INTO `psb_detaildiskon` VALUES ('506', '201', '0', '5', '1');
INSERT INTO `psb_detaildiskon` VALUES ('507', '201', '50', '12', '1');
INSERT INTO `psb_detaildiskon` VALUES ('508', '202', '0', '3', '1');
INSERT INTO `psb_detaildiskon` VALUES ('509', '202', '0', '5', '1');
INSERT INTO `psb_detaildiskon` VALUES ('510', '202', '5', '12', '1');
INSERT INTO `psb_detaildiskon` VALUES ('511', '203', '0', '3', '1');
INSERT INTO `psb_detaildiskon` VALUES ('512', '203', '0', '5', '1');
INSERT INTO `psb_detaildiskon` VALUES ('513', '203', '25', '12', '1');
INSERT INTO `psb_detaildiskon` VALUES ('514', '204', '0', '3', '1');
INSERT INTO `psb_detaildiskon` VALUES ('515', '204', '0', '5', '1');
INSERT INTO `psb_detaildiskon` VALUES ('516', '204', '0', '12', '1');
INSERT INTO `psb_detaildiskon` VALUES ('517', '205', '0', '3', '1');
INSERT INTO `psb_detaildiskon` VALUES ('518', '205', '0', '5', '1');
INSERT INTO `psb_detaildiskon` VALUES ('519', '205', '5', '12', '1');
INSERT INTO `psb_detaildiskon` VALUES ('520', '206', '0', '3', '1');
INSERT INTO `psb_detaildiskon` VALUES ('521', '206', '0', '5', '1');
INSERT INTO `psb_detaildiskon` VALUES ('522', '206', '10', '12', '1');
INSERT INTO `psb_detaildiskon` VALUES ('523', '207', '0', '3', '1');
INSERT INTO `psb_detaildiskon` VALUES ('524', '207', '0', '5', '1');
INSERT INTO `psb_detaildiskon` VALUES ('525', '207', '15', '12', '1');
INSERT INTO `psb_detaildiskon` VALUES ('526', '208', '0', '3', '1');
INSERT INTO `psb_detaildiskon` VALUES ('527', '208', '0', '5', '1');
INSERT INTO `psb_detaildiskon` VALUES ('528', '208', '5', '12', '1');
INSERT INTO `psb_detaildiskon` VALUES ('529', '209', '0', '3', '1');
INSERT INTO `psb_detaildiskon` VALUES ('530', '209', '0', '5', '1');
INSERT INTO `psb_detaildiskon` VALUES ('531', '209', '15', '12', '1');
INSERT INTO `psb_detaildiskon` VALUES ('532', '210', '0', '3', '1');
INSERT INTO `psb_detaildiskon` VALUES ('533', '210', '0', '5', '1');
INSERT INTO `psb_detaildiskon` VALUES ('534', '210', '10', '12', '1');
INSERT INTO `psb_detaildiskon` VALUES ('535', '211', '0', '3', '1');
INSERT INTO `psb_detaildiskon` VALUES ('536', '211', '0', '5', '1');
INSERT INTO `psb_detaildiskon` VALUES ('537', '211', '0', '12', '1');
INSERT INTO `psb_detaildiskon` VALUES ('538', '212', '0', '3', '1');
INSERT INTO `psb_detaildiskon` VALUES ('539', '212', '0', '5', '1');
INSERT INTO `psb_detaildiskon` VALUES ('540', '212', '50', '12', '1');
INSERT INTO `psb_detaildiskon` VALUES ('541', '213', '0', '3', '1');
INSERT INTO `psb_detaildiskon` VALUES ('542', '213', '0', '5', '1');
INSERT INTO `psb_detaildiskon` VALUES ('543', '213', '100', '12', '1');
INSERT INTO `psb_detaildiskon` VALUES ('544', '214', '0', '3', '1');
INSERT INTO `psb_detaildiskon` VALUES ('545', '214', '0', '5', '1');
INSERT INTO `psb_detaildiskon` VALUES ('546', '214', '20', '12', '1');
INSERT INTO `psb_detaildiskon` VALUES ('547', '215', '0', '3', '1');
INSERT INTO `psb_detaildiskon` VALUES ('548', '215', '0', '5', '1');
INSERT INTO `psb_detaildiskon` VALUES ('549', '215', '10', '12', '1');
INSERT INTO `psb_detaildiskon` VALUES ('550', '216', '0', '3', '1');
INSERT INTO `psb_detaildiskon` VALUES ('551', '216', '0', '5', '1');
INSERT INTO `psb_detaildiskon` VALUES ('552', '216', '100', '12', '1');
INSERT INTO `psb_detaildiskon` VALUES ('553', '217', '0', '3', '1');
INSERT INTO `psb_detaildiskon` VALUES ('554', '217', '0', '5', '1');
INSERT INTO `psb_detaildiskon` VALUES ('555', '217', '10', '12', '1');
INSERT INTO `psb_detaildiskon` VALUES ('556', '218', '0', '3', '1');
INSERT INTO `psb_detaildiskon` VALUES ('557', '218', '0', '5', '1');
INSERT INTO `psb_detaildiskon` VALUES ('558', '218', '0', '12', '1');
INSERT INTO `psb_detaildiskon` VALUES ('559', '219', '0', '3', '1');
INSERT INTO `psb_detaildiskon` VALUES ('560', '219', '0', '5', '1');
INSERT INTO `psb_detaildiskon` VALUES ('561', '219', '0', '12', '1');
INSERT INTO `psb_detaildiskon` VALUES ('562', '220', '0', '3', '1');
INSERT INTO `psb_detaildiskon` VALUES ('563', '220', '0', '5', '1');
INSERT INTO `psb_detaildiskon` VALUES ('564', '220', '0', '12', '1');
INSERT INTO `psb_detaildiskon` VALUES ('565', '221', '0', '3', '1');
INSERT INTO `psb_detaildiskon` VALUES ('566', '221', '0', '5', '1');
INSERT INTO `psb_detaildiskon` VALUES ('567', '221', '8', '12', '1');
INSERT INTO `psb_detaildiskon` VALUES ('568', '222', '0', '3', '1');
INSERT INTO `psb_detaildiskon` VALUES ('569', '222', '0', '5', '1');
INSERT INTO `psb_detaildiskon` VALUES ('570', '222', '5', '12', '1');
INSERT INTO `psb_detaildiskon` VALUES ('571', '223', '0', '3', '1');
INSERT INTO `psb_detaildiskon` VALUES ('572', '223', '0', '5', '1');
INSERT INTO `psb_detaildiskon` VALUES ('573', '223', '5', '12', '1');
INSERT INTO `psb_detaildiskon` VALUES ('574', '224', '0', '3', '1');
INSERT INTO `psb_detaildiskon` VALUES ('575', '224', '0', '5', '1');
INSERT INTO `psb_detaildiskon` VALUES ('576', '224', '5', '12', '1');
INSERT INTO `psb_detaildiskon` VALUES ('577', '225', '0', '3', '1');
INSERT INTO `psb_detaildiskon` VALUES ('578', '225', '0', '5', '1');
INSERT INTO `psb_detaildiskon` VALUES ('579', '225', '80', '12', '1');
INSERT INTO `psb_detaildiskon` VALUES ('580', '226', '0', '3', '1');
INSERT INTO `psb_detaildiskon` VALUES ('581', '226', '0', '5', '1');
INSERT INTO `psb_detaildiskon` VALUES ('582', '226', '50', '12', '1');
INSERT INTO `psb_detaildiskon` VALUES ('583', '227', '0', '3', '1');
INSERT INTO `psb_detaildiskon` VALUES ('584', '227', '0', '5', '1');
INSERT INTO `psb_detaildiskon` VALUES ('585', '227', '40', '12', '1');
INSERT INTO `psb_detaildiskon` VALUES ('586', '228', '0', '3', '1');
INSERT INTO `psb_detaildiskon` VALUES ('587', '228', '0', '5', '1');
INSERT INTO `psb_detaildiskon` VALUES ('588', '228', '50', '12', '1');
INSERT INTO `psb_detaildiskon` VALUES ('589', '229', '0', '3', '1');
INSERT INTO `psb_detaildiskon` VALUES ('590', '229', '0', '5', '1');
INSERT INTO `psb_detaildiskon` VALUES ('591', '229', '40', '12', '1');
INSERT INTO `psb_detaildiskon` VALUES ('592', '230', '0', '3', '1');
INSERT INTO `psb_detaildiskon` VALUES ('593', '230', '0', '5', '1');
INSERT INTO `psb_detaildiskon` VALUES ('594', '230', '10', '12', '1');
INSERT INTO `psb_detaildiskon` VALUES ('595', '231', '0', '3', '1');
INSERT INTO `psb_detaildiskon` VALUES ('596', '231', '0', '5', '1');
INSERT INTO `psb_detaildiskon` VALUES ('597', '231', '50', '12', '1');
INSERT INTO `psb_detaildiskon` VALUES ('598', '232', '0', '3', '1');
INSERT INTO `psb_detaildiskon` VALUES ('599', '232', '0', '5', '1');
INSERT INTO `psb_detaildiskon` VALUES ('600', '232', '30', '12', '1');
INSERT INTO `psb_detaildiskon` VALUES ('601', '233', '0', '3', '1');
INSERT INTO `psb_detaildiskon` VALUES ('602', '233', '0', '5', '1');
INSERT INTO `psb_detaildiskon` VALUES ('603', '233', '10', '12', '1');
INSERT INTO `psb_detaildiskon` VALUES ('604', '234', '0', '3', '1');
INSERT INTO `psb_detaildiskon` VALUES ('605', '234', '0', '5', '1');
INSERT INTO `psb_detaildiskon` VALUES ('606', '234', '15', '12', '1');
INSERT INTO `psb_detaildiskon` VALUES ('607', '235', '0', '3', '1');
INSERT INTO `psb_detaildiskon` VALUES ('608', '235', '0', '5', '1');
INSERT INTO `psb_detaildiskon` VALUES ('609', '235', '10', '12', '1');
INSERT INTO `psb_detaildiskon` VALUES ('610', '236', '0', '3', '1');
INSERT INTO `psb_detaildiskon` VALUES ('611', '236', '0', '5', '1');
INSERT INTO `psb_detaildiskon` VALUES ('612', '236', '5', '12', '1');

-- ----------------------------
-- Table structure for psb_diskon
-- ----------------------------
DROP TABLE IF EXISTS `psb_diskon`;
CREATE TABLE `psb_diskon` (
  `replid` int(11) NOT NULL AUTO_INCREMENT,
  `departemen` int(11) NOT NULL,
  `biaya` int(11) NOT NULL,
  `diskon` varchar(50) NOT NULL DEFAULT '',
  `keterangan` text NOT NULL,
  PRIMARY KEY (`replid`),
  KEY `departemen` (`departemen`) USING BTREE,
  KEY `biaya` (`biaya`) USING BTREE,
  CONSTRAINT `biayaFK4` FOREIGN KEY (`biaya`) REFERENCES `psb_biaya` (`replid`) ON DELETE CASCADE ON UPDATE CASCADE,
  CONSTRAINT `departemenFK3` FOREIGN KEY (`departemen`) REFERENCES `departemen` (`replid`) ON DELETE CASCADE ON UPDATE CASCADE
) ENGINE=InnoDB AUTO_INCREMENT=237 DEFAULT CHARSET=latin1;

-- ----------------------------
-- Records of psb_diskon
-- ----------------------------
INSERT INTO `psb_diskon` VALUES ('91', '1', '7', 'Jemaat', 'Jemaat GKA Elyon');
INSERT INTO `psb_diskon` VALUES ('92', '1', '7', 'SM', 'Sekolah Minggu');
INSERT INTO `psb_diskon` VALUES ('93', '1', '7', 'Anak Ke 2', 'Anak ke 2');
INSERT INTO `psb_diskon` VALUES ('94', '1', '7', 'Anak Ke 3', 'Anak ke 3');
INSERT INTO `psb_diskon` VALUES ('95', '1', '7', 'Anak Ke 4', 'Anak ke 4');
INSERT INTO `psb_diskon` VALUES ('96', '1', '7', 'Internal', 'Anak guru,staff,pengurus &amp; hamba Tuhan GKA Elyon');
INSERT INTO `psb_diskon` VALUES ('97', '1', '7', 'Kontrak', 'Anak Guru,Staff kontrak');
INSERT INTO `psb_diskon` VALUES ('98', '1', '7', 'Japres Akademik Nasional', 'Japres Akademik Nasional');
INSERT INTO `psb_diskon` VALUES ('99', '1', '7', 'Japres Akademik Internasional', 'Japres Akademik Internasional');
INSERT INTO `psb_diskon` VALUES ('100', '1', '7', 'Japres Non Akademik Nasional', 'Japres Non Akademik Nasional');
INSERT INTO `psb_diskon` VALUES ('102', '1', '7', 'Mutasi', 'Mutasi SMA Suko Dari Rungkut');
INSERT INTO `psb_diskon` VALUES ('103', '1', '7', 'Umum 1', 'Umum Angkatan 1');
INSERT INTO `psb_diskon` VALUES ('104', '1', '7', 'Umum 2', 'Umum Angkatan 2');
INSERT INTO `psb_diskon` VALUES ('105', '1', '7', 'Umum 3', 'Umum Angkatan 3');
INSERT INTO `psb_diskon` VALUES ('106', '1', '8', 'Joining Fee 1', 'Diskon Joining Fee Rp.250000,-');
INSERT INTO `psb_diskon` VALUES ('107', '1', '8', 'Joining Fee 2', 'Joining Fee 50%');
INSERT INTO `psb_diskon` VALUES ('108', '1', '8', 'Joining Fee Japres', 'Joining Fee Japres');
INSERT INTO `psb_diskon` VALUES ('109', '1', '4', 'Naik Jenjang 1', 'Naik Jenjang Gelombang 1 ( Juli - Dec )');
INSERT INTO `psb_diskon` VALUES ('110', '1', '4', 'Naik Jenjang 2', 'Naik Jenjang Gelombang 2 ( Jan - Juni )');
INSERT INTO `psb_diskon` VALUES ('111', '1', '4', 'Umum 1', 'Umum Gelombang 1 ( Jul - Dec )');
INSERT INTO `psb_diskon` VALUES ('112', '1', '4', 'Umum 2', 'Umum Gelombang 2 ( Jan - Jul )');
INSERT INTO `psb_diskon` VALUES ('113', '1', '4', 'Japres 1', 'Japres Golongan 1');
INSERT INTO `psb_diskon` VALUES ('114', '1', '4', 'Japres 2', 'Japres Golongan 2');
INSERT INTO `psb_diskon` VALUES ('115', '1', '4', 'Multiple', 'Daftar lebih dari 1 anak');
INSERT INTO `psb_diskon` VALUES ('116', '1', '4', 'Hamba Tuhan Sinode GKA', 'Anak Hamba Tuhan Sinode GKA');
INSERT INTO `psb_diskon` VALUES ('117', '1', '4', 'Kontrak', 'Anak Guru &amp; Staff kontrak');
INSERT INTO `psb_diskon` VALUES ('118', '1', '4', 'Elyon', 'Anak Guru,Staff,Pengurus,Hamba Tuhan GKA Elyon');
INSERT INTO `psb_diskon` VALUES ('119', '1', '4', 'Cucu Pengurus', 'Cucu Pengurus');
INSERT INTO `psb_diskon` VALUES ('120', '1', '4', 'Japres Akademik', 'Japres Akademik');
INSERT INTO `psb_diskon` VALUES ('121', '1', '4', 'Japres Non Akademik', 'Japres Non Akademik Nasional ( Min Level Propinsi )');
INSERT INTO `psb_diskon` VALUES ('122', '1', '4', 'Japres Non Akademik Internasional', 'Japres Non Akademik Internasional');
INSERT INTO `psb_diskon` VALUES ('123', '1', '4', 'Pameran', 'Pameran');
INSERT INTO `psb_diskon` VALUES ('124', '1', '7', '12 Gratis 1', 'Bayar 12 Bulan Gratis 1');
INSERT INTO `psb_diskon` VALUES ('126', '1', '9', 'Formulir Rekanan', 'Formulir Pendaftaran Sekolah Rekanan');
INSERT INTO `psb_diskon` VALUES ('127', '1', '9', 'Seragam', 'Penjualan Seragam');
INSERT INTO `psb_diskon` VALUES ('128', '1', '9', 'Buku Local', 'Penjualan Buku Pelajaran Local');
INSERT INTO `psb_diskon` VALUES ('129', '1', '9', 'Buku Import', 'Penjualan Buku Pelajaran Import');
INSERT INTO `psb_diskon` VALUES ('130', '1', '4', 'Paket 3 Jenjang', 'Paket 3 Jenjang');
INSERT INTO `psb_diskon` VALUES ('131', '1', '4', 'Paket 4 Jenjang', 'Paket 4 Jenjang');
INSERT INTO `psb_diskon` VALUES ('132', '1', '4', 'Japres HS Gol 1', 'Japres High School Golongan 1');
INSERT INTO `psb_diskon` VALUES ('133', '1', '4', 'Japres HS Gol 2', 'Japres High School Golongan 2');
INSERT INTO `psb_diskon` VALUES ('134', '1', '9', 'Subsidi GAC 1', 'Subsidi GAC Rp 750.000,-');
INSERT INTO `psb_diskon` VALUES ('135', '1', '9', 'Subsidi GAC 2', 'Subsidi GAC Rp 1.000.000,-');
INSERT INTO `psb_diskon` VALUES ('136', '1', '9', 'Subsidi GAC 3', 'Subsidi GAC Rp 6.500.000,-');
INSERT INTO `psb_diskon` VALUES ('138', '1', '4', 'Japres non akademik nasional ', 'Minimal level provinsi');
INSERT INTO `psb_diskon` VALUES ('139', '2', '4', 'Cucu Pengurus', 'Cucu Pengurus');
INSERT INTO `psb_diskon` VALUES ('140', '2', '4', 'Elyon', 'Anak Guru,Staff,Pengurus,Hamba Tuhan GKA Elyon');
INSERT INTO `psb_diskon` VALUES ('141', '2', '4', 'Hamba Tuhan Sinode GKA', 'Anak Hamba Tuhan Sinode GKA');
INSERT INTO `psb_diskon` VALUES ('142', '2', '4', 'Japres 1', 'Japres Golongan 1');
INSERT INTO `psb_diskon` VALUES ('143', '2', '4', 'Japres 2', 'Japres Golongan 2');
INSERT INTO `psb_diskon` VALUES ('144', '2', '4', 'Japres Akademik', 'Japres Akademik');
INSERT INTO `psb_diskon` VALUES ('145', '2', '4', 'Japres HS Gol 1', 'Japres High School Golongan 1');
INSERT INTO `psb_diskon` VALUES ('146', '2', '4', 'Japres HS Gol 2', 'Japres High School Golongan 2');
INSERT INTO `psb_diskon` VALUES ('147', '2', '4', 'Japres Non Akademik', 'Japres Non Akademik Nasional ( Min Level Propinsi )');
INSERT INTO `psb_diskon` VALUES ('148', '2', '4', 'Japres Non Akademik Internasional', 'Japres Non Akademik Internasional');
INSERT INTO `psb_diskon` VALUES ('149', '2', '4', 'Japres non akademik nasional ', 'Minimal level provinsi');
INSERT INTO `psb_diskon` VALUES ('150', '2', '4', 'Kontrak', 'Anak Guru &amp; Staff kontrak');
INSERT INTO `psb_diskon` VALUES ('151', '2', '4', 'Multiple', 'Daftar lebih dari 1 anak');
INSERT INTO `psb_diskon` VALUES ('153', '2', '4', 'Naik Jenjang 2', 'Naik Jenjang Gelombang 2 ( Jan - Juni )');
INSERT INTO `psb_diskon` VALUES ('154', '1', '4', 'Paket 2 Jenjang', 'Paket 2 Jenjang');
INSERT INTO `psb_diskon` VALUES ('155', '2', '4', 'Paket 2 Jenjang', 'Paket 2 Jenjang');
INSERT INTO `psb_diskon` VALUES ('156', '2', '4', 'Paket 4 Jenjang', 'Paket 4 Jenjang');
INSERT INTO `psb_diskon` VALUES ('157', '2', '4', 'Pameran', 'Pameran');
INSERT INTO `psb_diskon` VALUES ('158', '2', '4', 'Umum 1', 'Umum Gelombang 1 ( Jul - Dec )');
INSERT INTO `psb_diskon` VALUES ('159', '2', '4', 'Naik Jenjang 1', 'Naik Jenjang Gelombang 1 ( Juli - Dec )');
INSERT INTO `psb_diskon` VALUES ('160', '2', '4', 'Umum 2', 'Umum Gelombang 2 ( Jan - Jul )');
INSERT INTO `psb_diskon` VALUES ('161', '2', '4', 'Paket 3 Jenjang', 'Paket 3 Jenjang');
INSERT INTO `psb_diskon` VALUES ('162', '2', '8', 'Joining Fee 1', 'Diskon Joining Fee Rp.250000,-');
INSERT INTO `psb_diskon` VALUES ('163', '2', '8', 'Joining Fee 2', 'Joining Fee 50%');
INSERT INTO `psb_diskon` VALUES ('164', '2', '8', 'Joining Fee Japres', 'Joining Fee Japres');
INSERT INTO `psb_diskon` VALUES ('165', '2', '9', 'Buku Import', 'Penjualan Buku Pelajaran Import');
INSERT INTO `psb_diskon` VALUES ('166', '2', '9', 'Buku Local', 'Penjualan Buku Pelajaran Local');
INSERT INTO `psb_diskon` VALUES ('167', '2', '9', 'Formulir Rekanan', 'Formulir Pendaftaran Sekolah Rekanan');
INSERT INTO `psb_diskon` VALUES ('168', '2', '9', 'Seragam', 'Penjualan Seragam');
INSERT INTO `psb_diskon` VALUES ('169', '2', '9', 'Subsidi GAC 1', 'Subsidi GAC Rp 750.000,-');
INSERT INTO `psb_diskon` VALUES ('170', '2', '9', 'Subsidi GAC 2', 'Subsidi GAC Rp 1.000.000,-');
INSERT INTO `psb_diskon` VALUES ('171', '2', '9', 'Subsidi GAC 3', 'Subsidi GAC Rp 6.500.000,-');
INSERT INTO `psb_diskon` VALUES ('172', '2', '7', '12 Gratis 1', 'Bayar 12 Bulan Gratis 1');
INSERT INTO `psb_diskon` VALUES ('173', '2', '7', 'Anak Ke 2', 'Anak Ke 2');
INSERT INTO `psb_diskon` VALUES ('174', '2', '7', 'Anak Ke 3', 'Anak Ke 3');
INSERT INTO `psb_diskon` VALUES ('175', '2', '7', 'Anak Ke 4', 'Anak Ke 4');
INSERT INTO `psb_diskon` VALUES ('176', '2', '7', 'Internal', 'Anak guru,staff,pengurus &amp;amp; hamba Tuhan GKA Elyon');
INSERT INTO `psb_diskon` VALUES ('178', '2', '7', 'Japres Akademik Internasional', 'Japres Akademik Internasional');
INSERT INTO `psb_diskon` VALUES ('179', '2', '7', 'Japres Akademik Nasional', 'Japres Akademik Nasional');
INSERT INTO `psb_diskon` VALUES ('180', '1', '7', 'Japres Non Akademik Internasional', 'Japres Non Akademik Internasional');
INSERT INTO `psb_diskon` VALUES ('181', '2', '7', 'Japres Non Akademik Internasional', 'Japres Non Akademik Internasional');
INSERT INTO `psb_diskon` VALUES ('182', '2', '7', 'Japres Non Akademik Nasional', 'Japres Non Akademik Nasional');
INSERT INTO `psb_diskon` VALUES ('183', '2', '7', 'Jemaat', 'Jemaat GKA Elyon');
INSERT INTO `psb_diskon` VALUES ('184', '2', '7', 'Kontrak', 'Anak Guru,Staff kontrak');
INSERT INTO `psb_diskon` VALUES ('185', '2', '7', 'Mutasi', 'Mutasi SMA Suko Dari Rungkut');
INSERT INTO `psb_diskon` VALUES ('186', '2', '7', 'SM', 'Sekolah Minggu');
INSERT INTO `psb_diskon` VALUES ('187', '2', '7', 'Umum 1', 'Umum Angkatan 1');
INSERT INTO `psb_diskon` VALUES ('188', '2', '7', 'Umum 2', 'Umum Angkatan 2');
INSERT INTO `psb_diskon` VALUES ('189', '2', '7', 'Umum 3', 'Umum Angkatan 3');
INSERT INTO `psb_diskon` VALUES ('190', '3', '4', 'Cucu Pengurus', 'Cucu Pengurus');
INSERT INTO `psb_diskon` VALUES ('191', '3', '4', 'Elyon', 'Anak Guru,Staff,Pengurus,Hamba Tuhan GKA Elyon');
INSERT INTO `psb_diskon` VALUES ('192', '3', '4', 'Hamba Tuhan Sinode GKA', 'Anak Hamba Tuhan Sinode GKA');
INSERT INTO `psb_diskon` VALUES ('193', '3', '4', 'Japres 1', 'Japres Golongan 1');
INSERT INTO `psb_diskon` VALUES ('194', '3', '4', 'Japres 2', 'Japres Golongan 2');
INSERT INTO `psb_diskon` VALUES ('195', '3', '4', 'Japres Akademik', 'Japres Akademik');
INSERT INTO `psb_diskon` VALUES ('196', '3', '4', 'Japres HS Gol 1', 'Japres High School Golongan 1');
INSERT INTO `psb_diskon` VALUES ('197', '3', '4', 'Japres HS Gol 2', 'Japres High School Golongan 2');
INSERT INTO `psb_diskon` VALUES ('198', '3', '4', 'Japres Non Akademik', 'Japres Non Akademik Nasional ( Min Level Propinsi )');
INSERT INTO `psb_diskon` VALUES ('199', '3', '4', 'Japres Non Akademik Internasional', 'Japres Non Akademik Internasional');
INSERT INTO `psb_diskon` VALUES ('200', '3', '4', 'Japres non akademik nasional ', 'Minimal level provinsi');
INSERT INTO `psb_diskon` VALUES ('201', '3', '4', 'Kontrak', 'Anak Guru &amp; Staff kontrak');
INSERT INTO `psb_diskon` VALUES ('202', '3', '4', 'Multiple', 'Daftar lebih dari 1 anak');
INSERT INTO `psb_diskon` VALUES ('203', '3', '4', 'Naik Jenjang 1', 'Naik Jenjang Gelombang 1 ( Juli - Dec )');
INSERT INTO `psb_diskon` VALUES ('204', '3', '4', 'Naik Jenjang 2', 'Naik Jenjang Gelombang 2 ( Jan - Juni )');
INSERT INTO `psb_diskon` VALUES ('205', '3', '4', 'Paket 2 Jenjang', 'Paket 2 Jenjang');
INSERT INTO `psb_diskon` VALUES ('206', '3', '4', 'Paket 3 Jenjang', 'Paket 3 Jenjang');
INSERT INTO `psb_diskon` VALUES ('207', '3', '4', 'Paket 4 Jenjang', 'Paket 4 Jenjang');
INSERT INTO `psb_diskon` VALUES ('208', '3', '4', 'Pameran', 'Pameran');
INSERT INTO `psb_diskon` VALUES ('209', '3', '4', 'Umum 1', 'Umum Gelombang 1 ( Jul - Dec )');
INSERT INTO `psb_diskon` VALUES ('210', '3', '4', 'Umum 2', 'Umum Gelombang 2 ( Jan - Jul )');
INSERT INTO `psb_diskon` VALUES ('211', '3', '8', 'Joining Fee 1', 'Diskon Joining Fee Rp.250000,-');
INSERT INTO `psb_diskon` VALUES ('212', '3', '8', 'Joining Fee 2', 'Joining Fee 50%');
INSERT INTO `psb_diskon` VALUES ('213', '3', '8', 'Joining Fee Japres', 'Joining Fee Japres');
INSERT INTO `psb_diskon` VALUES ('214', '3', '9', 'Buku Import', 'Penjualan Buku Pelajaran Import');
INSERT INTO `psb_diskon` VALUES ('215', '3', '9', 'Buku Local', 'Penjualan Buku Pelajaran Local');
INSERT INTO `psb_diskon` VALUES ('216', '3', '9', 'Formulir Rekanan', 'Formulir Pendaftaran Sekolah Rekanan');
INSERT INTO `psb_diskon` VALUES ('217', '3', '9', 'Seragam', 'Penjualan Seragam');
INSERT INTO `psb_diskon` VALUES ('218', '3', '9', 'Subsidi GAC 1', 'Subsidi GAC Rp 750.000,-');
INSERT INTO `psb_diskon` VALUES ('219', '3', '9', 'Subsidi GAC 2', 'Subsidi GAC Rp 1.000.000,-');
INSERT INTO `psb_diskon` VALUES ('220', '3', '9', 'Subsidi GAC 3', 'Subsidi GAC Rp 6.500.000,-');
INSERT INTO `psb_diskon` VALUES ('221', '3', '7', '12 Gratis 1', 'Bayar 12 Bulan Gratis 1');
INSERT INTO `psb_diskon` VALUES ('222', '3', '7', 'Anak Ke 2', 'Anak Ke 2');
INSERT INTO `psb_diskon` VALUES ('223', '3', '7', 'Anak Ke 3', 'Anak Ke 3');
INSERT INTO `psb_diskon` VALUES ('224', '3', '7', 'Anak Ke 4', 'Anak Ke 4');
INSERT INTO `psb_diskon` VALUES ('225', '3', '7', 'Internal', 'Anak guru,staff,pengurus &amp;amp; hamba Tuhan GKA Elyon');
INSERT INTO `psb_diskon` VALUES ('226', '3', '7', 'Japres Akademik Internasional', 'Japres Akademik Internasional');
INSERT INTO `psb_diskon` VALUES ('227', '3', '7', 'Japres Akademik Nasional', 'Japres Akademik Nasional');
INSERT INTO `psb_diskon` VALUES ('228', '3', '7', 'Japres Non Akademik Internasional', 'Japres Non Akademik Internasional');
INSERT INTO `psb_diskon` VALUES ('229', '3', '7', 'Japres Non Akademik Nasional', 'Japres Non Akademik Nasional');
INSERT INTO `psb_diskon` VALUES ('230', '3', '7', 'Jemaat', 'Jemaat GKA Elyon');
INSERT INTO `psb_diskon` VALUES ('231', '3', '7', 'Kontrak', 'Anak Guru,Staff kontrak');
INSERT INTO `psb_diskon` VALUES ('232', '3', '7', 'Mutasi', 'Mutasi SMA Suko Dari Rungkut');
INSERT INTO `psb_diskon` VALUES ('233', '3', '7', 'SM', 'Sekolah Minggu');
INSERT INTO `psb_diskon` VALUES ('234', '3', '7', 'Umum 1', 'Umum Angkatan 1');
INSERT INTO `psb_diskon` VALUES ('235', '3', '7', 'Umum 2', 'Umum Angkatan 2');
INSERT INTO `psb_diskon` VALUES ('236', '3', '7', 'Umum 3', 'Umum Angkatan 3');
DROP TRIGGER IF EXISTS `ins_psb_biaya`;
DELIMITER ;;
CREATE TRIGGER `ins_psb_biaya` AFTER INSERT ON `psb_biaya` FOR EACH ROW BEGIN

/*INSERT psb_detailbiaya */
/*detail detail gelombang -----------------------------------------------------------------------*/
	BLOCK1: begin
		declare vDetGelombang, vDept int;
		declare rowHabis1 INT DEFAULT 0;  
		declare cursor1 cursor for
								select replid,departemen
								from  psb_detailgelombang;
		declare continue handler for not found set rowHabis1 = 1;
		open cursor1;
		LOOP1: loop
			fetch cursor1
			into  vDetGelombang,vDept;
			if rowHabis1 then
							close cursor1;
							leave LOOP1;
			end if;
			/*subtingkat  ---------------------------------------------------------------*/
			BLOCK2: begin
					declare vSubtingkat int;
					declare rowsHabis2 INT DEFAULT 0;  
					declare cursor3 cursor for  
							SELECT s.replid
							FROM aka_kelas k
									JOIN aka_subtingkat s on s.replid = k.subtingkat
							WHERE k.departemen = vDept
							GROUP BY s.replid;
					declare continue handler for not found set rowsHabis2 =1;
					open cursor3;
					LOOP2: loop
									fetch cursor3
									into  vSubtingkat;
									if rowsHabis2 then   
													close cursor3;
													leave LOOP2;
									end if;
									/*golongan ---------------------------------------------------------------*/
									BLOCK3: begin
											declare vGolongan int;
											declare rowsHabis3 INT DEFAULT 0;  
											declare cursor4 cursor for
															select replid
															from  psb_golongan;
											declare continue handler for not found set rowsHabis3 =1;
											open cursor4;
											LOOP3: loop
												fetch cursor4
												into  vGolongan;
												if rowsHabis3 then
																close cursor4;
																leave LOOP3;
												end if;
		
												INSERT INTO psb_detailbiaya SET 
														biaya = NEW.replid, 
														subtingkat = vSubtingkat, 
														detailgelombang = vDetGelombang, 
														golongan = vGolongan;
											end loop LOOP3;
									end BLOCK3;
							end loop LOOP2;
					end BLOCK2;
		end loop LOOP1;
	end BLOCK1;
END
;;
DELIMITER ;
DROP TRIGGER IF EXISTS `ins_psb_diskon`;
DELIMITER ;;
CREATE TRIGGER `ins_psb_diskon` AFTER INSERT ON `psb_diskon` FOR EACH ROW BEGIN

/*untuk psb_detaildiskon*/
/*tahun ajaran*/
	BLOCK1: begin
		declare v_col1 int;
		declare no_more_rows1 INT DEFAULT 0;  
		declare cursor1 cursor for
				select replid
				from  aka_tahunajaran;
		declare continue handler for not found set no_more_rows1 =1;
		open cursor1;
		LOOP1: loop
				fetch cursor1
				into  v_col1;
				if no_more_rows1 then
						close cursor1;
						leave LOOP1;
				end if;

				INSERT INTO psb_detaildiskon SET 
					diskon = NEW.replid, 
					tahunajaran = v_col1;

		end loop LOOP1;
end BLOCK1;
END
;;
DELIMITER ;
