# Host: localhost  (Version: 5.5.36)
# Date: 2015-03-21 15:48:08
# Generator: MySQL-Front 5.3  (Build 2.16)

/*!40101 SET @OLD_CHARACTER_SET_CLIENT=@@CHARACTER_SET_CLIENT */;
/*!40101 SET @OLD_CHARACTER_SET_RESULTS=@@CHARACTER_SET_RESULTS */;
/*!40101 SET @OLD_COLLATION_CONNECTION=@@COLLATION_CONNECTION */;
/*!40101 SET NAMES utf8 */;
/*!40101 SET @OLD_SQL_MODE=@@SQL_MODE */;
/*!40101 SET SQL_MODE='' */;
/*!40111 SET @OLD_SQL_NOTES=@@SQL_NOTES */;
/*!40103 SET SQL_NOTES='ON' */;
/*!40014 SET @OLD_UNIQUE_CHECKS=@@UNIQUE_CHECKS */;
/*!40014 SET UNIQUE_CHECKS=0 */;
/*!40014 SET @OLD_FOREIGN_KEY_CHECKS=@@FOREIGN_KEY_CHECKS */;
/*!40014 SET FOREIGN_KEY_CHECKS=0 */;

#
# Source for table "keu_brg"
#

DROP TABLE IF EXISTS `keu_brg`;
CREATE TABLE `keu_brg` (
  `replid` int(10) unsigned NOT NULL AUTO_INCREMENT,
  `kelompokbrg` int(10) unsigned NOT NULL,
  `kode` varchar(20) NOT NULL,
  `nama` varchar(50) NOT NULL,
  `unit` mediumint(8) unsigned NOT NULL DEFAULT '1',
  `satuan` varchar(10) NOT NULL,
  `tanggal` date NOT NULL DEFAULT '0000-00-00',
  `keterangan` varchar(250) NOT NULL,
  PRIMARY KEY (`replid`)
) ENGINE=MyISAM AUTO_INCREMENT=4 DEFAULT CHARSET=latin1;

#
# Data for table "keu_brg"
#

/*!40000 ALTER TABLE `keu_brg` DISABLE KEYS */;
INSERT INTO `keu_brg` VALUES (1,1,'ELKO001','Macbook pro 15 inch',14,'unit','2014-01-11',''),(2,4,'KEMTR0001','Supra X 125',3,'','2014-01-11','');
/*!40000 ALTER TABLE `keu_brg` ENABLE KEYS */;

#
# Source for table "keu_budget"
#

DROP TABLE IF EXISTS `keu_budget`;
CREATE TABLE `keu_budget` (
  `replid` int(10) unsigned NOT NULL AUTO_INCREMENT,
  `tahunbuku` int(10) unsigned NOT NULL,
  `nama` varchar(100) NOT NULL,
  `nominal` decimal(10,0) NOT NULL DEFAULT '0',
  `keterangan` varchar(200) NOT NULL,
  `departemen` int(11) NOT NULL,
  PRIMARY KEY (`replid`)
) ENGINE=MyISAM AUTO_INCREMENT=6 DEFAULT CHARSET=latin1;

#
# Data for table "keu_budget"
#

/*!40000 ALTER TABLE `keu_budget` DISABLE KEYS */;
INSERT INTO `keu_budget` VALUES (1,1,'dana buku ',3000000,'untuk pengadaan buku',1),(2,1,'dana lingkungan sekolah',3000000,'untuk perawatan lingkungan sekolah',1);
/*!40000 ALTER TABLE `keu_budget` ENABLE KEYS */;

#
# Source for table "keu_detilrekening"
#

DROP TABLE IF EXISTS `keu_detilrekening`;
CREATE TABLE `keu_detilrekening` (
  `replid` int(10) unsigned NOT NULL AUTO_INCREMENT,
  `kategorirekening` int(10) unsigned NOT NULL,
  `kode` varchar(20) NOT NULL,
  `nama` varchar(100) NOT NULL,
  `keterangan` varchar(200) NOT NULL,
  PRIMARY KEY (`replid`)
) ENGINE=MyISAM AUTO_INCREMENT=338 DEFAULT CHARSET=latin1;

#
# Data for table "keu_detilrekening"
#

/*!40000 ALTER TABLE `keu_detilrekening` DISABLE KEYS */;
INSERT INTO `keu_detilrekening` VALUES (1,1,'111101','KAS KECIL ',''),(2,1,'111102','KAS SATELIT',''),(3,1,'111103','KAS KERTAJAYA',''),(4,1,'111104','KAS RUNGKUT',''),(5,1,'111199','KAS DALAM PERJALANAN',''),(6,2,'111201','BCA AC NO. 5560060001',''),(7,2,'111202','BANK EKONOMI AC NO. 3031861275',''),(8,2,'111203','BCA AC NO. 4683800000',''),(9,2,'111204','DEPOSITO EKONOMI',''),(10,2,'111205','BANK MAYAPADA AC NO.201.300.17.000',''),(11,2,'111206','CIMB-NIAGA AC NO.216.01.00543.00.5 (dh.LIPPOBANK)',''),(12,2,'111207','DEPOSITO MAYAPADA/PANIN/CIMB',''),(13,2,'111208','DEPOSITO PANINBANK',''),(14,2,'111209','PANINBANK AC NO.448.50.8888.7',''),(15,2,'111210','MANDARI AC NO. 1420088800098',''),(16,2,'111211','BANK BCA 8290960101',''),(17,2,'111299','BANK DALAM PERJALANAN',''),(18,3,'111900','AYAT SILANG KAS DAN BANK',''),(19,3,'112100','TABUNGAN',''),(20,3,'112200','DEPOSITO BERJANGKA',''),(21,3,'112300','SURAT-SURAT BERHARGA',''),(22,3,'113100','PIUTANG USAHA',''),(23,3,'113200','PIUTANG YANG BELUM DIFAKTURKAN',''),(24,3,'113300','PIUTANG CEK/GIRO MUNDUR',''),(25,3,'113400','CADANGAN PIUTANG RAGU-RAGU',''),(26,3,'113500','PIUTANG DIREKSI',''),(27,3,'113600','PIUTANG KARYAWAN',''),(28,3,'113700','PIUTANG PIHAK III',''),(29,3,'113999','PIUTANG LAIN-LAIN',''),(30,3,'114100','UANG MUKA PEMBELIAN',''),(31,3,'114901','TANAH',''),(32,3,'114902','KENDARAAN',''),(33,3,'114903','MESIN DAN PERALATAN',''),(34,3,'114904','BANGUNAN',''),(35,3,'114905','INVENTARIS',''),(36,3,'114906','UANG MUKA PERJALANAN',''),(37,3,'114999','LAIN-LAIN',''),(38,3,'116121','PPH PASAL 21',''),(39,3,'116122','PPH PASAL 22',''),(40,3,'116123','PPH PASAL 23',''),(41,3,'116125','PPH PASAL 25',''),(42,3,'116126','PPH PASAL 26',''),(43,3,'116151','PPN MASUKAN YANG SUDAH DIKREDITKAN',''),(44,3,'116152','PPN MASUKAN YANG BELUM DIKREDITKAN',''),(45,3,'116201','ASURANSI',''),(46,3,'116202','SEWA',''),(47,3,'116203','BUNGA LEASING',''),(48,3,'116204','ONGKOS ANGKUT',''),(49,3,'116299','LAIN-LAIN',''),(50,3,'121000','PENYERTAAN DALAM SURAT BERHARGA',''),(51,3,'122000','PENYERTAAN DALAM AKTIVA TETAP',''),(52,3,'123000','PENYERTAAN LAIN-LAIN',''),(53,3,'141100','TANAH KANTOR',''),(54,3,'141251','PRASARANA JALAN',''),(55,3,'141252','PRASARANA SALURAN AIR',''),(56,3,'141253','PRASARANA TAMAN',''),(57,3,'141301','INSTALASI LISTRIK',''),(58,3,'141302','INSTALASI AIR',''),(59,3,'141303','INSTALASI TELEPON',''),(60,3,'141401','MESIN-MESIN',''),(61,3,'141451','MESIN-MESIN LEASING',''),(62,3,'141501','KENDARAAN',''),(63,3,'141551','KENDARAAN LEASING KANTOR',''),(64,3,'141601','INVENTARIS',''),(65,3,'145201','AKUM. PENY. BANGUNAN KANTOR',''),(66,3,'145202','AKUM. PENY. BANGUNAN KANTIN',''),(67,3,'145203','AKUM. PENY. BANGUNAN MESS',''),(68,3,'145251','AKUM. PENY. PRASARANA JALAN',''),(69,3,'145252','AKUM. PENY. PRASARANA SALURAN AIR',''),(70,3,'145253','AKUM. PENY. PRASARANA TAMAN',''),(71,3,'145301','AKUM. PENY. INSTALASI LISTRIK',''),(72,3,'145302','AKUM. PENY. INSTALASI AIR',''),(73,3,'145303','AKUM. PENY. INSTALASI TELPON',''),(74,3,'145401','AKUM. PENY. KENDARAAN KANTOR',''),(75,3,'145451','AKUM. PENY. KENDARAAN LEASING KANTOR',''),(76,3,'145501','AKUM. PENY. INVENTARIS KANTOR',''),(77,3,'145502','AKUM. PENY. INVENTARIS KANTIN',''),(78,3,'151000','GOODWILL',''),(79,3,'152000','HAK PATEN',''),(80,3,'153000','LISENSI',''),(81,3,'154000','AKTIVA TIDAK BERWUJUD LAIN-LAIN',''),(82,3,'161101','BIAYA PENDIRIAN',''),(83,3,'161102','GAJI, TUNJANGAN',''),(84,3,'161103','BIAYA PERJALANAN DINAS',''),(85,3,'161104','ALAT TULIS & KEPERLUAN KANTOR',''),(86,3,'161105','IJIN, LEGAL DAN PROFESIONAL FEE',''),(87,3,'161106','ENTERTAINMENT,REPRESEN,SUMBANGAN',''),(88,3,'161107','TELEPON, FAX, TELEGRAM, KIRIM SURAT',''),(89,3,'161108','BENSIN, PARKIR, TOL',''),(90,3,'161109','BIAYA ADMINISTRASI BANK',''),(91,3,'161110','BAHAN PENOLONG',''),(92,3,'161111','BIAYA IKLAN',''),(93,3,'161112','PAJAK-PAJAK',''),(94,3,'161113','REKENING LISTRIK, AIR',''),(95,3,'161114','BIAYA STNK, BBN, DLL',''),(96,3,'161115','BUNGA, FEE, PROVISI BANK, DLL',''),(97,3,'161116','BIAYA PERESMIAN',''),(98,3,'161117','BIAYA BAHAN BAKAR',''),(99,3,'161118','REPARASI & PEMELIHARAAN KANTOR',''),(100,3,'161119','TRAINING, SEMINAR, TEST, DLL',''),(101,3,'161120','BIAYA MAKAN DAN MINUM',''),(102,3,'161121','PPH PASAL 21',''),(103,3,'161122','PPH PASAL 22',''),(104,3,'161123','PPH PASAL 23',''),(105,3,'161124','REPARASI & PEMELIHARAAN KENDARAAN',''),(106,3,'161125','REPARASI & PEMELIHARAAN MESS',''),(107,3,'161126','REPARASI & PEMELIHARAAN TANKI',''),(108,3,'161127','BIAYA PENGURUSAN LISTRIK',''),(109,3,'161128','REPARASI & PEMELIHARAAN BOTOL',''),(110,3,'161129','BIAYA SEWA GEDUNG',''),(111,3,'161130','BIAYA BUNGA LEASING',''),(112,3,'161143','SELISIH KURS',''),(113,3,'161144','BIAYA BUNGA PINJAMAN',''),(114,3,'161145','IURAN DAN ASURANSI',''),(115,3,'161146','BIAYA KEAMANAN',''),(116,3,'161148','BIAYA PRA-OPERASI LAIN-LAIN',''),(117,3,'161151','PENDAPATAN JASA GIRO',''),(118,3,'161152','PENDAPATAN BUNGA DEPOSITO',''),(119,3,'161153','PENDAPATAN BUNGA BANK',''),(120,3,'161154','PENDAPATAN BUNGA PIHAK III',''),(121,3,'161199','PENDAPATAN PRA-OPERASI LAIN-LAIN',''),(122,3,'161500','AKUM.AMORTISASI BIAYA PRA-OPERASI',''),(123,3,'162100','UANG JAMINAN LISTRIK',''),(124,3,'162200','UANG JAMINAN TELEPON',''),(125,3,'163000','BIAYA YANG DITANGGUHKAN',''),(126,3,'164000','BUNGA DALAM MASA KONSTRUKSI (IDC)',''),(127,3,'165201','BANGUNAN ',''),(128,3,'165301','INSTALASI LISTRIK',''),(129,3,'165302','INSTALASI AIR',''),(130,3,'165303','INSTALASI TELEPON',''),(131,3,'166000','BIAYA PENELITIAN DAN PENGEMBANGAN',''),(132,3,'169000','AKTIVA LAIN-LAIN',''),(133,4,'211101','BANK',''),(134,4,'211201','BANK',''),(135,4,'211501','BANK',''),(136,4,'211601','BANK',''),(137,4,'212100','HUTANG USAHA',''),(138,4,'212200','HUTANG YANG BELUM DIFAKTURKAN',''),(139,4,'212300','HUTANG CEK/BILYET GIRO MUNDUR',''),(140,4,'212901','HUTANG PIHAK KETIGA',''),(141,4,'212902','HUTANG PERSEDIAAN',''),(142,4,'212903','HUTANG KENDARAAN',''),(143,4,'212904','HUTANG BANGUNAN',''),(144,4,'212905','HUTANG INVENTARIS',''),(145,4,'212906','HUTANG VOUCHER',''),(146,4,'212907','HUTANG KPD GKA ELYON',''),(147,4,'212999','LAIN-LAIN',''),(148,4,'213100','UANG MUKA PENJUALAN',''),(149,4,'213900','UANG MUKA LAIN-LAIN',''),(150,4,'214104','PPH PASAL 4 AYAT 2',''),(151,4,'214121','PPH PASAL 21',''),(152,4,'214122','PPH PASAL 22',''),(153,4,'214123','PPH PASAL 23',''),(154,4,'214125','PPH PASAL 25',''),(155,4,'214126','PPH PASAL 26',''),(156,4,'214129','PPH PASAL 29',''),(157,4,'214151','PPN KELUARAN YANG SUDAH DIFAKTURKAN',''),(158,4,'214152','PPN KELUARAN YANG BELUM DIFAKTURKAN',''),(159,4,'214201','BUNGA',''),(160,4,'214202','SEWA',''),(161,4,'214203','GAJI DAN HONOR',''),(162,4,'214204','MAKAN DAN LEMBUR',''),(163,4,'214205','LISTRIK',''),(164,4,'214206','TUNJANGAN TRANSPORT-MAINTENANCE',''),(165,4,'214207','TELEPON',''),(166,4,'214208','SURAT KABAR/MAJALAH',''),(167,4,'214209','KOMISI',''),(168,4,'214210','BIAYA ADMINISTRASI BANK',''),(169,4,'214211','PAJAK WAPU/WAJIB PUNGUT',''),(170,4,'214212','JAMSOSTEK',''),(171,4,'214213','PREMI DISTRIBUSI',''),(172,4,'214214','ONGKOS ANGKUT',''),(173,4,'214299','LAIN-LAIN',''),(174,4,'215121','PPH PASAL 21',''),(175,4,'215122','PPH PASAL 22',''),(176,4,'215123','PPH PASAL 23',''),(177,4,'215125','PPH PASAL 25',''),(178,4,'215201','PPN KELUARAN',''),(179,4,'215202','PPN EKS KEPPRES',''),(180,4,'216101','HUTANG LEASING KENDARAAN',''),(181,4,'219101','HUTANG DEVIDEN',''),(182,4,'219199','LAIN-LAIN',''),(183,4,'221101','BANK',''),(184,4,'221201','BANK',''),(185,4,'22210','HUTANG LEASING KENDARAAN',''),(186,4,'223000','HUTANG PADA PEMEGANG SAHAM',''),(187,4,'230000','HUTANG LAIN - LAIN',''),(188,4,'240000','HUTANG YG. DISUBORDINASI',''),(189,4,'250000','KEWAJIBAN BERSYARAT',''),(190,5,'311101','TIDAK TERIKAT',''),(191,5,'312101','TEMPORER...........',''),(192,5,'312201','PERMANEN......',''),(193,6,'411101','DANA DARI DONATUR',''),(194,6,'411102','DPP (DANA PEMBANGUNAN & PENGEMBANGAN)',''),(195,6,'411103','DANA JOINING',''),(196,6,'411104','DPP SUKARELA (DANA PEMBANGUNAN & PENGEMBANGAN)',''),(197,6,'411105','DANA STUDENT EXCHANGE',''),(198,6,'411201','SUMBANGAN TERIKAT TEMPORER',''),(199,6,'411202','SUMBANGAN TERIKAT PERMANEN',''),(200,6,'412101','PENJUALAN FORMULIR + PSIKOTES',''),(201,6,'412102','UANG KEG. EKSTRAKURIKULER',''),(202,6,'412103','UANG PENDAFTARAN ULANG',''),(203,6,'412104','UANG SEKOLAH',''),(204,6,'412105','PENDAPATAN PENJUALAN SERAGAM',''),(205,6,'412106','PENDAPATAN PENJUALAN BUKU',''),(206,6,'412107','PENDAPATAN PENJUALAN CD/VCD/DVD',''),(207,6,'412108','PENDAPATAN LAIN-LAIN',''),(208,6,'412109','PENDAPATAN LUNCH',''),(209,6,'412110','PENDAPATAN STATIONERY DAN HANDOUT, MATERIAL FEE',''),(210,6,'412111','DENDA KETERLAMBATAN BAYAR UANG SEKOLAH',''),(211,6,'412112','PENDAPATAN CHECK POINT',''),(212,6,'412113','PENDAPATAN UJIAN HSK',''),(213,6,'412114','PENDAPATAN DAY CARE',''),(214,6,'421101','PENGHASILAN INVESTASI TIDAK TERIKAT JANGKA PANJANG',''),(215,6,'421102','PENGHASILAN INVESTASI TIDAK TERIKAT LAIN-LAIN',''),(216,6,'421103','PENGHASILAN INVESTASI TIDAK TERIKAT JANGKA PANJANG ',''),(217,6,'421201','PENGHASILAN INVESTASI TERIKAT TEMPORER',''),(218,6,'421202','PENGHASILAN INVESTASI TERIKAT PERMANEN',''),(219,7,'511101','GAJI',''),(220,7,'511102','HONOR',''),(221,7,'511103','LEMBUR',''),(222,7,'511104','PESANGON',''),(223,7,'511105','UANG MAKAN',''),(224,7,'511106','BONUS',''),(225,7,'511107','TUNJANGAN HARI RAYA',''),(226,7,'511108','PPH PASAL 21',''),(227,7,'511109','KESEJAHTERAAN KARYAWAN',''),(228,7,'511110','JAMINAN KECELAKAAN KERJA ( JKK )',''),(229,7,'511111','JAMINAN KEMATIAN ( JKM )',''),(230,7,'511112','JAMINAN HARI TUA ( JHT )',''),(231,7,'511113','JAMINAN PEMELIHARAAN KESEHATAN (JPK)',''),(232,7,'511114','TUNJANGAN DANA PENSIUN',''),(233,7,'511115','TUNJANGAN KESEHATAN',''),(234,7,'511116','TUNJANGAN TRANSPORT',''),(235,7,'511117','JAMSOSTEK',''),(236,7,'511119','PREMI ',''),(237,7,'511199','TUNJANGAN LAIN-LAIN',''),(238,7,'512101','BI.BAHAN PERB. & PEMELIHARAAN BANGUNAN & PRASARANA',''),(239,7,'512102','BI.BAHAN PERB. & PEMELIHARAAN KEND.',''),(240,7,'512103','BI.BAHAN PERB. & PEMELIHARAAN INVENTARIS',''),(241,7,'512199','BI.BAHAN PERB. & PEMELIHARAAN LAIN-LAIN',''),(242,7,'512201','PENYUSUTAN BANGUNAN & PRASARANA',''),(243,7,'512202','PENYUSUTAN KENDARAAN',''),(244,7,'512203','PENYUSUTAN INVENTARIS',''),(245,7,'512204','PENYUSUTAN INSTALASI',''),(246,7,'512301','TRANSPORTASI ( BENSIN, TIKET )',''),(247,7,'512302','MAKANAN & MINUMAN',''),(248,7,'512303','PENGINAPAN',''),(249,7,'512304','UANG SAKU',''),(250,7,'512399','LAIN-LAIN ( PARKIR, TOL )',''),(251,7,'512401','SEWA BANGUNAN',''),(252,7,'512402','SEWA KENDARAAN',''),(253,7,'512403','SEWA INVENTARIS KANTOR',''),(254,7,'512451','ASURANSI BANGUNAN',''),(255,7,'512452','ASURANSI KENDARAAN',''),(256,7,'512453','ASURANSI INVENTARIS',''),(257,7,'512501','TELEPON',''),(258,7,'512502','TELEX',''),(259,7,'512503','TELEGRAM',''),(260,7,'512504','INTERLOKAL NON TELEPON INTERN',''),(261,7,'512505','FACSIMILE',''),(262,7,'512599','LAIN - LAIN',''),(263,7,'512601','AIR',''),(264,7,'512602','LISTRIK',''),(265,7,'512603','ALAT-ALAT LISTRIK',''),(266,7,'512701','AKUNTAN',''),(267,7,'512702','NOTARIS',''),(268,7,'512703','KONSULTAN',''),(269,7,'512704','MANAGEMENT FEE',''),(270,7,'512801','ADMINISTRASI BANK',''),(271,7,'512802','BUKU CEK / BG',''),(272,7,'512803','TRANSFER, KIRIM UANG , INKASO',''),(273,7,'512804','PAJAK BUNGA BANK',''),(274,7,'512901','BIAYA ADMINISTRASI KENDARAAN',''),(275,7,'512902','BIAYA BUNGA ANGSURAN KENDARAAN',''),(276,7,'512903','BIAYA BUNGA KREDIT BANK',''),(277,7,'513101','ALAT - ALAT TULIS, PERCETAKAN & ALAT KANTOR',''),(278,7,'513102','PERANGKO, MATERAI, KIRIM SURAT',''),(279,7,'513103','FOTOCOPY/LAMINATING/CETAK FOTO',''),(280,7,'513104','ALAT - ALAT PENGAJARAN ',''),(281,7,'513105','PERLENGKAPAN KELAS',''),(282,7,'513106','JASA PEMBELAJARAN',''),(283,7,'513201','PERIJINAN',''),(284,7,'513202','PAJAK - PAJAK DAERAH,PBB',''),(285,7,'513203','STNK',''),(286,7,'513211','RETRIBUSI SAMPAH',''),(287,7,'513301','SUMBANGAN',''),(288,7,'513302','ENTERTAINMENT',''),(289,7,'513303','JAMUAN ',''),(290,7,'513401','KEAMANAN',''),(291,7,'513501','PENDAFTARAN',''),(292,7,'513502','IURAN',''),(293,7,'513601','BIAYA PENGOBATAN',''),(294,7,'513701','MAKANAN DAN MINUMAN',''),(295,7,'513702','BAHAN BAKAR DAN PARKIR/TRANSPORT',''),(296,7,'513703','SERAGAM ',''),(297,7,'513704','SEWA DISPENSER',''),(298,7,'513705','OLAH RAGA DAN KESENIAN',''),(299,7,'513706','BIAYA TRAINING, SEMINAR DAN STUDI BANDING',''),(300,7,'513707','BUKU, VCD',''),(301,7,'513708','ATRIBUT SEKOLAH',''),(302,7,'513709','BIAYA PSIKOTES',''),(303,7,'513710','BIAYA ADVERTENSI ( IKLAN )',''),(304,7,'513711','BIAYA STUDY TOUR',''),(305,7,'513712','BIAYA PERLOMBAAN & PERAYAAN',''),(306,7,'513713','STIKER U/ MURID',''),(307,7,'513714','BIAYA TES KESEHATAN',''),(308,7,'513715','BIAYA KOMISI PENGEMBANGAN',''),(309,7,'513716','BIAYA PAMERAN',''),(310,7,'513799','LAIN - LAIN',''),(311,7,'513801','KANTIN',''),(312,7,'513802','DAPUR',''),(313,7,'513803','BIAYA KEBERSIHAN',''),(314,7,'513804','BIAYA KEPERLUAN KEBUN/TAMAN',''),(315,7,'513805','JASA CLEANING SERVICE',''),(316,7,'513806','',''),(317,7,'513807','BIAYA MESS',''),(318,7,'513901','SELAMATAN',''),(319,7,'513902','BIAYA PENGURUSAN SURAT LAIN - LAIN',''),(320,7,'513903','DENDA PAJAK',''),(321,7,'513904','KOREKSI TAHUN LALU',''),(322,7,'513998','LAIN - LAIN (SELISIH KURS)',''),(323,7,'513999','LAIN - LAIN (SELISIH KAS)',''),(324,7,'514001','TRANSPORT',''),(325,7,'514002','MAKAN & MINUM (RAPAT)',''),(326,7,'514099','LAIN-LAIN',''),(327,7,'514101','BUKU',''),(328,7,'514102','VCD',''),(329,7,'514103','SERAGAM ',''),(330,7,'514104','ATRIBUT SEKOLAH',''),(331,7,'514105','BIAYA PSIKOTES',''),(332,7,'514106','BIAYA STUDY TOUR/FIELD TRIP',''),(333,7,'514107','BIAYA PERLOMBAAN ',''),(334,7,'514108','EKSTRAKURIKULER',''),(335,7,'514109','BIAYA STUDENT EXCHANGE',''),(336,7,'514110','BIAYA CHECK POINT',''),(337,7,'514199','LAIN - LAIN','');
/*!40000 ALTER TABLE `keu_detilrekening` ENABLE KEYS */;

#
# Source for table "keu_grupbrg"
#

DROP TABLE IF EXISTS `keu_grupbrg`;
CREATE TABLE `keu_grupbrg` (
  `replid` int(10) unsigned NOT NULL AUTO_INCREMENT,
  `nama` varchar(50) NOT NULL,
  `keterangan` varchar(100) NOT NULL,
  PRIMARY KEY (`replid`)
) ENGINE=MyISAM AUTO_INCREMENT=4 DEFAULT CHARSET=latin1;

#
# Data for table "keu_grupbrg"
#

/*!40000 ALTER TABLE `keu_grupbrg` DISABLE KEYS */;
INSERT INTO `keu_grupbrg` VALUES (1,'Elektronika',''),(2,'Kendaraan',''),(3,'Alat Tulis','');
/*!40000 ALTER TABLE `keu_grupbrg` ENABLE KEYS */;

#
# Source for table "keu_jurnal"
#

DROP TABLE IF EXISTS `keu_jurnal`;
CREATE TABLE `keu_jurnal` (
  `replid` int(10) unsigned NOT NULL AUTO_INCREMENT,
  `transaksi` int(10) unsigned NOT NULL,
  `rek` int(10) unsigned NOT NULL,
  `debet` decimal(10,0) NOT NULL DEFAULT '0',
  `kredit` decimal(10,0) NOT NULL DEFAULT '0',
  `ts` timestamp NOT NULL DEFAULT CURRENT_TIMESTAMP,
  PRIMARY KEY (`replid`)
) ENGINE=MyISAM AUTO_INCREMENT=63 DEFAULT CHARSET=latin1;

#
# Data for table "keu_jurnal"
#

/*!40000 ALTER TABLE `keu_jurnal` DISABLE KEYS */;
INSERT INTO `keu_jurnal` VALUES (3,2,1,300000,0,'2014-03-06 05:12:30'),(4,2,193,0,300000,'2014-03-06 05:12:30'),(5,3,0,0,0,'2014-04-07 12:52:06'),(6,3,0,0,0,'2014-04-07 12:52:06'),(7,4,263,100000,0,'2014-04-08 08:55:08'),(8,4,4,0,100000,'2014-04-08 08:55:08'),(9,5,263,100000,0,'2014-04-08 09:31:04'),(10,5,4,0,100000,'2014-04-08 09:31:04'),(11,6,14,300000,0,'2014-04-08 09:48:06'),(12,6,194,0,300000,'2014-04-08 09:48:06'),(13,7,6,300000,0,'2014-04-08 09:53:56'),(14,7,194,0,300000,'2014-04-08 09:53:56'),(15,8,35,4500000,0,'2014-04-08 10:13:10'),(16,8,4,0,4500000,'2014-04-08 10:13:10'),(17,9,29,0,0,'2014-04-08 10:24:11'),(18,9,194,0,0,'2014-04-08 10:24:11'),(23,12,12,0,0,'2015-02-26 19:24:35'),(24,12,6,0,0,'2015-02-26 19:24:35'),(39,13,19,2500000,0,'2015-02-26 20:45:50'),(40,13,2,0,2500000,'2015-02-26 20:45:50'),(41,14,1,100000,0,'2015-02-27 08:34:01'),(42,14,19,0,100000,'2015-02-27 08:34:01'),(43,15,1,200000,0,'2015-02-27 08:36:32'),(44,15,208,0,200000,'2015-02-27 08:36:32'),(45,16,29,60000000,0,'2015-03-06 16:26:07'),(46,16,203,0,60000000,'2015-03-06 16:26:07'),(47,17,1,1000000,0,'2015-03-06 16:26:48'),(48,17,29,0,1000000,'2015-03-06 16:26:48'),(49,18,29,50000000,0,'2015-03-06 16:37:54'),(50,18,194,0,50000000,'2015-03-06 16:37:54'),(51,19,1,10000000,0,'2015-03-06 16:38:43'),(52,19,29,0,10000000,'2015-03-06 16:38:43'),(53,20,1,500000,0,'2015-03-06 16:44:59'),(54,20,197,0,500000,'2015-03-06 16:44:59'),(55,21,1,500000,0,'2015-03-06 16:49:59'),(56,21,203,0,500000,'2015-03-06 16:49:59'),(57,22,200,14,0,'2015-03-06 20:06:09'),(58,22,14,0,14,'2015-03-06 20:06:09'),(59,23,29,0,0,'2015-03-06 20:17:30'),(60,23,194,0,0,'2015-03-06 20:17:30'),(61,24,29,568272485,0,'2015-03-06 20:22:17'),(62,24,196,0,568272485,'2015-03-06 20:22:17');
/*!40000 ALTER TABLE `keu_jurnal` ENABLE KEYS */;

#
# Source for table "keu_kategorirek"
#

DROP TABLE IF EXISTS `keu_kategorirek`;
CREATE TABLE `keu_kategorirek` (
  `replid` int(10) unsigned NOT NULL AUTO_INCREMENT,
  `kode` tinyint(3) unsigned NOT NULL DEFAULT '0',
  `nama` varchar(20) NOT NULL,
  PRIMARY KEY (`replid`)
) ENGINE=MyISAM AUTO_INCREMENT=10 DEFAULT CHARSET=latin1;

#
# Data for table "keu_kategorirek"
#

/*!40000 ALTER TABLE `keu_kategorirek` DISABLE KEYS */;
INSERT INTO `keu_kategorirek` VALUES (1,1,'KAS'),(2,1,'BANK'),(3,1,'AKTIVA'),(4,2,'KEWAJIBAN'),(5,3,'MODAL'),(6,4,'PENDAPATAN'),(7,5,'BIAYA');
/*!40000 ALTER TABLE `keu_kategorirek` ENABLE KEYS */;

#
# Source for table "keu_kategorirekening"
#

DROP TABLE IF EXISTS `keu_kategorirekening`;
CREATE TABLE `keu_kategorirekening` (
  `replid` int(10) NOT NULL AUTO_INCREMENT,
  `kode` tinyint(3) unsigned NOT NULL DEFAULT '0',
  `nama` varchar(20) NOT NULL,
  `jenis` enum('debit','kredit','debit_kredit') DEFAULT 'debit',
  PRIMARY KEY (`replid`)
) ENGINE=MyISAM AUTO_INCREMENT=16 DEFAULT CHARSET=latin1;

#
# Data for table "keu_kategorirekening"
#

/*!40000 ALTER TABLE `keu_kategorirekening` DISABLE KEYS */;
INSERT INTO `keu_kategorirekening` VALUES (1,1,'KAS','debit_kredit'),(2,1,'BANK','debit_kredit'),(3,1,'AKTIVA','debit_kredit'),(4,2,'KEWAJIBAN','kredit'),(5,3,'MODAL','kredit'),(6,4,'PENDAPATAN','debit'),(7,5,'BIAYA','kredit');
/*!40000 ALTER TABLE `keu_kategorirekening` ENABLE KEYS */;

#
# Source for table "keu_kelompokbrg"
#

DROP TABLE IF EXISTS `keu_kelompokbrg`;
CREATE TABLE `keu_kelompokbrg` (
  `replid` int(10) unsigned NOT NULL AUTO_INCREMENT,
  `grupbrg` int(10) unsigned NOT NULL,
  `nama` varchar(50) NOT NULL,
  PRIMARY KEY (`replid`)
) ENGINE=MyISAM AUTO_INCREMENT=7 DEFAULT CHARSET=latin1;

#
# Data for table "keu_kelompokbrg"
#

/*!40000 ALTER TABLE `keu_kelompokbrg` DISABLE KEYS */;
INSERT INTO `keu_kelompokbrg` VALUES (1,1,'Komputer'),(2,1,'Proyektor'),(3,2,'Mobil'),(4,2,'Motor'),(5,2,'Sepeda'),(6,3,'bulpoin');
/*!40000 ALTER TABLE `keu_kelompokbrg` ENABLE KEYS */;

#
# Source for table "keu_modul"
#

DROP TABLE IF EXISTS `keu_modul`;
CREATE TABLE `keu_modul` (
  `replid` int(10) unsigned NOT NULL AUTO_INCREMENT,
  `kategori` tinyint(3) unsigned NOT NULL DEFAULT '0',
  `reftipe` tinyint(3) unsigned NOT NULL DEFAULT '0',
  `refid` int(10) unsigned NOT NULL DEFAULT '0',
  `nama` varchar(100) NOT NULL,
  `rek1` int(10) unsigned NOT NULL,
  `rek2` int(10) unsigned NOT NULL,
  `rek3` int(10) unsigned NOT NULL DEFAULT '0',
  `nominal` decimal(10,0) NOT NULL DEFAULT '0',
  `cicilan` decimal(10,0) NOT NULL DEFAULT '0',
  `keterangan` varchar(200) NOT NULL,
  PRIMARY KEY (`replid`)
) ENGINE=MyISAM AUTO_INCREMENT=11 DEFAULT CHARSET=latin1;

#
# Data for table "keu_modul"
#

/*!40000 ALTER TABLE `keu_modul` DISABLE KEYS */;
INSERT INTO `keu_modul` VALUES (1,1,1,0,'Uang sekolah tahun ajaran 2014-2015 (Aktif)',3,7,22,0,0,'tes keterangan'),(2,3,2,2,'Pendaftaran Tahun Ajaran 2014-2015',14,0,0,0,0,''),(3,3,2,2,'Pendaftaran Tahun Ajaran 2014-2015',6,194,0,0,0,'Kaitlynn Tiffany'),(5,1,3,8,'Uang pangkal angkatan 2016',2,6,12,0,0,'keterangan'),(6,1,1,1,'Uang sekolah tahun ajaran 2014-2015 (Aktif)',1,203,29,0,0,''),(8,3,2,3,'Pendaftaran Tahun Ajaran 2014-2015',14,200,0,0,0,''),(9,1,3,4,'Uang pangkal angkatan 2014',14,194,29,0,0,''),(10,1,3,2,'Uang pangkal angkatan 2014',14,196,29,0,0,'');
/*!40000 ALTER TABLE `keu_modul` ENABLE KEYS */;

#
# Source for table "keu_pembayaran"
#

DROP TABLE IF EXISTS `keu_pembayaran`;
CREATE TABLE `keu_pembayaran` (
  `replid` int(10) unsigned NOT NULL AUTO_INCREMENT,
  `modul` int(10) unsigned NOT NULL,
  `siswa` int(10) unsigned NOT NULL,
  `nominal` decimal(10,0) NOT NULL DEFAULT '0',
  `cicilan` decimal(10,0) NOT NULL DEFAULT '0',
  `lunas` enum('0','1') NOT NULL DEFAULT '0',
  `tanggal` date NOT NULL DEFAULT '0000-00-00',
  `keterangan` varchar(250) NOT NULL,
  PRIMARY KEY (`replid`)
) ENGINE=MyISAM AUTO_INCREMENT=466 DEFAULT CHARSET=latin1;

#
# Data for table "keu_pembayaran"
#

/*!40000 ALTER TABLE `keu_pembayaran` DISABLE KEYS */;
INSERT INTO `keu_pembayaran` VALUES (1,2,6,300000,300000,'1','0000-00-00',''),(2,2,7,300000,300000,'1','0000-00-00',''),(3,2,8,300000,300000,'0','0000-00-00',''),(4,2,9,400000,400000,'0','0000-00-00',''),(5,2,11,300000,300000,'0','0000-00-00',''),(6,2,14,300000,300000,'0','0000-00-00',''),(7,2,15,300000,300000,'0','0000-00-00',''),(8,2,16,300000,300000,'0','0000-00-00',''),(9,2,17,300000,300000,'0','0000-00-00',''),(10,2,18,300000,300000,'0','0000-00-00',''),(11,2,19,300000,300000,'0','0000-00-00',''),(12,2,20,300000,300000,'0','0000-00-00',''),(13,2,21,300000,300000,'0','0000-00-00',''),(14,2,22,300000,300000,'0','0000-00-00',''),(15,2,23,300000,300000,'0','0000-00-00',''),(16,2,24,300000,300000,'0','0000-00-00',''),(17,2,25,300000,300000,'0','0000-00-00',''),(18,2,27,300000,300000,'0','0000-00-00',''),(19,2,28,300000,300000,'0','0000-00-00',''),(20,2,29,300000,300000,'0','0000-00-00',''),(21,2,30,300000,300000,'0','0000-00-00',''),(22,2,32,300000,300000,'0','0000-00-00',''),(23,2,36,400000,400000,'0','0000-00-00',''),(24,2,37,400000,400000,'0','0000-00-00',''),(25,2,38,400000,400000,'0','0000-00-00',''),(26,2,39,400000,400000,'0','0000-00-00',''),(27,2,40,400000,400000,'0','0000-00-00',''),(28,2,41,400000,400000,'0','0000-00-00',''),(29,2,42,400000,400000,'0','0000-00-00',''),(30,2,43,400000,400000,'0','0000-00-00',''),(31,2,44,400000,400000,'0','0000-00-00',''),(32,2,45,400000,400000,'0','0000-00-00',''),(33,2,46,400000,400000,'0','0000-00-00',''),(34,2,47,400000,400000,'0','0000-00-00',''),(35,2,48,400000,400000,'0','0000-00-00',''),(36,2,49,400000,400000,'0','0000-00-00',''),(37,2,50,400000,400000,'0','0000-00-00',''),(38,2,51,400000,400000,'0','0000-00-00',''),(39,2,52,400000,400000,'0','0000-00-00',''),(40,2,53,400000,400000,'0','0000-00-00',''),(41,2,54,400000,400000,'0','0000-00-00',''),(42,2,55,400000,400000,'0','0000-00-00',''),(43,2,56,400000,400000,'0','0000-00-00',''),(44,2,57,400000,400000,'0','0000-00-00',''),(45,2,58,400000,400000,'0','0000-00-00',''),(46,2,59,400000,400000,'0','0000-00-00',''),(47,2,140,0,0,'0','0000-00-00',''),(48,2,144,0,0,'0','0000-00-00',''),(49,2,145,0,0,'0','0000-00-00',''),(50,2,146,0,0,'0','0000-00-00',''),(51,2,147,0,0,'0','0000-00-00',''),(52,2,148,0,0,'0','0000-00-00',''),(53,2,149,0,0,'0','0000-00-00',''),(54,2,150,0,0,'0','0000-00-00',''),(55,2,151,0,0,'0','0000-00-00',''),(56,2,156,0,0,'0','0000-00-00',''),(57,2,158,0,0,'0','0000-00-00',''),(58,2,161,0,0,'0','0000-00-00',''),(59,2,162,0,0,'0','0000-00-00',''),(60,2,163,0,0,'0','0000-00-00',''),(61,2,164,0,0,'0','0000-00-00',''),(62,2,170,0,0,'0','0000-00-00',''),(63,2,171,0,0,'0','0000-00-00',''),(64,2,172,0,0,'0','0000-00-00',''),(65,2,173,0,0,'0','0000-00-00',''),(66,2,174,0,0,'0','0000-00-00',''),(67,2,175,0,0,'0','0000-00-00',''),(68,2,176,0,0,'0','0000-00-00',''),(69,2,177,0,0,'0','0000-00-00',''),(70,2,178,0,0,'0','0000-00-00',''),(71,2,179,0,0,'0','0000-00-00',''),(72,2,180,0,0,'0','0000-00-00',''),(73,2,181,0,0,'0','0000-00-00',''),(74,2,182,0,0,'0','0000-00-00',''),(75,2,183,0,0,'0','0000-00-00',''),(76,2,184,0,0,'0','0000-00-00',''),(77,2,185,0,0,'0','0000-00-00',''),(78,2,186,0,0,'0','0000-00-00',''),(79,2,227,300000,300000,'0','0000-00-00',''),(80,2,228,300000,300000,'0','0000-00-00',''),(81,2,337,300000,300000,'0','0000-00-00',''),(82,2,338,300000,300000,'0','0000-00-00',''),(83,2,339,300000,300000,'0','0000-00-00',''),(84,2,340,300000,300000,'0','0000-00-00',''),(85,2,341,300000,300000,'0','0000-00-00',''),(86,2,342,300000,300000,'0','0000-00-00',''),(87,2,343,300000,300000,'0','0000-00-00',''),(88,2,344,300000,300000,'0','0000-00-00',''),(89,2,345,300000,300000,'0','0000-00-00',''),(90,2,351,400000,400000,'0','0000-00-00',''),(91,2,352,400000,400000,'0','0000-00-00',''),(92,2,353,400000,400000,'0','0000-00-00',''),(93,2,354,400000,400000,'0','0000-00-00',''),(94,2,355,400000,400000,'0','0000-00-00',''),(95,2,356,400000,400000,'0','0000-00-00',''),(96,2,357,400000,400000,'0','0000-00-00',''),(97,2,358,400000,400000,'0','0000-00-00',''),(98,2,359,400000,400000,'0','0000-00-00',''),(99,2,361,400000,400000,'0','0000-00-00',''),(100,2,362,400000,400000,'0','0000-00-00',''),(101,2,363,400000,400000,'0','0000-00-00',''),(102,2,364,400000,400000,'0','0000-00-00',''),(103,2,365,400000,400000,'0','0000-00-00',''),(104,2,366,400000,400000,'0','0000-00-00',''),(105,2,367,400000,400000,'0','0000-00-00',''),(106,2,368,400000,400000,'0','0000-00-00',''),(107,2,369,400000,400000,'0','0000-00-00',''),(108,2,370,400000,400000,'0','0000-00-00',''),(109,2,371,400000,400000,'0','0000-00-00',''),(110,2,372,400000,400000,'0','0000-00-00',''),(111,2,373,400000,400000,'0','0000-00-00',''),(112,2,374,400000,400000,'0','0000-00-00',''),(113,2,375,400000,400000,'0','0000-00-00',''),(114,2,376,400000,400000,'0','0000-00-00',''),(115,2,377,400000,400000,'0','0000-00-00',''),(116,2,378,400000,400000,'0','0000-00-00',''),(117,2,379,400000,400000,'0','0000-00-00',''),(118,2,380,400000,400000,'0','0000-00-00',''),(119,2,381,400000,400000,'0','0000-00-00',''),(120,2,382,400000,400000,'0','0000-00-00',''),(121,2,383,400000,400000,'0','0000-00-00',''),(122,2,384,400000,400000,'0','0000-00-00',''),(123,2,385,400000,400000,'0','0000-00-00',''),(124,2,386,400000,400000,'0','0000-00-00',''),(125,2,387,400000,400000,'0','0000-00-00',''),(126,2,388,400000,400000,'0','0000-00-00',''),(127,2,389,400000,400000,'0','0000-00-00',''),(128,2,390,400000,400000,'0','0000-00-00',''),(129,2,391,400000,400000,'0','0000-00-00',''),(130,2,403,400000,400000,'0','0000-00-00',''),(131,2,404,400000,400000,'0','0000-00-00',''),(132,2,405,400000,400000,'0','0000-00-00',''),(133,2,406,400000,400000,'0','0000-00-00',''),(134,2,407,400000,400000,'0','0000-00-00',''),(135,2,408,400000,400000,'0','0000-00-00',''),(136,2,409,400000,400000,'0','0000-00-00',''),(137,2,410,400000,400000,'0','0000-00-00',''),(138,2,411,400000,400000,'0','0000-00-00',''),(139,2,412,400000,400000,'0','0000-00-00',''),(140,2,413,400000,400000,'0','0000-00-00',''),(141,2,414,400000,400000,'0','0000-00-00',''),(142,2,415,400000,400000,'0','0000-00-00',''),(143,2,416,400000,400000,'0','0000-00-00',''),(144,2,417,400000,400000,'0','0000-00-00',''),(145,2,418,400000,400000,'0','0000-00-00',''),(146,2,419,400000,400000,'0','0000-00-00',''),(147,2,420,400000,400000,'0','0000-00-00',''),(148,2,421,400000,400000,'0','0000-00-00',''),(149,2,422,400000,400000,'0','0000-00-00',''),(150,2,423,400000,400000,'0','0000-00-00',''),(151,2,424,400000,400000,'0','0000-00-00',''),(152,2,425,400000,400000,'0','0000-00-00',''),(153,2,426,400000,400000,'0','0000-00-00',''),(154,2,427,400000,400000,'0','0000-00-00',''),(155,2,428,400000,400000,'0','0000-00-00',''),(156,2,429,400000,400000,'0','0000-00-00',''),(157,2,430,400000,400000,'0','0000-00-00',''),(158,2,438,400000,400000,'0','0000-00-00',''),(159,2,439,300000,300000,'0','0000-00-00',''),(160,2,444,300000,300000,'0','0000-00-00',''),(161,2,446,300000,300000,'0','0000-00-00',''),(162,6,4,12000000,1000000,'0','0000-00-00',''),(163,6,5,12000000,1000000,'0','0000-00-00',''),(164,6,7,12000000,1000000,'0','0000-00-00',''),(165,6,2,12000000,1000000,'0','0000-00-00',''),(166,6,2,12000000,1000000,'0','0000-00-00',''),(167,6,146,0,0,'0','0000-00-00',''),(168,6,147,0,0,'0','0000-00-00',''),(169,6,148,0,0,'0','0000-00-00',''),(170,6,149,0,0,'0','0000-00-00',''),(171,6,150,0,0,'0','0000-00-00',''),(172,6,151,0,0,'0','0000-00-00',''),(173,6,152,0,0,'0','0000-00-00',''),(174,6,153,0,0,'0','0000-00-00',''),(175,6,154,0,0,'0','0000-00-00',''),(176,6,155,0,0,'0','0000-00-00',''),(177,6,156,0,0,'0','0000-00-00',''),(178,6,157,0,0,'0','0000-00-00',''),(179,6,158,0,0,'0','0000-00-00',''),(180,6,159,0,0,'0','0000-00-00',''),(181,6,160,0,0,'0','0000-00-00',''),(182,6,161,0,0,'0','0000-00-00',''),(183,6,162,0,0,'0','0000-00-00',''),(184,6,163,0,0,'0','0000-00-00',''),(185,6,164,0,0,'0','0000-00-00',''),(186,6,165,0,0,'0','0000-00-00',''),(187,6,166,0,0,'0','0000-00-00',''),(188,6,168,0,0,'0','0000-00-00',''),(189,6,167,0,0,'0','0000-00-00',''),(190,6,169,0,0,'0','0000-00-00',''),(191,6,170,0,0,'0','0000-00-00',''),(192,6,171,0,0,'0','0000-00-00',''),(193,6,172,0,0,'0','0000-00-00',''),(194,6,173,0,0,'0','0000-00-00',''),(195,6,174,0,0,'0','0000-00-00',''),(196,6,175,0,0,'0','0000-00-00',''),(197,6,176,0,0,'0','0000-00-00',''),(198,6,177,0,0,'0','0000-00-00',''),(199,6,179,0,0,'0','0000-00-00',''),(200,6,180,0,0,'0','0000-00-00',''),(201,6,183,0,0,'0','0000-00-00',''),(202,6,184,0,0,'0','0000-00-00',''),(203,6,185,0,0,'0','0000-00-00',''),(204,6,204,0,0,'0','0000-00-00',''),(205,6,205,0,0,'0','0000-00-00',''),(206,6,206,0,0,'0','0000-00-00',''),(207,6,207,0,0,'0','0000-00-00',''),(208,6,208,0,0,'0','0000-00-00',''),(209,6,209,0,0,'0','0000-00-00',''),(210,6,210,0,0,'0','0000-00-00',''),(211,6,211,0,0,'0','0000-00-00',''),(212,6,215,0,0,'0','0000-00-00',''),(213,6,220,0,0,'0','0000-00-00',''),(214,6,214,0,0,'0','0000-00-00',''),(215,6,216,0,0,'0','0000-00-00',''),(216,6,217,0,0,'0','0000-00-00',''),(217,6,218,0,0,'0','0000-00-00',''),(218,6,219,0,0,'0','0000-00-00',''),(219,7,1,10000000,10000000,'0','0000-00-00',''),(220,7,2,10000000,10000000,'1','0000-00-00',''),(221,7,4,10000000,10000000,'0','0000-00-00',''),(222,7,5,10000000,10000000,'0','0000-00-00',''),(223,7,7,10000000,10000000,'0','0000-00-00',''),(224,8,134,350000,350000,'0','0000-00-00',''),(225,8,135,350000,350000,'0','0000-00-00',''),(226,8,136,350000,350000,'0','0000-00-00',''),(227,8,137,350000,350000,'0','0000-00-00',''),(228,8,192,350000,350000,'0','0000-00-00',''),(229,8,193,350000,350000,'0','0000-00-00',''),(230,8,194,350000,350000,'0','0000-00-00',''),(231,8,195,350000,350000,'0','0000-00-00',''),(232,8,196,350000,350000,'0','0000-00-00',''),(233,8,197,350000,350000,'0','0000-00-00',''),(234,8,198,350000,350000,'0','0000-00-00',''),(235,8,199,350000,350000,'0','0000-00-00',''),(236,8,200,350000,350000,'0','0000-00-00',''),(237,8,201,350000,350000,'0','0000-00-00',''),(238,8,202,350000,350000,'0','0000-00-00',''),(239,8,203,350000,350000,'0','0000-00-00',''),(240,8,204,350000,350000,'0','0000-00-00',''),(241,8,205,350000,350000,'0','0000-00-00',''),(242,8,206,350000,350000,'0','0000-00-00',''),(243,8,207,350000,350000,'0','0000-00-00',''),(244,8,209,350000,350000,'0','0000-00-00',''),(245,8,211,350000,350000,'0','0000-00-00',''),(246,8,212,350000,350000,'0','0000-00-00',''),(247,8,213,350000,350000,'0','0000-00-00',''),(248,8,214,350000,350000,'0','0000-00-00',''),(249,8,215,350000,350000,'0','0000-00-00',''),(250,8,216,350000,350000,'0','0000-00-00',''),(251,8,217,350000,350000,'0','0000-00-00',''),(252,8,218,350000,350000,'0','0000-00-00',''),(253,8,219,350000,350000,'0','0000-00-00',''),(254,8,220,350000,350000,'0','0000-00-00',''),(255,8,221,350000,350000,'0','0000-00-00',''),(256,8,222,350000,350000,'0','0000-00-00',''),(257,8,223,350000,350000,'0','0000-00-00',''),(258,8,224,350000,350000,'0','0000-00-00',''),(259,8,225,350000,350000,'0','0000-00-00',''),(260,8,226,350000,350000,'0','0000-00-00',''),(261,8,232,350000,350000,'0','0000-00-00',''),(262,8,233,350000,350000,'0','0000-00-00',''),(263,8,234,350000,350000,'0','0000-00-00',''),(264,8,235,350000,350000,'0','0000-00-00',''),(265,8,236,350000,350000,'0','0000-00-00',''),(266,8,237,350000,350000,'0','0000-00-00',''),(267,8,238,350000,350000,'0','0000-00-00',''),(268,8,239,350000,350000,'0','0000-00-00',''),(269,8,240,350000,350000,'0','0000-00-00',''),(270,8,241,350000,350000,'0','0000-00-00',''),(271,8,242,350000,350000,'0','0000-00-00',''),(272,8,243,350000,350000,'0','0000-00-00',''),(273,8,244,350000,350000,'0','0000-00-00',''),(274,8,246,350000,350000,'0','0000-00-00',''),(275,8,247,350000,350000,'0','0000-00-00',''),(276,8,248,350000,350000,'0','0000-00-00',''),(277,8,249,350000,350000,'0','0000-00-00',''),(278,8,250,350000,350000,'0','0000-00-00',''),(279,8,251,350000,350000,'0','0000-00-00',''),(280,8,252,350000,350000,'0','0000-00-00',''),(281,8,253,350000,350000,'0','0000-00-00',''),(282,8,254,350000,350000,'0','0000-00-00',''),(283,8,255,350000,350000,'0','0000-00-00',''),(284,8,256,350000,350000,'0','0000-00-00',''),(285,8,257,350000,350000,'0','0000-00-00',''),(286,8,258,350000,350000,'0','0000-00-00',''),(287,8,259,350000,350000,'0','0000-00-00',''),(288,8,260,350000,350000,'0','0000-00-00',''),(289,8,261,350000,350000,'0','0000-00-00',''),(290,8,262,350000,350000,'0','0000-00-00',''),(291,8,263,350000,350000,'0','0000-00-00',''),(292,8,264,350000,350000,'0','0000-00-00',''),(293,8,265,350000,350000,'0','0000-00-00',''),(294,8,266,350000,350000,'0','0000-00-00',''),(295,8,267,350000,350000,'0','0000-00-00',''),(296,8,268,350000,350000,'0','0000-00-00',''),(297,8,269,350000,350000,'0','0000-00-00',''),(298,8,270,350000,350000,'0','0000-00-00',''),(299,8,271,350000,350000,'0','0000-00-00',''),(300,8,272,350000,350000,'0','0000-00-00',''),(301,8,273,350000,350000,'0','0000-00-00',''),(302,8,274,350000,350000,'0','0000-00-00',''),(303,8,275,350000,350000,'0','0000-00-00',''),(304,8,276,350000,350000,'0','0000-00-00',''),(305,8,277,350000,350000,'0','0000-00-00',''),(306,8,278,350000,350000,'0','0000-00-00',''),(307,8,279,350000,350000,'0','0000-00-00',''),(308,8,280,350000,350000,'0','0000-00-00',''),(309,8,281,350000,350000,'0','0000-00-00',''),(310,8,282,350000,350000,'0','0000-00-00',''),(311,8,284,350000,350000,'0','0000-00-00',''),(312,8,285,350000,350000,'0','0000-00-00',''),(313,8,286,350000,350000,'0','0000-00-00',''),(314,8,287,350000,350000,'0','0000-00-00',''),(315,8,288,350000,350000,'0','0000-00-00',''),(316,8,289,350000,350000,'0','0000-00-00',''),(317,8,290,350000,350000,'0','0000-00-00',''),(318,8,291,350000,350000,'0','0000-00-00',''),(319,8,292,350000,350000,'0','0000-00-00',''),(320,8,294,350000,350000,'0','0000-00-00',''),(321,8,295,350000,350000,'0','0000-00-00',''),(322,8,296,350000,350000,'0','0000-00-00',''),(323,8,297,350000,350000,'0','0000-00-00',''),(324,8,298,350000,350000,'0','0000-00-00',''),(325,8,299,350000,350000,'0','0000-00-00',''),(326,8,300,350000,350000,'0','0000-00-00',''),(327,8,301,350000,350000,'0','0000-00-00',''),(328,8,302,350000,350000,'0','0000-00-00',''),(329,8,303,350000,350000,'0','0000-00-00',''),(330,8,304,350000,350000,'0','0000-00-00',''),(331,8,305,350000,350000,'0','0000-00-00',''),(332,8,306,350000,350000,'0','0000-00-00',''),(333,8,307,350000,350000,'0','0000-00-00',''),(334,8,308,350000,350000,'0','0000-00-00',''),(335,8,309,350000,350000,'0','0000-00-00',''),(336,8,310,350000,350000,'0','0000-00-00',''),(337,8,311,350000,350000,'0','0000-00-00',''),(338,8,312,350000,350000,'0','0000-00-00',''),(339,8,313,350000,350000,'0','0000-00-00',''),(340,8,314,350000,350000,'0','0000-00-00',''),(341,8,315,350000,350000,'0','0000-00-00',''),(342,8,316,350000,350000,'0','0000-00-00',''),(343,8,319,350000,350000,'0','0000-00-00',''),(344,8,320,350000,350000,'0','0000-00-00',''),(345,8,321,350000,350000,'0','0000-00-00',''),(346,8,322,350000,350000,'0','0000-00-00',''),(347,8,323,350000,350000,'0','0000-00-00',''),(348,8,324,350000,350000,'0','0000-00-00',''),(349,8,325,350000,350000,'0','0000-00-00',''),(350,8,326,350000,350000,'0','0000-00-00',''),(351,8,327,350000,350000,'0','0000-00-00',''),(352,8,328,350000,350000,'0','0000-00-00',''),(353,8,329,350000,350000,'0','0000-00-00',''),(354,8,330,350000,350000,'0','0000-00-00',''),(355,8,331,350000,350000,'0','0000-00-00',''),(356,8,346,350000,350000,'0','0000-00-00',''),(357,8,392,350000,350000,'0','0000-00-00',''),(358,8,393,350000,350000,'0','0000-00-00',''),(359,8,394,350000,350000,'0','0000-00-00',''),(360,8,395,350000,350000,'0','0000-00-00',''),(361,8,396,350000,350000,'0','0000-00-00',''),(362,8,397,350000,350000,'0','0000-00-00',''),(363,8,398,350000,350000,'0','0000-00-00',''),(364,8,399,350000,350000,'0','0000-00-00',''),(365,8,400,350000,350000,'0','0000-00-00',''),(366,8,401,350000,350000,'0','0000-00-00',''),(367,8,402,350000,350000,'0','0000-00-00',''),(368,8,431,350000,350000,'0','0000-00-00',''),(369,8,432,350000,350000,'0','0000-00-00',''),(370,8,433,350000,350000,'0','0000-00-00',''),(371,8,434,350000,350000,'0','0000-00-00',''),(372,8,435,350000,350000,'0','0000-00-00',''),(373,8,436,350000,350000,'0','0000-00-00',''),(374,8,437,350000,350000,'0','0000-00-00',''),(375,8,441,350000,350000,'0','0000-00-00',''),(376,8,442,350000,350000,'0','0000-00-00',''),(377,8,443,350000,350000,'0','0000-00-00',''),(378,10,21,11304995,11305000,'0','0000-00-00',''),(379,10,44,11304995,11305000,'0','0000-00-00',''),(380,10,85,47381245,47381300,'0','0000-00-00',''),(381,10,86,31875000,31875000,'0','0000-00-00',''),(382,10,87,31875000,31875000,'0','0000-00-00',''),(383,10,88,30281250,30281300,'0','0000-00-00',''),(384,10,89,31875000,31875000,'0','0000-00-00',''),(385,10,90,30000000,30000000,'0','0000-00-00',''),(386,10,91,31875000,3187500,'0','0000-00-00',''),(387,10,92,30281250,7570400,'0','0000-00-00',''),(388,10,93,31875000,31875000,'0','0000-00-00',''),(389,10,94,31875000,31875000,'0','0000-00-00',''),(390,10,95,30281250,5046900,'0','0000-00-00',''),(391,10,96,31875000,31875000,'0','0000-00-00',''),(392,10,97,30000000,30000000,'0','0000-00-00',''),(393,10,98,30281250,30281300,'0','0000-00-00',''),(394,10,99,31875000,31875000,'0','0000-00-00',''),(395,10,100,31875000,31875000,'0','0000-00-00',''),(396,10,101,30281250,30281300,'0','0000-00-00',''),(397,10,146,0,0,'0','0000-00-00',''),(398,10,147,0,0,'0','0000-00-00',''),(399,10,148,0,0,'0','0000-00-00',''),(400,10,149,0,0,'0','0000-00-00',''),(401,10,150,0,0,'0','0000-00-00',''),(402,10,151,0,0,'0','0000-00-00',''),(403,10,152,0,0,'0','0000-00-00',''),(404,10,153,0,0,'0','0000-00-00',''),(405,10,154,0,0,'0','0000-00-00',''),(406,10,155,0,0,'0','0000-00-00',''),(407,10,156,0,0,'0','0000-00-00',''),(408,10,157,0,0,'0','0000-00-00',''),(409,10,158,0,0,'0','0000-00-00',''),(410,10,159,0,0,'0','0000-00-00',''),(411,10,160,0,0,'0','0000-00-00',''),(412,10,161,0,0,'0','0000-00-00',''),(413,10,162,0,0,'0','0000-00-00',''),(414,10,163,0,0,'0','0000-00-00',''),(415,10,164,0,0,'0','0000-00-00',''),(416,10,165,0,0,'0','0000-00-00',''),(417,10,166,0,0,'0','0000-00-00',''),(418,10,167,0,0,'0','0000-00-00',''),(419,10,168,0,0,'0','0000-00-00',''),(420,10,169,0,0,'0','0000-00-00',''),(421,10,170,0,0,'0','0000-00-00',''),(422,10,171,0,0,'0','0000-00-00',''),(423,10,172,0,0,'0','0000-00-00',''),(424,10,173,0,0,'0','0000-00-00',''),(425,10,174,0,0,'0','0000-00-00',''),(426,10,175,0,0,'0','0000-00-00',''),(427,10,176,0,0,'0','0000-00-00',''),(428,10,177,0,0,'0','0000-00-00',''),(429,10,178,0,0,'0','0000-00-00',''),(430,10,179,0,0,'0','0000-00-00',''),(431,10,180,0,0,'0','0000-00-00',''),(432,10,181,0,0,'0','0000-00-00',''),(433,10,182,0,0,'0','0000-00-00',''),(434,10,183,0,0,'0','0000-00-00',''),(435,10,184,0,0,'0','0000-00-00',''),(436,10,185,0,0,'0','0000-00-00',''),(437,10,204,0,0,'0','0000-00-00',''),(438,10,205,0,0,'0','0000-00-00',''),(439,10,206,0,0,'0','0000-00-00',''),(440,10,207,0,0,'0','0000-00-00',''),(441,10,208,0,0,'0','0000-00-00',''),(442,10,209,0,0,'0','0000-00-00',''),(443,10,210,0,0,'0','0000-00-00',''),(444,10,211,0,0,'0','0000-00-00',''),(445,10,214,0,0,'0','0000-00-00',''),(446,10,215,0,0,'0','0000-00-00',''),(447,10,216,0,0,'0','0000-00-00',''),(448,10,217,0,0,'0','0000-00-00',''),(449,10,218,0,0,'0','0000-00-00',''),(450,10,219,0,0,'0','0000-00-00',''),(451,10,220,0,0,'0','0000-00-00',''),(452,10,221,0,0,'0','0000-00-00',''),(453,10,222,0,0,'0','0000-00-00',''),(454,10,223,0,0,'0','0000-00-00',''),(455,10,224,0,0,'0','0000-00-00',''),(456,10,225,0,0,'0','0000-00-00',''),(457,10,226,0,0,'0','0000-00-00',''),(458,10,227,0,0,'0','0000-00-00',''),(459,10,228,0,0,'0','0000-00-00',''),(460,10,229,0,0,'0','0000-00-00',''),(461,10,230,0,0,'0','0000-00-00',''),(462,10,231,0,0,'0','0000-00-00',''),(463,10,232,0,0,'0','0000-00-00',''),(464,10,234,0,0,'0','0000-00-00',''),(465,10,235,0,0,'0','0000-00-00','');
/*!40000 ALTER TABLE `keu_pembayaran` ENABLE KEYS */;

#
# Source for table "keu_penerimaan"
#

DROP TABLE IF EXISTS `keu_penerimaan`;
CREATE TABLE `keu_penerimaan` (
  `replid` int(10) unsigned NOT NULL AUTO_INCREMENT,
  `reftipe` tinyint(3) unsigned NOT NULL DEFAULT '0',
  `refid` int(10) unsigned NOT NULL DEFAULT '0',
  `nominal` decimal(10,0) NOT NULL DEFAULT '0',
  PRIMARY KEY (`replid`)
) ENGINE=MyISAM DEFAULT CHARSET=latin1;

#
# Data for table "keu_penerimaan"
#

/*!40000 ALTER TABLE `keu_penerimaan` DISABLE KEYS */;
/*!40000 ALTER TABLE `keu_penerimaan` ENABLE KEYS */;

#
# Source for table "keu_penerimaanbrg"
#

DROP TABLE IF EXISTS `keu_penerimaanbrg`;
CREATE TABLE `keu_penerimaanbrg` (
  `replid` int(10) unsigned NOT NULL AUTO_INCREMENT,
  `nomerbukti` varchar(100) NOT NULL,
  `kodebrg` varchar(50) NOT NULL,
  `namabrg` varchar(100) NOT NULL,
  `unit` mediumint(8) unsigned NOT NULL DEFAULT '0',
  `satuan` varchar(10) NOT NULL,
  `nominal` decimal(10,0) NOT NULL DEFAULT '0',
  PRIMARY KEY (`replid`)
) ENGINE=MyISAM AUTO_INCREMENT=8 DEFAULT CHARSET=latin1;

#
# Data for table "keu_penerimaanbrg"
#

/*!40000 ALTER TABLE `keu_penerimaanbrg` DISABLE KEYS */;
INSERT INTO `keu_penerimaanbrg` VALUES (1,'AAA','ELKO001','',2,'unit',0),(2,'BBB','101','',1,'unit',20000),(3,'AA001','ELKO001','Macbook pro 15 inch',2,'unit',12000000),(4,'BB101','KEMTR0001','Supra X 125',1,'unit',15000000),(5,'AS989','ELKO001','Macbook pro 15 inch',1,'unit',12000000),(6,'ASD123','KEMTR0001','Supra X 125',1,'unit',18000000),(7,'ASDW123','ELKO001','Macbook pro 15 inch',1,'unit',12000000);
/*!40000 ALTER TABLE `keu_penerimaanbrg` ENABLE KEYS */;

#
# Source for table "keu_rekening"
#

DROP TABLE IF EXISTS `keu_rekening`;
CREATE TABLE `keu_rekening` (
  `replid` int(10) unsigned NOT NULL AUTO_INCREMENT,
  `kategorirek` int(10) unsigned NOT NULL,
  `kode` varchar(20) NOT NULL,
  `nama` varchar(100) NOT NULL,
  `nominal` decimal(10,0) NOT NULL,
  `keterangan` varchar(200) NOT NULL,
  PRIMARY KEY (`replid`)
) ENGINE=MyISAM AUTO_INCREMENT=360 DEFAULT CHARSET=latin1;

#
# Data for table "keu_rekening"
#

/*!40000 ALTER TABLE `keu_rekening` DISABLE KEYS */;
INSERT INTO `keu_rekening` VALUES (1,1,'111101','KAS KECIL',500000,'keterangan'),(2,1,'111102','KAS SATELIT',4500000,'ini saldo untuk :: kas satelit gan'),(3,1,'111103','KAS KERTAJAYA',2000000,''),(4,1,'111104','KAS RUNGKUT',0,''),(5,1,'111199','KAS DALAM PERJALANAN',0,''),(6,2,'111201','BCA AC NO. 5560060001',0,''),(7,2,'111202','BANK EKONOMI AC NO. 3031861275',0,''),(8,2,'111203','BCA AC NO. 4683800000',0,''),(9,2,'111204','DEPOSITO EKONOMI',0,''),(10,2,'111205','BANK MAYAPADA AC NO.201.300.17.000',0,''),(11,2,'111206','CIMB-NIAGA AC NO.216.01.00543.00.5 (dh.LIPPOBANK)',0,''),(12,2,'111207','DEPOSITO MAYAPADA/PANIN/CIMB',0,''),(13,2,'111208','DEPOSITO PANINBANK',0,''),(14,2,'111209','PANINBANK AC NO.448.50.8888.7',0,''),(15,2,'111210','MANDARI AC NO. 1420088800098',0,''),(16,2,'111211','BANK BCA 8290960101',0,''),(17,2,'111299','BANK DALAM PERJALANAN',0,''),(18,3,'111900','AYAT SILANG KAS DAN BANK',0,''),(19,3,'112100','TABUNGAN',0,''),(20,3,'112200','DEPOSITO BERJANGKA',0,''),(21,3,'112300','SURAT-SURAT BERHARGA',0,''),(22,3,'113100','PIUTANG USAHA',0,''),(23,3,'113200','PIUTANG YANG BELUM DIFAKTURKAN',0,''),(24,3,'113300','PIUTANG CEK/GIRO MUNDUR',0,''),(25,3,'113400','CADANGAN PIUTANG RAGU-RAGU',0,''),(26,3,'113500','PIUTANG DIREKSI',0,''),(27,3,'113600','PIUTANG KARYAWAN',0,''),(28,3,'113700','PIUTANG PIHAK III',0,''),(29,3,'113999','PIUTANG LAIN-LAIN',568272485,''),(30,3,'114100','UANG MUKA PEMBELIAN',0,''),(31,3,'114901','TANAH',0,''),(32,3,'114902','KENDARAAN',0,''),(33,3,'114903','MESIN DAN PERALATAN',0,''),(34,3,'114904','BANGUNAN',0,''),(35,3,'114905','INVENTARIS',0,''),(36,3,'114906','UANG MUKA PERJALANAN',0,''),(37,3,'114999','LAIN-LAIN',0,''),(38,3,'116121','PPH PASAL 21',0,''),(39,3,'116122','PPH PASAL 22',0,''),(40,3,'116123','PPH PASAL 23',0,''),(41,3,'116125','PPH PASAL 25',0,''),(42,3,'116126','PPH PASAL 26',0,''),(43,3,'116151','PPN MASUKAN YANG SUDAH DIKREDITKAN',0,''),(44,3,'116152','PPN MASUKAN YANG BELUM DIKREDITKAN',0,''),(45,3,'116201','ASURANSI',0,''),(46,3,'116202','SEWA',0,''),(47,3,'116203','BUNGA LEASING',0,''),(48,3,'116204','ONGKOS ANGKUT',0,''),(49,3,'116299','LAIN-LAIN',0,''),(50,3,'121000','PENYERTAAN DALAM SURAT BERHARGA',0,''),(51,3,'122000','PENYERTAAN DALAM AKTIVA TETAP',0,''),(52,3,'123000','PENYERTAAN LAIN-LAIN',0,''),(53,3,'141100','TANAH KANTOR',0,''),(54,3,'141251','PRASARANA JALAN',0,''),(55,3,'141252','PRASARANA SALURAN AIR',0,''),(56,3,'141253','PRASARANA TAMAN',0,''),(57,3,'141301','INSTALASI LISTRIK',0,''),(58,3,'141302','INSTALASI AIR',0,''),(59,3,'141303','INSTALASI TELEPON',0,''),(60,3,'141401','MESIN-MESIN',0,''),(61,3,'141451','MESIN-MESIN LEASING',0,''),(62,3,'141501','KENDARAAN',0,''),(63,3,'141551','KENDARAAN LEASING KANTOR',0,''),(64,3,'141601','INVENTARIS',0,''),(65,3,'145201','AKUM. PENY. BANGUNAN KANTOR',0,''),(66,3,'145202','AKUM. PENY. BANGUNAN KANTIN',0,''),(67,3,'145203','AKUM. PENY. BANGUNAN MESS',0,''),(68,3,'145251','AKUM. PENY. PRASARANA JALAN',0,''),(69,3,'145252','AKUM. PENY. PRASARANA SALURAN AIR',0,''),(70,3,'145253','AKUM. PENY. PRASARANA TAMAN',0,''),(71,3,'145301','AKUM. PENY. INSTALASI LISTRIK',0,''),(72,3,'145302','AKUM. PENY. INSTALASI AIR',0,''),(73,3,'145303','AKUM. PENY. INSTALASI TELPON',0,''),(74,3,'145401','AKUM. PENY. KENDARAAN KANTOR',0,''),(75,3,'145451','AKUM. PENY. KENDARAAN LEASING KANTOR',0,''),(76,3,'145501','AKUM. PENY. INVENTARIS KANTOR',0,''),(77,3,'145502','AKUM. PENY. INVENTARIS KANTIN',0,''),(78,3,'151000','GOODWILL',0,''),(79,3,'152000','HAK PATEN',0,''),(80,3,'153000','LISENSI',0,''),(81,3,'154000','AKTIVA TIDAK BERWUJUD LAIN-LAIN',0,''),(82,3,'161101','BIAYA PENDIRIAN',0,''),(83,3,'161102','GAJI, TUNJANGAN',0,''),(84,3,'161103','BIAYA PERJALANAN DINAS',0,''),(85,3,'161104','ALAT TULIS & KEPERLUAN KANTOR',0,''),(86,3,'161105','IJIN, LEGAL DAN PROFESIONAL FEE',0,''),(87,3,'161106','ENTERTAINMENT,REPRESEN,SUMBANGAN',0,''),(88,3,'161107','TELEPON, FAX, TELEGRAM, KIRIM SURAT',0,''),(89,3,'161108','BENSIN, PARKIR, TOL',0,''),(90,3,'161109','BIAYA ADMINISTRASI BANK',0,''),(91,3,'161110','BAHAN PENOLONG',0,''),(92,3,'161111','BIAYA IKLAN',0,''),(93,3,'161112','PAJAK-PAJAK',0,''),(94,3,'161113','REKENING LISTRIK, AIR',0,''),(95,3,'161114','BIAYA STNK, BBN, DLL',0,''),(96,3,'161115','BUNGA, FEE, PROVISI BANK, DLL',0,''),(97,3,'161116','BIAYA PERESMIAN',0,''),(98,3,'161117','BIAYA BAHAN BAKAR',0,''),(99,3,'161118','REPARASI & PEMELIHARAAN KANTOR',0,''),(100,3,'161119','TRAINING, SEMINAR, TEST, DLL',0,''),(101,3,'161120','BIAYA MAKAN DAN MINUM',0,''),(102,3,'161121','PPH PASAL 21',0,''),(103,3,'161122','PPH PASAL 22',0,''),(104,3,'161123','PPH PASAL 23',0,''),(105,3,'161124','REPARASI & PEMELIHARAAN KENDARAAN',0,''),(106,3,'161125','REPARASI & PEMELIHARAAN MESS',0,''),(107,3,'161126','REPARASI & PEMELIHARAAN TANKI',0,''),(108,3,'161127','BIAYA PENGURUSAN LISTRIK',0,''),(109,3,'161128','REPARASI & PEMELIHARAAN BOTOL',0,''),(110,3,'161129','BIAYA SEWA GEDUNG',0,''),(111,3,'161130','BIAYA BUNGA LEASING',0,''),(112,3,'161143','SELISIH KURS',0,''),(113,3,'161144','BIAYA BUNGA PINJAMAN',0,''),(114,3,'161145','IURAN DAN ASURANSI',0,''),(115,3,'161146','BIAYA KEAMANAN',0,''),(116,3,'161148','BIAYA PRA-OPERASI LAIN-LAIN',0,''),(117,3,'161151','PENDAPATAN JASA GIRO',0,''),(118,3,'161152','PENDAPATAN BUNGA DEPOSITO',0,''),(119,3,'161153','PENDAPATAN BUNGA BANK',0,''),(120,3,'161154','PENDAPATAN BUNGA PIHAK III',0,''),(121,3,'161199','PENDAPATAN PRA-OPERASI LAIN-LAIN',0,''),(122,3,'161500','AKUM.AMORTISASI BIAYA PRA-OPERASI',0,''),(123,3,'162100','UANG JAMINAN LISTRIK',0,''),(124,3,'162200','UANG JAMINAN TELEPON',0,''),(125,3,'163000','BIAYA YANG DITANGGUHKAN',0,''),(126,3,'164000','BUNGA DALAM MASA KONSTRUKSI (IDC)',0,''),(127,3,'165201','BANGUNAN ',0,''),(128,3,'165301','INSTALASI LISTRIK',0,''),(129,3,'165302','INSTALASI AIR',0,''),(130,3,'165303','INSTALASI TELEPON',0,''),(131,3,'166000','BIAYA PENELITIAN DAN PENGEMBANGAN',0,''),(132,3,'169000','AKTIVA LAIN-LAIN',0,''),(133,4,'211101','BANK',0,''),(134,4,'211201','BANK',0,''),(135,4,'211501','BANK',0,''),(136,4,'211601','BANK',0,''),(137,4,'212100','HUTANG USAHA',0,''),(138,4,'212200','HUTANG YANG BELUM DIFAKTURKAN',0,''),(139,4,'212300','HUTANG CEK/BILYET GIRO MUNDUR',0,''),(140,4,'212901','HUTANG PIHAK KETIGA',0,''),(141,4,'212902','HUTANG PERSEDIAAN',0,''),(142,4,'212903','HUTANG KENDARAAN',0,''),(143,4,'212904','HUTANG BANGUNAN',0,''),(144,4,'212905','HUTANG INVENTARIS',0,''),(145,4,'212906','HUTANG VOUCHER',0,''),(146,4,'212907','HUTANG KPD GKA ELYON',0,''),(147,4,'212999','LAIN-LAIN',0,''),(148,4,'213100','UANG MUKA PENJUALAN',0,''),(149,4,'213900','UANG MUKA LAIN-LAIN',0,''),(150,4,'214104','PPH PASAL 4 AYAT 2',0,''),(151,4,'214121','PPH PASAL 21',0,''),(152,4,'214122','PPH PASAL 22',0,''),(153,4,'214123','PPH PASAL 23',0,''),(154,4,'214125','PPH PASAL 25',0,''),(155,4,'214126','PPH PASAL 26',0,''),(156,4,'214129','PPH PASAL 29',0,''),(157,4,'214151','PPN KELUARAN YANG SUDAH DIFAKTURKAN',0,''),(158,4,'214152','PPN KELUARAN YANG BELUM DIFAKTURKAN',0,''),(159,4,'214201','BUNGA',0,''),(160,4,'214202','SEWA',0,''),(161,4,'214203','GAJI DAN HONOR',0,''),(162,4,'214204','MAKAN DAN LEMBUR',0,''),(163,4,'214205','LISTRIK',0,''),(164,4,'214206','TUNJANGAN TRANSPORT-MAINTENANCE',0,''),(165,4,'214207','TELEPON',0,''),(166,4,'214208','SURAT KABAR/MAJALAH',0,''),(167,4,'214209','KOMISI',0,''),(168,4,'214210','BIAYA ADMINISTRASI BANK',0,''),(169,4,'214211','PAJAK WAPU/WAJIB PUNGUT',0,''),(170,4,'214212','JAMSOSTEK',0,''),(171,4,'214213','PREMI DISTRIBUSI',0,''),(172,4,'214214','ONGKOS ANGKUT',0,''),(173,4,'214299','LAIN-LAIN',0,''),(174,4,'215121','PPH PASAL 21',0,''),(175,4,'215122','PPH PASAL 22',0,''),(176,4,'215123','PPH PASAL 23',0,''),(177,4,'215125','PPH PASAL 25',0,''),(178,4,'215201','PPN KELUARAN',0,''),(179,4,'215202','PPN EKS KEPPRES',0,''),(180,4,'216101','HUTANG LEASING KENDARAAN',0,''),(181,4,'219101','HUTANG DEVIDEN',0,''),(182,4,'219199','LAIN-LAIN',0,''),(183,4,'221101','BANK',0,''),(184,4,'221201','BANK',0,''),(185,4,'22210','HUTANG LEASING KENDARAAN',0,''),(186,4,'223000','HUTANG PADA PEMEGANG SAHAM',0,''),(187,4,'230000','HUTANG LAIN - LAIN',0,''),(188,4,'240000','HUTANG YG. DISUBORDINASI',0,''),(189,4,'250000','KEWAJIBAN BERSYARAT',0,''),(190,5,'311101','TIDAK TERIKAT',0,''),(191,5,'312101','TEMPORER...........',0,''),(192,5,'312201','PERMANEN......',0,''),(193,6,'411101','DANA DARI DONATUR',0,''),(194,6,'411102','DPP (DANA PEMBANGUNAN & PENGEMBANGAN)',0,''),(195,6,'411103','DANA JOINING',0,''),(196,6,'411104','DPP SUKARELA (DANA PEMBANGUNAN & PENGEMBANGAN)',0,''),(197,6,'411105','DANA STUDENT EXCHANGE',0,''),(198,6,'411201','SUMBANGAN TERIKAT TEMPORER',0,''),(199,6,'411202','SUMBANGAN TERIKAT PERMANEN',0,''),(200,6,'412101','PENJUALAN FORMULIR + PSIKOTES',14,''),(201,6,'412102','UANG KEG. EKSTRAKURIKULER',0,''),(202,6,'412103','UANG PENDAFTARAN ULANG',0,''),(203,6,'412104','UANG SEKOLAH',0,''),(204,6,'412105','PENDAPATAN PENJUALAN SERAGAM',0,''),(205,6,'412106','PENDAPATAN PENJUALAN BUKU',0,''),(206,6,'412107','PENDAPATAN PENJUALAN CD/VCD/DVD',0,''),(207,6,'412108','PENDAPATAN LAIN-LAIN',0,''),(208,6,'412109','PENDAPATAN LUNCH',0,''),(209,6,'412110','PENDAPATAN STATIONERY DAN HANDOUT, MATERIAL FEE',0,''),(210,6,'412111','DENDA KETERLAMBATAN BAYAR UANG SEKOLAH',0,''),(211,6,'412112','PENDAPATAN CHECK POINT',0,''),(212,6,'412113','PENDAPATAN UJIAN HSK',0,''),(213,6,'412114','PENDAPATAN DAY CARE',0,''),(214,6,'421101','PENGHASILAN INVESTASI TIDAK TERIKAT JANGKA PANJANG',0,''),(215,6,'421102','PENGHASILAN INVESTASI TIDAK TERIKAT LAIN-LAIN',0,''),(216,6,'421103','PENGHASILAN INVESTASI TIDAK TERIKAT JANGKA PANJANG ',0,''),(217,6,'421201','PENGHASILAN INVESTASI TERIKAT TEMPORER',0,''),(218,6,'421202','PENGHASILAN INVESTASI TERIKAT PERMANEN',0,''),(219,7,'511101','GAJI',0,''),(220,7,'511102','HONOR',0,''),(221,7,'511103','LEMBUR',0,''),(222,7,'511104','PESANGON',0,''),(223,7,'511105','UANG MAKAN',0,''),(224,7,'511106','BONUS',0,''),(225,7,'511107','TUNJANGAN HARI RAYA',0,''),(226,7,'511108','PPH PASAL 21',0,''),(227,7,'511109','KESEJAHTERAAN KARYAWAN',0,''),(228,7,'511110','JAMINAN KECELAKAAN KERJA ( JKK )',0,''),(229,7,'511111','JAMINAN KEMATIAN ( JKM )',0,''),(230,7,'511112','JAMINAN HARI TUA ( JHT )',0,''),(231,7,'511113','JAMINAN PEMELIHARAAN KESEHATAN (JPK)',0,''),(232,7,'511114','TUNJANGAN DANA PENSIUN',0,''),(233,7,'511115','TUNJANGAN KESEHATAN',0,''),(234,7,'511116','TUNJANGAN TRANSPORT',0,''),(235,7,'511117','JAMSOSTEK',0,''),(236,7,'511119','PREMI ',0,''),(237,7,'511199','TUNJANGAN LAIN-LAIN',0,''),(238,7,'512101','BI.BAHAN PERB. & PEMELIHARAAN BANGUNAN & PRASARANA',0,''),(239,7,'512102','BI.BAHAN PERB. & PEMELIHARAAN KEND.',0,''),(240,7,'512103','BI.BAHAN PERB. & PEMELIHARAAN INVENTARIS',0,''),(241,7,'512199','BI.BAHAN PERB. & PEMELIHARAAN LAIN-LAIN',0,''),(242,7,'512201','PENYUSUTAN BANGUNAN & PRASARANA',0,''),(243,7,'512202','PENYUSUTAN KENDARAAN',0,''),(244,7,'512203','PENYUSUTAN INVENTARIS',0,''),(245,7,'512204','PENYUSUTAN INSTALASI',0,''),(246,7,'512301','TRANSPORTASI ( BENSIN, TIKET )',0,''),(247,7,'512302','MAKANAN & MINUMAN',0,''),(248,7,'512303','PENGINAPAN',0,''),(249,7,'512304','UANG SAKU',0,''),(250,7,'512399','LAIN-LAIN ( PARKIR, TOL )',0,''),(251,7,'512401','SEWA BANGUNAN',0,''),(252,7,'512402','SEWA KENDARAAN',0,''),(253,7,'512403','SEWA INVENTARIS KANTOR',0,''),(254,7,'512451','ASURANSI BANGUNAN',0,''),(255,7,'512452','ASURANSI KENDARAAN',0,''),(256,7,'512453','ASURANSI INVENTARIS',0,''),(257,7,'512501','TELEPON',0,''),(258,7,'512502','TELEX',0,''),(259,7,'512503','TELEGRAM',0,''),(260,7,'512504','INTERLOKAL NON TELEPON INTERN',0,''),(261,7,'512505','FACSIMILE',0,''),(262,7,'512599','LAIN - LAIN',0,''),(263,7,'512601','AIR',0,''),(264,7,'512602','LISTRIK',0,''),(265,7,'512603','ALAT-ALAT LISTRIK',0,''),(266,7,'512701','AKUNTAN',0,''),(267,7,'512702','NOTARIS',0,''),(268,7,'512703','KONSULTAN',0,''),(269,7,'512704','MANAGEMENT FEE',0,''),(270,7,'512801','ADMINISTRASI BANK',0,''),(271,7,'512802','BUKU CEK / BG',0,''),(272,7,'512803','TRANSFER, KIRIM UANG , INKASO',0,''),(273,7,'512804','PAJAK BUNGA BANK',0,''),(274,7,'512901','BIAYA ADMINISTRASI KENDARAAN',0,''),(275,7,'512902','BIAYA BUNGA ANGSURAN KENDARAAN',0,''),(276,7,'512903','BIAYA BUNGA KREDIT BANK',0,''),(277,7,'513101','ALAT - ALAT TULIS, PERCETAKAN & ALAT KANTOR',0,''),(278,7,'513102','PERANGKO, MATERAI, KIRIM SURAT',0,''),(279,7,'513103','FOTOCOPY/LAMINATING/CETAK FOTO',0,''),(280,7,'513104','ALAT - ALAT PENGAJARAN ',0,''),(281,7,'513105','PERLENGKAPAN KELAS',0,''),(282,7,'513106','JASA PEMBELAJARAN',0,''),(283,7,'513201','PERIJINAN',0,''),(284,7,'513202','PAJAK - PAJAK DAERAH,PBB',0,''),(285,7,'513203','STNK',0,''),(286,7,'513211','RETRIBUSI SAMPAH',0,''),(287,7,'513301','SUMBANGAN',0,''),(288,7,'513302','ENTERTAINMENT',0,''),(289,7,'513303','JAMUAN ',0,''),(290,7,'513401','KEAMANAN',0,''),(291,7,'513501','PENDAFTARAN',0,''),(292,7,'513502','IURAN',0,''),(293,7,'513601','BIAYA PENGOBATAN',0,''),(294,7,'513701','MAKANAN DAN MINUMAN',0,''),(295,7,'513702','BAHAN BAKAR DAN PARKIR/TRANSPORT',0,''),(296,7,'513703','SERAGAM ',0,''),(297,7,'513704','SEWA DISPENSER',0,''),(298,7,'513705','OLAH RAGA DAN KESENIAN',0,''),(299,7,'513706','BIAYA TRAINING, SEMINAR DAN STUDI BANDING',0,''),(300,7,'513707','BUKU, VCD',0,''),(301,7,'513708','ATRIBUT SEKOLAH',0,''),(302,7,'513709','BIAYA PSIKOTES',0,''),(303,7,'513710','BIAYA ADVERTENSI ( IKLAN )',0,''),(304,7,'513711','BIAYA STUDY TOUR',0,''),(305,7,'513712','BIAYA PERLOMBAAN & PERAYAAN',0,''),(306,7,'513713','STIKER U/ MURID',0,''),(307,7,'513714','BIAYA TES KESEHATAN',0,''),(308,7,'513715','BIAYA KOMISI PENGEMBANGAN',0,''),(309,7,'513716','BIAYA PAMERAN',0,''),(310,7,'513799','LAIN - LAIN',0,''),(311,7,'513801','KANTIN',0,''),(312,7,'513802','DAPUR',0,''),(313,7,'513803','BIAYA KEBERSIHAN',0,''),(314,7,'513804','BIAYA KEPERLUAN KEBUN/TAMAN',0,''),(315,7,'513805','JASA CLEANING SERVICE',0,''),(316,7,'513806','',0,''),(317,7,'513807','BIAYA MESS',0,''),(318,7,'513901','SELAMATAN',0,''),(319,7,'513902','BIAYA PENGURUSAN SURAT LAIN - LAIN',0,''),(320,7,'513903','DENDA PAJAK',0,''),(321,7,'513904','KOREKSI TAHUN LALU',0,''),(322,7,'513998','LAIN - LAIN (SELISIH KURS)',0,''),(323,7,'513999','LAIN - LAIN (SELISIH KAS)',0,''),(324,7,'514001','TRANSPORT',0,''),(325,7,'514002','MAKAN & MINUM (RAPAT)',0,''),(326,7,'514099','LAIN-LAIN',0,''),(327,7,'514101','BUKU',0,''),(328,7,'514102','VCD',0,''),(329,7,'514103','SERAGAM ',0,''),(330,7,'514104','ATRIBUT SEKOLAH',0,''),(331,7,'514105','BIAYA PSIKOTES',0,''),(332,7,'514106','BIAYA STUDY TOUR/FIELD TRIP',0,''),(333,7,'514107','BIAYA PERLOMBAAN ',0,''),(334,7,'514108','EKSTRAKURIKULER',0,''),(335,7,'514109','BIAYA STUDENT EXCHANGE',0,''),(336,7,'514110','BIAYA CHECK POINT',0,''),(337,7,'514199','LAIN - LAIN',0,'');
/*!40000 ALTER TABLE `keu_rekening` ENABLE KEYS */;

#
# Source for table "keu_saldoawal"
#

DROP TABLE IF EXISTS `keu_saldoawal`;
CREATE TABLE `keu_saldoawal` (
  `replid` int(11) NOT NULL AUTO_INCREMENT,
  `departemen` int(10) DEFAULT NULL,
  `saldo` decimal(10,0) DEFAULT NULL,
  PRIMARY KEY (`replid`)
) ENGINE=InnoDB DEFAULT CHARSET=latin1;

#
# Data for table "keu_saldoawal"
#


#
# Source for table "keu_saldorekening"
#

DROP TABLE IF EXISTS `keu_saldorekening`;
CREATE TABLE `keu_saldorekening` (
  `replid` int(10) NOT NULL AUTO_INCREMENT,
  `rekening` int(10) DEFAULT NULL,
  `tahunbuku` int(10) DEFAULT NULL,
  `nominal` decimal(10,0) DEFAULT '0',
  PRIMARY KEY (`replid`)
) ENGINE=InnoDB AUTO_INCREMENT=493 DEFAULT CHARSET=latin1;

#
# Data for table "keu_saldorekening"
#

INSERT INTO `keu_saldorekening` VALUES (155,1,1,0),(156,2,1,90000),(157,3,1,0),(158,4,1,455555),(159,5,1,0),(160,6,1,0),(161,7,1,0),(162,8,1,0),(163,9,1,0),(164,10,1,0),(165,11,1,0),(166,12,1,0),(167,13,1,0),(168,14,1,0),(169,15,1,0),(170,16,1,0),(171,17,1,0),(172,18,1,0),(173,19,1,0),(174,20,1,0),(175,21,1,0),(176,22,1,0),(177,23,1,0),(178,24,1,0),(179,25,1,0),(180,26,1,0),(181,27,1,0),(182,28,1,0),(183,29,1,0),(184,30,1,0),(185,31,1,0),(186,32,1,0),(187,33,1,0),(188,34,1,0),(189,35,1,0),(190,36,1,0),(191,37,1,0),(192,38,1,0),(193,39,1,0),(194,40,1,0),(195,41,1,0),(196,42,1,0),(197,43,1,0),(198,44,1,0),(199,45,1,0),(200,46,1,0),(201,47,1,0),(202,48,1,0),(203,49,1,0),(204,50,1,0),(205,61,1,0),(206,62,1,0),(207,63,1,0),(208,64,1,0),(209,65,1,0),(210,66,1,0),(211,67,1,0),(212,68,1,0),(213,69,1,0),(214,70,1,0),(215,71,1,0),(216,72,1,0),(217,73,1,0),(218,74,1,0),(219,75,1,0),(220,76,1,0),(221,77,1,0),(222,78,1,0),(223,79,1,0),(224,80,1,0),(225,331,1,0),(226,332,1,0),(227,333,1,0),(228,334,1,0),(229,335,1,0),(230,336,1,0),(231,337,1,0),(232,340,1,0),(233,53,1,0),(234,54,1,0),(235,55,1,0),(236,56,1,0),(237,57,1,0),(238,58,1,0),(239,59,1,0),(240,60,1,0),(241,81,1,0),(242,82,1,0),(243,323,1,0),(244,324,1,0),(245,325,1,0),(246,326,1,0),(247,327,1,0),(248,328,1,0),(249,329,1,0),(250,330,1,0),(251,315,1,0),(252,316,1,0),(253,317,1,0),(254,318,1,0),(255,319,1,0),(256,320,1,0),(257,321,1,0),(258,322,1,0),(259,307,1,0),(260,308,1,0),(261,309,1,0),(262,310,1,0),(263,311,1,0),(264,312,1,0),(265,313,1,0),(266,314,1,0),(267,299,1,0),(268,300,1,0),(269,301,1,0),(270,302,1,0),(271,303,1,0),(272,304,1,0),(273,305,1,0),(274,306,1,0),(275,291,1,0),(276,292,1,0),(277,293,1,0),(278,294,1,0),(279,295,1,0),(280,296,1,0),(281,297,1,0),(282,298,1,0),(283,283,1,0),(284,284,1,0),(285,285,1,0),(286,286,1,0),(287,287,1,0),(288,288,1,0),(289,289,1,0),(290,290,1,0),(291,275,1,0),(292,276,1,0),(293,277,1,0),(294,278,1,0),(295,279,1,0),(296,280,1,0),(297,281,1,0),(298,282,1,0),(299,267,1,0),(300,268,1,0),(301,269,1,0),(302,270,1,0),(303,271,1,0),(304,272,1,0),(305,273,1,0),(306,274,1,0),(307,259,1,0),(308,260,1,0),(309,261,1,0),(310,262,1,0),(311,263,1,0),(312,264,1,0),(313,265,1,0),(314,266,1,0),(315,251,1,0),(316,252,1,0),(317,253,1,0),(318,254,1,0),(319,255,1,0),(320,256,1,0),(321,257,1,0),(322,258,1,0),(323,243,1,0),(324,244,1,0),(325,245,1,0),(326,246,1,0),(327,247,1,0),(328,248,1,0),(329,249,1,0),(330,250,1,0),(331,235,1,0),(332,236,1,0),(333,237,1,0),(334,238,1,0),(335,239,1,0),(336,240,1,0),(337,241,1,0),(338,242,1,0),(339,227,1,0),(340,228,1,0),(341,229,1,0),(342,230,1,0),(343,231,1,0),(344,232,1,0),(345,233,1,0),(346,234,1,0),(347,219,1,0),(348,220,1,0),(349,221,1,0),(350,222,1,0),(351,223,1,0),(352,224,1,0),(353,225,1,0),(354,226,1,0),(355,211,1,0),(356,212,1,0),(357,213,1,0),(358,214,1,0),(359,215,1,0),(360,216,1,0),(361,217,1,0),(362,218,1,0),(363,203,1,0),(364,204,1,0),(365,205,1,0),(366,206,1,0),(367,207,1,0),(368,208,1,0),(369,209,1,0),(370,210,1,0),(371,195,1,0),(372,196,1,0),(373,197,1,0),(374,198,1,0),(375,199,1,0),(376,200,1,0),(377,201,1,0),(378,202,1,0),(379,187,1,0),(380,188,1,0),(381,189,1,0),(382,190,1,0),(383,191,1,0),(384,192,1,0),(385,193,1,0),(386,194,1,0),(387,179,1,0),(388,180,1,0),(389,181,1,0),(390,182,1,0),(391,183,1,0),(392,184,1,0),(393,185,1,0),(394,186,1,0),(395,171,1,0),(396,172,1,0),(397,173,1,0),(398,174,1,0),(399,175,1,0),(400,176,1,0),(401,177,1,0),(402,178,1,0),(403,163,1,0),(404,164,1,0),(405,165,1,0),(406,166,1,0),(407,167,1,0),(408,168,1,0),(409,169,1,0),(410,170,1,0),(411,155,1,0),(412,156,1,0),(413,157,1,0),(414,158,1,0),(415,159,1,0),(416,160,1,0),(417,161,1,0),(418,162,1,0),(419,147,1,0),(420,148,1,0),(421,149,1,0),(422,150,1,0),(423,151,1,0),(424,152,1,0),(425,153,1,0),(426,154,1,0),(427,139,1,0),(428,140,1,0),(429,141,1,0),(430,142,1,0),(431,143,1,0),(432,144,1,0),(433,145,1,0),(434,146,1,0),(435,131,1,0),(436,132,1,0),(437,133,1,0),(438,134,1,0),(439,135,1,0),(440,136,1,0),(441,137,1,0),(442,138,1,0),(443,123,1,0),(444,124,1,0),(445,125,1,0),(446,126,1,0),(447,127,1,0),(448,128,1,0),(449,129,1,0),(450,130,1,0),(451,115,1,0),(452,116,1,0),(453,117,1,0),(454,118,1,0),(455,119,1,0),(456,120,1,0),(457,121,1,0),(458,122,1,0),(459,107,1,0),(460,108,1,0),(461,109,1,0),(462,110,1,0),(463,111,1,0),(464,112,1,0),(465,113,1,0),(466,114,1,0),(467,99,1,0),(468,100,1,0),(469,101,1,0),(470,102,1,0),(471,103,1,0),(472,104,1,0),(473,105,1,0),(474,106,1,0),(475,91,1,0),(476,92,1,0),(477,93,1,0),(478,94,1,0),(479,95,1,0),(480,96,1,0),(481,97,1,0),(482,98,1,0),(483,83,1,0),(484,84,1,0),(485,85,1,0),(486,86,1,0),(487,87,1,0),(488,88,1,0),(489,89,1,0),(490,90,1,0),(491,51,1,0),(492,52,1,0);

#
# Source for table "keu_tahunbuku"
#

DROP TABLE IF EXISTS `keu_tahunbuku`;
CREATE TABLE `keu_tahunbuku` (
  `replid` int(10) unsigned NOT NULL AUTO_INCREMENT,
  `nama` varchar(100) NOT NULL,
  `tanggal1` date NOT NULL DEFAULT '0000-00-00',
  `tanggal2` date NOT NULL DEFAULT '0000-00-00',
  `kode` varchar(20) NOT NULL,
  `saldoawal` decimal(10,0) NOT NULL DEFAULT '0',
  `aktif` enum('1','0') NOT NULL DEFAULT '1',
  `keterangan` varchar(200) NOT NULL,
  PRIMARY KEY (`replid`)
) ENGINE=MyISAM AUTO_INCREMENT=16 DEFAULT CHARSET=latin1;

#
# Data for table "keu_tahunbuku"
#

/*!40000 ALTER TABLE `keu_tahunbuku` DISABLE KEYS */;
INSERT INTO `keu_tahunbuku` VALUES (1,'2014','2014-01-01','0000-00-00','',5000000,'1','Kas Kecil Rungkut'),(3,'2015','2015-02-17','0000-00-00','',800000,'0','saldo awal tahun 2015');
/*!40000 ALTER TABLE `keu_tahunbuku` ENABLE KEYS */;

#
# Source for table "keu_transaksi"
#

DROP TABLE IF EXISTS `keu_transaksi`;
CREATE TABLE `keu_transaksi` (
  `replid` int(10) unsigned NOT NULL AUTO_INCREMENT,
  `tahunbuku` int(10) unsigned NOT NULL DEFAULT '0',
  `nomer` varchar(50) NOT NULL,
  `nobukti` varchar(50) NOT NULL,
  `tanggal` date NOT NULL DEFAULT '0000-00-00',
  `rekkas` int(10) unsigned NOT NULL DEFAULT '0',
  `rekitem` int(10) unsigned NOT NULL DEFAULT '0',
  `nominal` decimal(10,0) NOT NULL DEFAULT '0',
  `uraian` varchar(250) NOT NULL,
  `modul` int(10) unsigned NOT NULL DEFAULT '0',
  `kategori` int(10) unsigned NOT NULL DEFAULT '0',
  `pembayaran` int(10) unsigned NOT NULL DEFAULT '0',
  `penerimaanbrg` int(10) unsigned NOT NULL DEFAULT '0',
  `jenis` tinyint(4) NOT NULL DEFAULT '0',
  `budget` int(10) unsigned NOT NULL DEFAULT '0',
  `ct` int(10) unsigned NOT NULL DEFAULT '0',
  PRIMARY KEY (`replid`)
) ENGINE=MyISAM AUTO_INCREMENT=25 DEFAULT CHARSET=latin1;

#
# Data for table "keu_transaksi"
#

/*!40000 ALTER TABLE `keu_transaksi` DISABLE KEYS */;
INSERT INTO `keu_transaksi` VALUES (2,1,'BKM-0001/03/2014','BKM-0001/3/14','2014-03-06',1,193,300000,'Penerimaan dari donatur',0,0,0,0,3,0,1),(3,1,'MMJ-0002/04/2014','','2014-04-07',0,0,0,'Target pendapatan sekolah tahun ajaran 2014-2015.',0,0,0,0,0,0,2),(4,2,'BKK-0003/07/2013','050713','2013-07-05',4,263,100000,'PDAM Juni',0,0,0,0,4,0,3),(5,1,'BKK-0004/04/2014','','2014-04-08',4,263,100000,'PDAM',0,0,0,0,4,0,4),(6,1,'BBM-0005/04/2014','','2014-04-08',14,194,300000,'Pembayaran Pendaftaran Tahun Ajaran 2014-2015.\nCalon siswa: Kaitlynn Tiffany L.. No. pendaftaran: PMB2014140001.',0,3,1,0,2,0,5),(7,1,'BBM-0006/04/2014','','2014-04-08',6,194,300000,'Pembayaran Pendaftaran Tahun Ajaran 2014-2015.\nCalon siswa: Trevor Yongnardi. No. pendaftaran: PMB2014140007.',0,3,2,0,2,0,6),(8,1,'BKK-0007/04/2014','','2014-04-08',4,35,4500000,'komputer',0,0,0,0,4,0,7),(9,1,'MMJ-0008/04/2014','','2014-04-08',0,0,0,'Target pendapatan uang pangkal angkatan 2013.',0,0,0,0,0,0,8),(12,1,'MMJ-0010/02/2015','','2015-02-26',0,0,0,'Target pendapatan uang pangkal angkatan 2016.',0,0,0,0,0,0,10),(13,1,'BKK-0011/02/2014','','2014-02-26',2,19,2500000,'ini uraian pot bunga',0,0,0,0,4,2,11),(14,1,'BKM-0012/02/2015','','2015-02-27',1,19,100000,'masuk',0,0,0,0,3,0,12),(15,1,'BKM-0013/02/2015','','2015-02-27',1,208,200000,'',0,0,0,0,3,0,13),(16,1,'MMJ-0014/03/2015','','2015-03-06',0,0,60000000,'Target pendapatan sekolah tahun ajaran 2014-2015.',0,0,0,0,0,0,14),(17,1,'BKM-0015/03/2015','','2015-03-06',1,29,1000000,'Pembayaran Uang sekolah tahun ajaran 2014-2015 (Aktif).\nSiswa: Adinda Irtya Mahardika. No. pendaftaran: 1004.',0,1,163,0,1,0,15),(18,1,'MMJ-0016/03/2015','','2015-03-06',0,0,50000000,'Target pendapatan uang pangkal angkatan 2013.',0,0,0,0,0,0,16),(19,1,'BKM-0017/03/2015','','2015-03-06',1,29,10000000,'Pembayaran Uang pangkal angkatan 2013.\nSiswa: Raden Aditya Putra. No. pendaftaran: 1002.',0,1,220,0,1,0,17),(20,1,'BKM-0018/03/2015','','2015-03-06',1,197,500000,'studi',0,0,0,0,3,0,18),(21,1,'BKM-0019/03/2015','','2015-03-06',1,203,500000,'',0,0,0,0,3,0,19),(22,1,'20','','0000-00-00',200,2,14,'350000',0,0,3,0,127,0,2015),(23,1,'MMJ-2016/03/2015','','2015-03-06',0,0,0,'Target pendapatan uang pangkal angkatan 2014.',0,0,0,0,0,0,2016),(24,1,'MMJ-2017/03/2015','','2015-03-06',0,0,568272485,'Target pendapatan uang pangkal angkatan 2014.',0,0,0,0,0,0,2017);
/*!40000 ALTER TABLE `keu_transaksi` ENABLE KEYS */;

/*!40014 SET FOREIGN_KEY_CHECKS=@OLD_FOREIGN_KEY_CHECKS */;
/*!40014 SET UNIQUE_CHECKS=@OLD_UNIQUE_CHECKS */;
/*!40111 SET SQL_NOTES=@OLD_SQL_NOTES */;
/*!40101 SET SQL_MODE=@OLD_SQL_MODE */;
/*!40101 SET CHARACTER_SET_CLIENT=@OLD_CHARACTER_SET_CLIENT */;
/*!40101 SET CHARACTER_SET_RESULTS=@OLD_CHARACTER_SET_RESULTS */;
/*!40101 SET COLLATION_CONNECTION=@OLD_COLLATION_CONNECTION */;
